:10000000000200206D0F0000090F0000C50E000067
:10001000190F0000290F0000390F00000000000038
:10002000000000000000000000000000A90E000019
:10003000490F0000000000005D0E0000590F000095
:100040009FA9000029B50000C5AF0000B91200004B
:10005000D51200009FA900009FA900009FA90000E1
:100060009FA90000ADAD0000B3AD00009FA9000046
:100070009FA900009FA900009FA900009FA9000060
:100080009FA90000C9AA00009FA900009FA9000025
:100090009FA900009FA900009FA900009FA9000040
:1000A0009FA900009FA90000B9AD0000BFAD0000EE
:1000B0009FA900009FA900000000000000000000B0
:1000C0009FA900009FA900009FA90000F112000055
:1000D0009FA900009FA900009FA900009FA9000000
:1000E0009FA900009FA900009FA900000000000038
:1000F000000000009FA90000000000000D13000098
:1001000070B50D4681890446164619B14268074804
:100110000FF054FD294632462046442301F07AFD73
:1001200020460021BDE870400AF0DEB8F407010067
:1001300000B50648A1B00EF007FB054801F052FDDE
:100140008022694600200BF03BFDF9E7FD07010026
:100150000002002070B5064E064CA41BA408002522
:10016000AC4200D170BD56F8253098470135F7E70D
:10017000402E0100642E010008B503212A200AF058
:1001800011FC03212F200AF00DFC054B4FF4806277
:10019000C3F80C254FF40042C3F80C2508BD00BF7E
:1001A000000300502DE9F04704460E461746EFF3D2
:1001B000108872B60568C5B9DFF88890051DD4E9C6
:1001C0000331A2689A1A8A4222DC1D4A12883280C0
:1001D000581C6269E0600B4096E8030002EBC30321
:1001E00083E8030088F3108810E055F80C390360A9
:1001F000D1E900012B6983E8030028460C2100F0B7
:10020000DDFA687988F3108800F018FB012714E004
:100210008FB1D9F800A00921504600F0CFFA51461D
:10022000284600F08FFB88F3108800F06BFBEFF39B
:10023000108872B6C3E788F310883846BDE8F087A7
:10024000B40500202805002070B50B460446104672
:10025000EFF3108672B6D4E9022191421DD0501CF2
:10026000A060206961696568024001EBC20292E802
:10027000030083E803001DB986F31088012070BDD8
:1002800055F80C39636028460C2100F097FA68791C
:1002900086F3108800F0D2FAF0E778B1094A1568C1
:1002A00009212B61284600F089FA2946204600F0F2
:1002B00049FB86F3108800F025FBDFE786F3108802
:1002C000DDE700BF28050020F8B50446EFF31086EF
:1002D00072B6334F3B685A6A002A5BD0D3E90620D6
:1002E000904257D0501C9861186A024039B9596938
:1002F00029B9511C03D186F310881046F8BD002A95
:100300004CDB596A01EBC20103C984E803005D6953
:100310009DB9002A2CDA0421184600F04FFA86F322
:100320001088204B4FF080525A60BFF36F8F3B68AC
:100330001B79042B1ED100F033FC55F80C195961C0
:10034000002A0DDBD3E9072099695C6A511A8842BB
:10035000A9BF511C4FF0FF320240D96104EBC20427
:100360002B6993E8030084E803002B79062B03D163
:1003700086F310880122C0E7002328462B610C2158
:1003800000F01CFA687986F310880E28F2D800F085
:1003900055FAEFE74FF0FF320029A8D01C61B6E70D
:1003A0002805002000ED00E00346D0E9072010B545
:1003B0009C69141BA04201DA002010BD541C0240AD
:1003C000DC61F9D4586A00EBC20203C982E8030079
:1003D0001A896FEA42426FEA52421A81184600F0C7
:1003E00079FB0120E9E7000008B50E4B53F82130F6
:1003F000A3B11A79042A0BD103C81A6982E8030051
:1004000018460C2100F0DAF9074B0120186008BDEE
:1004100001461846BDE80840FFF7C6BF4FF0FF3061
:10042000F5E700BF30050020240500202DE9F0414C
:100430001D46294B53F82140284B1B880380064654
:1004400090462CB985F310884FF0FF30BDE8F0815D
:10045000234B1F682379042B34D001462046FFF735
:10046000A3FF78B185F310883B79062B02D01D4B92
:100470001B682BB11C4B4FF080525A60BFF36F8F3B
:100480000120E3E7B8F1000F02D185F31088DDE722
:100490003B793E61062B14BF05210621384600F04A
:1004A0008DF904F11400394600F04CFA23896FEA03
:1004B00043436FEA53432381204600F00BFB85F34F
:1004C0001088D7E7D0E90001236983E803000C21F5
:1004D000204600F073F9F2E730050020B405002053
:1004E000280500202405002000ED00E010B501469D
:1004F000EFF3108472B6054B1B880380044B186819
:10050000FFF752FF84F3108810BD00BFB405002030
:100510002805002021230380FFF766BFEFF3058342
:10052000DBB20BB1FFF7F6BF064B1B881BB299423B
:1005300001D1FFF7DBBFEFF3108372B60122FFF7A3
:1005400075BF00BFB405002010B4EFF3058212F0B0
:10055000FF0203D05DF8044BFFF7DCBF074B1B889D
:100560001BB2994203D15DF8044BFFF7BFBFEFF315
:10057000108372B65DF8044BFFF758BFB405002036
:10058000104B1B881BB29A422DE9F04106460C46DF
:10059000154601D100F004FBEFF3108872B60A4B48
:1005A0001F680621384600F009F996E803003C610F
:1005B000434684E80300012229462046BDE8F04175
:1005C000FFF734BFB40500202805002038B5EFF34D
:1005D000108572B60F4BB0F9002053F822400CB9C9
:1005E00000F0DEFA2379062B04D085F310884FF053
:1005F000FF3038BD03C9236983E8030020460C217E
:1006000000F0DCF8607985F3108800F017F901201C
:10061000EFE700BF300500200021FFF755BE0121A4
:10062000FFF752BE034B1B68586A10B1D3E906307E
:10063000C01A70472805002008B5064B4A1E1B68E3
:100640001140586201D000F0ABFAC3E906111A62FA
:1006500008BD00BF2805002070B504460846EFF32A
:10066000108672B6236833B94FF0FF33236086F3E8
:100670001088012070BD11B986F31088FAE70F4B7E
:100680001D680DB900F08CFA0321284600F096F899
:10069000236801330DD105F10C0323600023EB60C7
:1006A00086F31088064B4FF080525A60BFF36F8F6D
:1006B000DFE72946204600F045F9F1E7280500204C
:1006C00000ED00E038B50446EFF3108572B600681F
:1006D00010B985F3108838BD431C02D10023236074
:1006E000F7E750F80C3923600C2100F067F8236815
:1006F00013B94FF0FF33236085F31088034B4FF09D
:1007000080525A60BFF36F8FE5E700BF00ED00E055
:1007100008B503790B2B04BF0C230371836A1A6895
:10072000934208D0B0F9061003480FF047FA034986
:100730000D2000F06DFA08BD3108010060080100CD
:1007400070B5184C184E2368356843BB15B1284660
:10075000FFF7DEFF00F0B0FB2368002BFAD000208B
:10076000124B00221A602368114AB3FA83F352F83D
:1007700023301C680C3C0B23AC4223710DD008B114
:10078000FFF7C6FF0B4BA16AB4F906201A801F3190
:10079000094A3460022000F0D7FA204670BD28468E
:1007A000DEE700BFE004002028050020240500202B
:1007B000E4040020B4050020080006160A2930B51C
:1007C00003791AD90A2B14D842791A4B53F82250BC
:1007D00000F10C047DB12D68C56053F822502C60E7
:1007E00043F82240144C4FF00043D3402268134397
:1007F0002360017130BDC460F2E70A2BF9D9457955
:100800000C4A52F825303BB11C68A3420BBF0023B1
:10081000246842F825301C60437952F82320002ACE
:10082000E7D1054C4FF00042DA40236823EA020387
:10083000DEE700BFE4040020E00400200B4B1B684F
:100840005A791B790A2B01D990420DD2EFF3058317
:10085000DBB21BB1064B01221A607047054B4FF00B
:1008600080525A60BFF36F8F704700BF2805002089
:100870002405002000ED00E008B5EFF3108372B608
:10088000084B094A1B88094C1BB2002142F823106F
:10089000074A20681368013B1360FFF78FFF216050
:1008A00000F0C6FAB405002030050020280500201D
:1008B0002C050020431E9BB21F2B05D8034B53F879
:1008C000200010B1C06A704700207047300500203A
:1008D00010B5EFF30583DBB27BB9EFF3108472B68A
:1008E000064B02211868FFF769FF84F31088044B58
:1008F0004FF080525A60BFF36F8F10BD2805002063
:1009000000ED00E0EFF3108072B60B4B1B681A7914
:100910000A2A07D95A79094B53F8221011B10968EC
:1009200043F8221080F31088054B4FF080525A6034
:10093000BFF36F8F704700BF28050020E40400203C
:1009400000ED00E038B50B790A2B01D900F028F949
:100950004C7901F10C020346006818B110F8075CED
:10096000A542F8D9C8601A6038BD034601448142E7
:1009700002D90268824201D0C01A70470430F6E7FB
:100980000F2A2DE9F84F05468A469046994632D8F7
:1009900010F003031DBFC3F10402043B5B180B46B8
:1009A000A3F1340318BFAD1823F0030319F0080FA7
:1009B00005EB030416D02D60EFF3108B72B6284AB6
:1009C0000126114652F8047FC7B10136212EF9D114
:1009D0008BF310886FF08A063EE012600432A24268
:1009E000FBD3E9E72A46FAE702212046FFF7E6FEB5
:1009F0008BF3108830E06FF015062DE036B22A46F2
:100A000041F82640DDE90A01E68000F0C3F90C9BBD
:100A1000144AE3624FF0FF33C4E9083713682060DB
:100A2000013319F0010FC4E90377C4E90577A56222
:100A3000C4F830A084F805802771E7611360D3D132
:100A40000C212046FFF7BAFE19F0040FD0D18BF32A
:100A500010884046FFF7F2FE3046BDE8F88F00BF31
:100A6000300500202C05002008B5034B53F820006A
:100A700008B900F095F808BDF028010010B503464C
:100A8000EFF3108472B6028902EA010022EA010241
:100A90001A8184F3108810BD0C4A034610B5106803
:100AA000EFF3108472B6028913420CD1036107215F
:100AB000FFF784FE84F31088054B4FF080525A6094
:100AC000BFF36F8F10BD84F31088FBE7280500206B
:100AD00000ED00E010B50379048A072B03D0082B42
:100AE0000CD0002408E003891C4005D00C21FFF73E
:100AF00065FE054B01221A60204610BD03899C4308
:100B0000EFD10124F2E700BF2405002038B5054BE2
:100B10001D680446FFF7C0FF21462846BDE838405F
:100B2000FFF7ACBF2805002010B5EFF3108472B6B4
:100B3000038902791943072A038A018104D0082A0C
:100B400013D084F310880FE01942FAD00C21FFF77C
:100B500035FE074B01221A6084F31088054B4FF0D5
:100B600080525A60BFF36F8F10BD8B43E9D1EDE720
:100B70002405002000ED00E008B5EFF30583DBB2AB
:100B800043B9EFF310832BB904480DF0DDFDFFF7F7
:100B90009FFEFCE70149032000F03AF8D908010064
:100BA00008B5714602480FF009F8FFF7E5FF00BFEE
:100BB000EB08010008B5FFF7CDFA03480DF0C4FDBE
:100BC000FFF7B6FA002008BDF40801001FB5EFF3E7
:100BD000108372B6074B029300230193064B0093D8
:100BE000072204234FF4C0610448FFF7C9FE00F058
:100BF0001FF900BF1D090100B50B0000B60500205C
:100C000008B50AF0B1FDBDE808400CF075BF7047AB
:100C100008B50D4B1A680C467AB901221A60FFF725
:100C2000F6FF214609480EF0C9FF0AF0B3FD0A207D
:100C30000EF072F806480DF087FDEFF3108372B6E0
:100C400000F092F809F0F8FEB80B0020220901002C
:100C50003E09010070B50D4600210446FFF7FCFC7B
:100C60000D4E70B9BFF35B8FE288BFF35B8F3388A3
:100C700012B21BB29A4204D06DB901212046FFF78F
:100C8000EBFC3388BFF35B8FE380BFF35B8FA388FC
:100C90000133A380012070BDB40500200021FFF7BF
:100CA000D9BF000008B50F4BBFF35B8FC188BFF3FE
:100CB0005B8F1B8809B21BB2994201D0FFF770FF0E
:100CC0008388002BFAD0013B9BB2838043B9BFF3EA
:100CD0005B8FC380BFF35B8FBDE80840FFF7F2BCBA
:100CE00008BD00BFB40500200C4B0D4A10B54021D3
:100CF0009A600C4CE02283F82220D9770022A018B9
:100D00000132302A80F80013F9D11A6942F010023A
:100D10001A615A6942F400725A6110BD00ED00E098
:100D20000000000000E100E0064BD3F8942042F000
:100D30000502C3F894205A6A42F480325A620020B5
:100D4000704700BF00ED00E0064B21F01F0142F0AC
:100D50000102C3F89800C3F89C100020C3F8A0203B
:100D6000704700BF00ED00E008B5EFF30581C1F367
:100D7000080119B1054810390EF020FF044BD3F8D3
:100D8000F030DB0700D500BE08BD00BF4B090100F5
:100D900000ED00E01A4422F0030210B54FF0773462
:100DA00042F8044C540758BF4FF08834A2F10403B2
:100DB0005CBF42F8084CA2F108034FF0807243E98F
:100DC00002020D4A43F80C2C0020032243E90520BF
:100DD00043F8201C01220224194643E907246FF03E
:100DE000020241F8242D0B2241F8042D013A032A76
:100DF000FAD1A3F1440010BD79080000054B064A62
:100E000006481968914201D1834201D3C01A704744
:100E10000433F6E700000020FEE7FEE700020020B2
:100E2000EFF3088070470000004870470000002082
:100E30000023E1EE103AEFF3148323F0040383F36D
:100E40001488BFF36F8FEFF3108362B6024B4FF03D
:100E500080525A60BFF36F8F00ED00E0114910B56A
:100E60000C6872B6FFF76CFC62B6A04208BF10BDFA
:100E70002146BDE8104049B1EFF309821EF0100F82
:100E800008BF22ED108A22E9F04F0A600068B0E83E
:100E9000F04F1EF0100F08BFB0EC108A80F30988E5
:100EA0007047000028050020024B4FF080525A6026
:100EB000704700BF00ED00E030BF62B6BFF36F8F38
:100EC00072B670470D4B0E4A0E496846904203D8E1
:100ED000984201D9002102E009468D4601210420F3
:100EE0007246024202D1EFF3088001E0EFF309807D
:100EF0002DE9F00F6B4600F08FF800BF580100207D
:100F0000000004200002002008B502490620FFF777
:100F10007FFE00BF5A09010008B502490520FFF70E
:100F200077FE00BF6609010008B502490820FFF7F7
:100F30006FFE00BF7909010008B502490920FFF7DB
:100F400067FE00BF8B09010008B502490A20FFF7C0
:100F50005FFE00BF9F09010008B502490B20FFF7A3
:100F600057FE00BFB109010070477047204AD2F810
:100F7000883043F4700310B5C2F88830FFF7F4FFEF
:100F80006A461C4B1C491C4693422DD31B4B1C48E4
:100F9000DA1C121AC11E22F00302994288BF0022F5
:100FA00018490EF0EBF9184B1848DA1C121AC11E3A
:100FB00022F00302994288BF002200210DF04CFD6F
:100FC00024B1134A13490120FFF7BEFEFFF7ACFE20
:100FD000FFF7CBFF00F032F9FFF7CEF80DF044FB3E
:100FE000BDE81040FFF7F2BD43F8041BCCE700BF9B
:100FF00000ED00E000000020FEE7FEE7E004002036
:1010000000020020142F0100FC430020E004002017
:10101000080006161F0000202DE9F04F9A46564B97
:101020008FB093469A6B03925A6B0492D3F8288040
:10103000DA6A05921A6BDB6B0793504B06921A68BB
:101040004F4B9A4204460E4602D04E480DF07CFBB0
:10105000002E62D04C480DF077FB4C4B4C48198861
:1010600009B20EF0ABFD00252F464A480DF06CFB8F
:10107000414649480EF0A2FD059948480EF09EFDF4
:10108000069947480EF09AFD079946480EF096FDDE
:1010900018F4004F03D0039943480EF08FFD18F069
:1010A000800F03D0049941480EF088FD40480DF0B0
:1010B0004BFB404859460EF081FD002E29D11BF014
:1010C000080F53D0314B1E8836B23046FFF7F2FB83
:1010D0003146024638480EF071FD38480DF034FBB9
:1010E000394637480EF06AFD6946364BC91A03D5B2
:1010F000354849420EF062FD20468268C3680169A6
:101100008C4641698E46AD46514691E8F00F4168E4
:1011100000682E490720FFF77BFDD4E90230D4E9AF
:101120000679D4E9001208902069099060690A9054
:1011300019F4007F26480B91CDE90C230CBF04F174
:10114000200504F124050DF0FFFA089B0B9900938C
:101150002048DDE90C230EF031FDDDE90912CDF860
:1011600000903B461C480EF029FD7EE7217F1B487E
:1011700010390EF023FDB0E700ED00E00000002084
:10118000FEE7FEE7BF090100D5090100B405002014
:10119000040A0100AE0A0100B70A0100C70A0100F3
:1011A000D70A0100E70A0100F70A0100070B010056
:1011B000170B01001C0B01002E0B01006D0B010031
:1011C0009E0B010058010020C60B0100F30B01002B
:1011D000180A0100330A0100700A0100470B0100E0
:1011E000BFF34F8F0549064BCA6802F4E062134310
:1011F000CB60BFF34F8F00BFFDE700BF00ED00E005
:101200000400FA054FF0704393F8E02F062A12D13C
:10121000D3F8E40F10F00F000DD1D3F8E82F02F04F
:10122000F002302A08D1D3F8EC3F13F0F00F0CBFD6
:1012300001200020704700207047000008B5FFF72C
:10124000E1FF30B1134AD2F8FC3023F08073C2F8CA
:10125000FC30FFF7D7FF20B14FF080430322C3F8E3
:10126000A025FFF7CFFF30B14FF080430022C3F835
:101270000C21C3F8102100F057F8074B0122C3F8E6
:101280004025FFF731FDFFF7BBFCBDE808400AF041
:1012900063BA00BF00ED00E000E00140044B1B68B2
:1012A0002BB1044B4FF080525A60BFF36F8F7047E1
:1012B0002405002000ED00E008B5044A044B106846
:1012C0001B689847BDE80840FFF7E8BFBC0B00204B
:1012D000CC0B002008B5044A044B50685B68984763
:1012E000BDE80840FFF7DABFBC0B0020CC0B0020A4
:1012F00008B5044A044B90689B689847BDE80840CD
:10130000FFF7CCBFBC0B0020CC0B002008B5044A73
:10131000044BD068DB689847BDE80840FFF7BEBFC4
:10132000BC0B0020CC0B002070470000EFF31081B5
:1013300072B6094A13680133012B136009D14FF0CB
:1013400080420020C2F800011360D2F80031002B67
:10135000FBD081F310887047E00B0020094A08B5E4
:1013600013680BB9FFF71CFCEFF3108172B613681A
:10137000013B13601BB94FF0804301225A6081F397
:10138000108808BDE00B0020084A107868B94FF0BB
:1013900080430121C3F81815C3F804019960D3F8FC
:1013A00004110029FBD0012313707047DC0B0020CF
:1013B00008F0E5BC0346006838B10268904219BFE6
:1013C00013680360002119601046704708B500B12A
:1013D00009B9FFF7E5FB4B68002BFAD0EFF3108259
:1013E00072B60B6833B903686BB11B680B60036896
:1013F00019600160406882F3108830B1BDE8084090
:101400000121FFF791BB0960F3E708BD10B5EFF3C9
:10141000108472B6FFF7CEFF84F3108808B1002362
:10142000036010BD2DE9F0410D46044600B109B935
:10143000FFF7B6FBEFF3108872B6002726467368F5
:10144000002BF5D03046FFF7B5FF50B90137BD424C
:1014500006F10806F3D188F310880120FFF756FB48
:10146000E8E788F3108800220260BDE8F0810146B9
:10147000006810B104310CF0ADBC704738B5856917
:10148000044685B10A4B1868436901330CD00CF04F
:1014900064FC23696A68C11A8A4226BF9B181B1A1A
:1014A00000236B60206138BD83685B689847F0E774
:1014B000E02C01008369084A10B5044610682BB17E
:1014C0005A6821460CF09FFC206110BD2146BDE802
:1014D00010400CF07FBC00BFE02C010083690022AB
:1014E00010B504465A60A06930B1436823B9036857
:1014F000A36163699847F6E72046BDE81040FFF70F
:10150000D9BF000070B505460C46EFF3108672B6E1
:10151000FFF7B4FF05F118000368BBB9236004604E
:10152000AB69A34206D10F4B6268186829460CF0DC
:101530006AFC286186F310880B4B1B682BB10B4BA0
:101540004FF080525A60BFF36F8F70BD61685A6868
:10155000914203D3891A61601846DDE7521A23606D
:101560005A60DCE7E02C01002405002000ED00E0DB
:1015700070B504460D46EFF3108672B6FFF77EFF96
:10158000A36904F118022BB92046FFF793FF86F3F5
:10159000108870BD9D4202D01A461B68F3E72B6885
:1015A0001360002BF0D05A6869680A445A60EBE770
:1015B000034B4161C0E9023000238361704700BFE3
:1015C000DD14000058B1037843B1013810F8013F31
:1015D0000BB901207047303B092BF7D90020704729
:1015E00038B1054B0A0901F00F019A5C5B5C02708F
:1015F00043700220704700BF242901000E4A914227
:1016000030B5034616D80A22012014468A420ED964
:1016100063B103440A25B1FBF5F405FB1412303223
:1016200003F8012D0A46092A2146F4D830BD624349
:101630000130EBE70A20EBE7FFC99A3BFFF7DEBF7B
:1016400088B1E9B1002340EA0102D2070DD5C207F3
:101650000FD5CA070FD5814222BF0A460146104660
:10166000421A0AD199400846704740084908013398
:10167000E9E74008EBE74A08014608461146E8E773
:101680000146F0E72DE9F84306460D4614460AB92F
:10169000FFF786FA11462846FFF7D2FFA042F7D897
:1016A000A84239D8B5FBF0F1B4FBF0F20025B1FA4D
:1016B00081F44FF0004EC4F120002EFA04FEC4F174
:1016C0005F0C2B462C462F46DB1847EB070811EA28
:1016D0000E0F18BF43F00103934278F1000947460B
:1016E0004FEA44044FEA5E0E0FD39B1A68F10007DD
:1016F00044F00104002C0BDA3B4300D00134C0F16C
:10170000200333713460BDE8F883002CF2D1013836
:1017100001356545D8D1EFE700200446EFE700002A
:101720000D4A10B5D2F83C41002303601CB1D2F839
:101730004441A14207D0D2F860315BB1D2F86831A0
:10174000994207D101235B4203F0240303F59E7302
:101750001A44026010BD00BF18020020F8B505460B
:1017600016460C4669B108B9FFF71AFA03688B42AE
:10177000FAD8426803EB02129142F5D2CC1A241136
:1017800001346B68A34201D800200AE02868314682
:1017900000EB0410270108F094FB0028F0D1286822
:1017A0003844F8BDF0B593B015462F230093064694
:1017B0000C46402302AA0B21284608F085FC00288D
:1017C0001BDD2B685B7803F01F03013B01259D4067
:1017D0000023ADB223600227216802AA3046FFF73A
:1017E000BDFF206010B9384613B0F0BD83881D429C
:1017F0004FF00107F0D00027F5E70227F3E70000DC
:1018000070B5164CA36805460E4683B1E3680133F4
:101810000BD104F110035B88B34208D1104829466C
:101820000CF046F918B1002314E02369F3E7236FA5
:101830000BB9002070BD636F013314BFA36F094B58
:101840005B88B342F5D1084829460CF031F90028ED
:10185000EFD068230833E018ECE700BF180200203F
:1018600034020020900200209C0200201FB5144684
:101870001A460378012B0AD10023CDE901314068D3
:10188000069B039401A907F00DF904B010BD4FF0B9
:10189000FF30FAE70A4B10B5044618684369013374
:1018A0000AD00CF05AFA20F07F42626520460621E9
:1018B000BDE8104008F009BD83685B689847F2E70F
:1018C000E02C01002DE9F0411C46064600680D465B
:1018D00090460DF055F8238903F0010383F00104CD
:1018E0000234074604449DB1444516D89BB92C23C5
:1018F0002B7001233C22EA5403F1010831683A4677
:1019000005EB08000DF03AFDE9193E2301F8083017
:101910002046BDE8F0810023ECE74FF0FF30F8E708
:101920001FB54268002A034611DB82687AB110684D
:10193000516801AC03C490680021117001AA0446EB
:1019400003CA4FF0FF329860D9601C615A6004B03E
:1019500010BD30B50368013B012B97B004461CD87D
:10196000C56A042303609DB1502200210DEB0300E2
:101970000DF072F84FF0FF3315936368013314BF15
:10198000A36804F108030093002269462046A84793
:101990002046FFF7C5FF0023236017B030BDF8B520
:1019A00004682568002306460F4603602DB12046D3
:1019B0000CF07EF84FF0FF3538B9A36943B1183405
:1019C000394620460CF074F800B134602846F8BD62
:1019D0000125FBE7014B0360FFF7E1BFF4020020A4
:1019E00010B586B01222002101A80DF035F80423AD
:1019F000009341F23363ADF8163000230E481A46C7
:101A0000694606F047FF002810DB0C4B0C4C1A68A7
:101A100009480023C4E9003221460A4A0CF02EF896
:101A200001212046FFF7FEFC034610B9002006B056
:101A300010BD5B689847F3E7E40B00202805002001
:101A40002C0D0020791C00002DE9F843184C0646A7
:101A50000F46154604F1D009A368FBB1E3680133D2
:101A600014BF216904F1100104F108080B7803F098
:101A70000F03AB4212D12A46043138460EF060F80B
:101A800060B9314604F11C000CF012F858B9E36952
:101A9000042B0BD194F82030FF2B04D068344C4534
:101AA000DAD14FF000084046BDE8F883FFF778F838
:101AB000180200202DE9F74F99460023CDE90033A5
:101AC00005461446036011B16846FFF783FF2CB149
:101AD000214B0193214601A8FFF761FFDFF87C80CD
:101AE000DDE900AB00244FF0FF364746D8F83C3123
:101AF0002BB9264608F12408BCB90124F6E7534562
:101B000002D0BAF1000FF5D1D8F840315B4502D0D0
:101B1000BBF1000FEED1B9F1000F0AD1644204F01D
:101B2000240404F59E743C442C60304603B0BDE8A8
:101B3000F08FD9F80010D8F854210B7803F00F0378
:101B40009A42D7D1002AD5D0043108F5A4700DF0FF
:101B5000F7FF0028CED1E1E724030020180200207F
:101B60007FB51B4EB6F9004074BB1A4B1A481B4D8B
:101B7000CDE901431A4B0093062223464FF48B61B3
:101B8000FEF7FEFE30802846D022214640F8084B62
:101B90000CF062FF3022214605F1DC000CF05CFF06
:101BA0004822214605F59E700CF056FF8022214602
:101BB00005F5C2700CF050FF09F068FEC5F8D800BA
:101BC000B6F9000004B070BD6FF01000FAE700BF76
:101BD0008C110020060C0100340D0020180200209A
:101BE000E119000008B503690BB1FEF7D9FF064BF8
:101BF0005A685860C36802610BB9044BC3604369FB
:101C00000BB9034B436108BD18020020C518000042
:101C1000A5170000F7B50E460027194615461346CE
:101C200000973246044608F0A0FA00280DDD636DE7
:101C3000E78106442D1A6660A58113B1002003B028
:101C4000F0BD2046FFF726FEF8E74FF0FF30F6E73D
:101C500010B50B46802207490446FFF7DBFF01461B
:101C600020B92046BDE8104008F03EBB4FF0FF30E1
:101C700010BD00BFAC0C00202DE9F047CA06B8B07B
:101C800081464AD5002514AF1C22294638460395C3
:101C9000A84C0CF0E1FE01238DF868302E460EAB07
:101CA00000930197002303AA02A9484606F05EFEAE
:101CB000B0F1000831DB0FD008EB0503802B88BFA3
:101CC000C5F1800804EB05000299424688BF012651
:101CD00045440DF053FBE2E7BC46BCE80F001BACEB
:101CE0000FC408239CE803008DF88430149B042B58
:101CF00084E8030014D19DF854308E49CDF8249027
:101D00001BACFF2B08BF44462A46012322A88DF8AE
:101D1000203008F037F9002804DA38B0BDE8F08741
:101D2000FEF73EFF229A137803F03003302B56D192
:101D300051880EA8FFF764FD054628B13430FFF73F
:101D400096FB2846FFF705FE229B0EA906A8B3F8CE
:101D50000280FFF73FFE069D002D40D07648D0F868
:101D60003C1198FA98F2002392B2079329B1A94244
:101D700003D1B0F85011914209D0D0F8601169B187
:101D8000A9420BD1B0F87431934207D101235B42D1
:101D900003F0240303F59E7303440793DDF81C80CE
:101DA000B8F1000F1BD04FF000094B46D8F80420C3
:101DB000C8F8009049460AA8FFF77CFE0A9B1BB9A9
:101DC000D8F80430C3F8009000231A46C8F80490ED
:101DD000294607A8FFF76EFE079B03B92B602299DF
:101DE0004A784FEA5218B8F1020F20D01AD8B8F149
:101DF000000F92D10B78002A6ED113F0300FC3F38D
:101E000001154ED10321229A137823F0300343EABF
:101E1000011323F00F030021137051700EAB0094D7
:101E200004226BE1A8F10403012B3FF676AF11F811
:101E3000042B0EA802F00F02FFF706FE229B0546B8
:101E4000002800F062811A7812F0300FC2F30113FB
:101E500000F05981013B012B3FF65FAF4FF0FF3798
:101E6000AB6C1BB105F13400FFF701FB002E0CBF7A
:101E7000032306232B60EB6A379E1BB10EAA22A90F
:101E8000284698472846FFF74BFD013602D0B8F1A7
:101E9000020F01D000232B6001373FF43EAF022137
:101EA000B1E7022D7FF439AF49880EA8FFF7A8FCEF
:101EB000044600283FF431AF436801333FF42DAFAF
:101EC000C36A0560002B7FF428AF3430FFF7CFFAE8
:101ED0002046FFF73EFD20E79B063FF51EAF26B1EB
:101EE0008D2122A8FFF7B4FE7CE0DFF84C80CDE91D
:101EF0000466CDE90666D8F804504FF0020955B9DA
:101F0000B9F1010F3CD0B9F1020F3BD0B9F1000F8C
:101F100017D0A021E5E76B690A9622AA0AA92846EC
:101F20009847022801D12D69E9E7012806D12D69DA
:101F30008146E4E7AC0C0020180200200028E8D11C
:101F40000A9D294607A8FFF7EBFBDDF8DC90B9F105
:101F5000000F40F09F8022AB4A460EA906A8FFF76B
:101F6000A9FDDDE9063A0646BAF1000F3ED05BB1A5
:101F70009A4515D0CDF818904FF0FF3337930FE006
:101F80008521AEE78421ACE79AF81C30012B2FD1D4
:101F9000DAF800100EA80BF08BFD48B3CDF818A0AE
:101FA000069B8BB1229F9D603A78DDE9080102F023
:101FB0000F0203F11C069A6186E8030022B1391D65
:101FC00003F10C000DF0DAF90EABCDE90B3401236F
:101FD0000A950D93AD6852490AAB802222A8A84702
:101FE000002896DB00283FF498AE84E0002BD7D180
:101FF000379B0133D4D0002EBEDBBAF1000FBBD12A
:102000000EA904A8FFF7E6FC049B33B90028A1BF82
:10201000182303FB0080DC300490424B05932146DB
:1020200005A8FFF7BCFC059B3BB90028A1BF1823FE
:1020300003FB008303F586730593049A002A9BD063
:10204000DDF814C0BCF1000F96D00DF138099646AA
:102050004B4603CBBB42CEF80000CEF804109946A5
:102060000EF1080EF4D1A646674604F1180973462E
:1020700003CB4B45386079609E4607F10807F6D1DF
:102080002423734303F59E7141444344C3E94F2C19
:10209000069185E7B9F1010F27D122AB00220EA9E5
:1020A00006A8FFF707FD069FDFB100233B601A4635
:1020B0000EA90AA8FFF7FEFC0A9E36B90EA904A8CD
:1020C000FFF788FC049B03B11E60002319467A6861
:1020D0000AA8FFF7EFFC0A9B0BB97A68136000238C
:1020E0007B604FF0FF3337936EE7B9F1FF3F3FF46A
:1020F0006BAF4FF0FF3000940EAB0246084908A8C2
:10210000FFF7B4FB09E60227AAE61B7813F0300FAD
:102110003FF478AE379B01337FF474AEFDE500BF2A
:10212000AC0C002024030020282A2DE9FF4105469D
:102130000F4601D0FEF734FD164B01925C68012377
:10214000ADF80C3000261CB9304604B0BDE8F08173
:10215000E36823B1002362680293934201D32469A8
:10216000F1E72068D4F80C8000EB031001AB75B1E7
:10217000BA1BA919C0470028F1DDBDF80C3023F0C7
:102180000103ADF80C30029B06440133E3E72A4615
:102190002946EFE718020020F8B504461E464523FD
:1021A000FFF738FD28220C21204608F08EF8012187
:1021B000204608F099F8054630466768A48908F07B
:1021C000A8F82822C3B221463846FFF7ADFF2844BD
:1021D000F8BDF8B5048906460F46154600200DB136
:1021E000B54218D132897168002307F074FA04F1FE
:1021F0003A030344B3F5803F24BF013080B27968CD
:1022000020443A3000232022083180B207F063FADC
:10221000C04380B2F8BD23462A89696807F05BFA9B
:10222000AB682D6823449CB2D9E72DE9F8430E46EC
:1022300081460321304604F021F9044608B9FEF72F
:10224000AFFC022104F01AF907460028F7D0A36872
:10225000032B05D830460021BDE8F84304F016B939
:10226000014632462046D4F80480FFF7B2FF00282A
:10227000F0D198F80050892D0FD8842D11D8802DD9
:1022800016D098F80010334640F20122032002F0E5
:102290009DFD0028DED0BDE8F8836335EDB2012D49
:1022A000EFD8A36879684246484601F059FDE8E74F
:1022B000238979684246484600F050F8E1E738B58E
:1022C0000D46144600211A46032304F021FA28B1D2
:1022D000436800221D705C709A70DA7038BD10B5CA
:1022E000044660B190F91030032B0BD10268FFF760
:1022F00070FF50B1636840BA5880002010BD6FF085
:102300000D00FBE76FF04C00F8E76FF00100F5E718
:102310004269013201D00BF020BD83685B68184729
:102320002DE9F041DDF81880154600220E461F46C3
:10233000014608F108031046FFF7C1FF044650B1FB
:10234000406876BA6DBA8680C58027B14246394664
:1023500008300DF013F82046BDE8F08173B506464D
:102360000C46002A3ED0072B3CD99188D088083BE8
:1023700040BA49BA009389B202F1080382B28120BF
:10238000FFF7CEFF054668B3237EFF2B04F108025A
:1023900014BF04F11801002100F001FC044610B93B
:1023A0000146284609E000231A461946184603F05C
:1023B00045FD054630B90146204602B0BDE87040F3
:1023C00004F064B843680EB1B6F966615E800649F0
:1023D0002C602B4640F20222022002F0F7FC01465C
:1023E0000028DED002B070BD0000FFFFF7B5099DE8
:1023F0000C4611461A464FF6FB739D4207464AD8D3
:10240000009500238020FFF78BFF002846D022464E
:102410000021466800F0C3FB044630B921480CF0A7
:1024200093F90025284603B0F0BD43689DF82020AD
:10243000DA7167B100231A461946184603F0FEFC0C
:1024400030B34368B7F866215A8004600446164BDF
:102450001868FFF75DFF032D89BFB0600836043DA3
:102460000C3600239D42DAB20FD11049234640F2C8
:102470000222022002F0AAFC0028D2D16FF0080547
:102480000021204604F002F8CCE7F2540133E9E7DA
:102490006FF00B05F4E76FF01505C3E76FF00B0560
:1024A000C0E700BF1E0C0100E42C01000000FFFF8C
:1024B0002DE9F0471F46224B0546186816460C4684
:1024C000FFF726FF02218146284603F0D7FF0321AC
:1024D0008246284603F0D2FF8046BAF1000F2BD087
:1024E00050B3DAF80400083002F0D7F8D8F8041036
:1024F000032C01F1080C1CD98B68043CA9EB0302E6
:102500000C310B190C469C4202D14FF0FF310AE00E
:102510000134601A013814F801ECC0B28645F2D0DB
:10252000A4EB0C0101393B462846B446BDE8F04710
:10253000604761460022E4E76FF01500BDE8F087D0
:10254000E42C0100002103F0A1BF000008B50449FC
:1025500010220DF0F5FAB0FA80F0400908BD00BF76
:10256000AA29010010B50A49082204460DF0E8FA2C
:1025700048B12378FF2B08D1607800F00F00831E4C
:102580005842584110BD0120FCE70020FAE700BF87
:102590009A29010070B51E46CBB2002115460246AD
:1025A000084603F04BFC044620B92846FFF7CAFF53
:1025B000204670BD43681E710560F9E738B50B68A9
:1025C0000C46054608B9FEF7EBFA4A68B0F8661102
:1025D000518000224BB9B5F8A030934209D2204671
:1025E0007A21BDE8384003F051BF99681B680A445E
:1025F000F0E7284602F0BAFD60B10B49234640F2ED
:102600000222012002F0E2FB68B92046BDE8384012
:10261000FFF798BFB5F9660140F20222214602F0A9
:10262000CAFB0028F1DD38BD0000FFFF2DE9F843AB
:102630000E46D1E9001405460A4600232ABB5BBAC0
:10264000A380A379FF2B02D119BB3B23A371E379AC
:1026500013B94DBB4023E37104F108073E49102232
:1026600038460DF06DFA04F11809804678BB4846EB
:10267000FFF76CFF0246D0B11022414638460CF0FD
:10268000EBF90123E37534464FE090681268034488
:10269000D4E70B7C023BDBB2022BD6D82F4AD35CAB
:1026A000A371FF2BD3D1D0E795F86431D3E7494626
:1026B000284602F08BFF03460028E4D000F1100208
:1026C00053F8041B47F8041B9342F9D1DBE7284673
:1026D00002F071FD4846FFF739FF98B10024284603
:1026E00002F070FD002CCED00321304603F0C6FE70
:1026F00028B143681B7803F0FD03852BC3D06FF02E
:102700007C0022E03946284602F04CFF0028E5DB39
:102710002844047D04F01F04103C18BF0124DEE7A8
:1027200004F012F898B12060044694F91030022B9E
:1027300002D120680028F3D13146204603F08DFEF7
:10274000002807DA831C08BF0020BDE8F8836FF07B
:102750000B00FAE70020F8E7BA290100442901003C
:1027600080B590B01022002105A80CF075F9AD4B92
:102770000693AD4BAD481B88ADF820300821FDF71E
:102780005BFF05A9022003F0D1FDA94F40F205230C
:10279000ADF80E3001A8FDF742FFBDF80620B2F5F6
:1027A000017F2CD840F202239A4200F2B48140F219
:1027B00001218A4239D09A42ECD1029E96F910301A
:1027C000013340F0EF8074688CB3B4F9020002F07A
:1027D000E7FC0546304694F8048003F0B5FF08F0A6
:1027E0003F08014600283DD003F07AFE064696F9E0
:1027F0001030022B00F0DA80162130464DE0A2F5B1
:102800009F43403B9BB2152BC4D88A490120984076
:102810000140002940F08781152B00F08981142B9D
:10282000B8D1029801F048F9B4E7029E0EB9FEF75C
:10283000B7F94FF0FF31304603F020FE054638B1BE
:102840004368002BF3D0B3F9020002F0A9FC05465F
:1028500073683BB1B268272A04D91B7803F0F003F0
:10286000602B01D030460EE0304603F06DFF044689
:102870000028F7D00222282103F088FF00232374C8
:10288000034618B92046FFF75DFE83E7D0F80480C1
:1028900098F8072022B97421204603F0F7FD79E764
:1028A000B8F8041098F806608AB249BA89B20AB931
:1028B0003B2EE7D19C42A2685AD08A4257D9204683
:1028C00003F0CCFF08F118084046FFF73FFE70B94F
:1028D0004046FFF747FE08B1002D58D1404602F0B0
:1028E00051FF0546B0FA80F040090028CAD1292ED0
:1028F00051D03A2E51D0A6F11102534253419B00C0
:1029000023743146022003F090FD002801DC3A2EAA
:1029100045D10121204603F071FE4FF001084149E5
:1029200094F91000234640F2012202F04FFA10B948
:102930002046FFF707FEB8F1000F10D03A2E03D162
:102940000121204603F05AFE234640F2012231467F
:10295000022002F03BFA10B92046FFF7F3FD3A2EB1
:102960007FF418AF21462846FFF75FFC12E72346A5
:1029700000209A68104493F91020022A02D01B68A4
:10298000002BF6D1283888429CD2162184E7404695
:1029900002F0F8FEA6E70223B2E70323B0E74FF008
:1029A0000008BCE74FF00008454620E77068102299
:1029B000394618300DF0C4F800283FF41DAF3046FA
:1029C00003F0C2FE044600283FF44CAF4668337E55
:1029D000FF2B54D185BB02F0D6FB00283FF452AF49
:1029E000411E204603F00AFE48F04008284602F047
:1029F000C8FB054600283FF4CDAE204603F0A4FEF8
:102A0000064600283FF43EAF01462846FFF70EFE7B
:102A1000002827DAB4423FF435AF3046FFF792FD85
:102A200030E700BF0000FFFFB40500209011002038
:102A3000BA290100EFFB060001462846FFF7F6FD24
:102A40000028FFF61FAF002148F040032246084649
:102A5000FFF7A0FD014600283FF49CAE2846FFF793
:102A6000ADFD97E60021084643463246FFF792FD4A
:102A700001460028BAD02846FFF7A0FDB6E7183671
:102A8000304602F07FFE8542814606D03046FFF791
:102A900069FD002818BF4FF000093046FFF756FDCA
:102AA00010B9B9F1000F17D021464846FFF7BEFD17
:102AB0000028FFF6E7AE204603F02AFD00287FF449
:102AC000E1AE1D49234640F20122022002F07EF9C8
:102AD00000287FF45FAED5E609AB22462946304692
:102AE00001F05CF80028FFF655AEBDF83C00C0F3DD
:102AF000041002F055FB054600283FF498AE21462D
:102B0000FFF794FD0028FFF6BDAE9DF83E1043464A
:102B100022460DA89CE76FF0850303A901A8049342
:102B2000FDF754FD36E60298114601F0D7FB31E679
:102B3000029800F0EBFF2DE60000FFFF1FB50A4CE6
:102B4000B4F900305BB9094A0948CDE90132094AB4
:102B500000924FF470710422FDF712FF2080B4F947
:102B6000000004B010BD00BF8E110020380C010021
:102B7000D01100206127000008B5022103F07EFC7F
:102B800060B143680BB9FEF70BF88268272AFAD9BF
:102B90001A7802F0F002602AF5D1184608BDF8B59F
:102BA0000C46174602232822002103F0B1FD0646F9
:102BB00008B3456805F10800FCB1214604F1100393
:102BC00051F8042B40F8042B9942F9D105F1180073
:102BD000C7B1394607F1100351F8042B40F8042B14
:102BE0009942F9D1602200232A70FF226B70AB70EA
:102BF000EB70AA71EB713046F8BD102221460BF044
:102C00002BFFE3E7102239460BF026FF012385F85E
:102C10002730E7E7F8B5044615460E4609B9002007
:102C2000F8BDD1F8A470FA04F9D5194908220CF0BE
:102C300087FF38B12378FF2BF1D1637803F00F03BE
:102C4000022BECD1FB0701D4FDF7AAFF96F8650132
:102C500005F1100204F1080106F0AAFF10F0FF00D0
:102C6000DDD0A8762B4604F1100254F8041B43F87B
:102C7000041B9442F9D1B6F866311B0103F4F873D2
:102C800043F4806343F006032B830120C8E700BFB1
:102C90009A2901002DE9F843054602F073FD044628
:102CA000002859D002F087FAB4F96611002000F02C
:102CB0007BFB002843D00368B4F966119A8EC2F3F7
:102CC0000412914201D0FDF76BFF043318462A46E7
:102CD000214600F0FCF82946204602F063FC00285B
:102CE000F1DB21180B7D03F01F02102A31D003F015
:102CF0000702013A012A27D80133D4F898800B75CE
:102D0000050105F17806154B1548B3F900902644E6
:102D10003146FEF72DFC05F1160760190023C0E9C6
:102D20001E38274444F6CF73A0F88230C0F8847070
:102D3000A0F8809031460A48FEF7E4FB04E084F8EE
:102D40009C00204601F084FA2046BDE8F84302F0DA
:102D500039BA4EF66028D3E7BDE8F8838E1100201B
:102D6000901500202DE9F3470D461F46044608B98B
:102D7000FDF716FFD0F8A430D90403D4042002B024
:102D8000BDE8F08779780229F8D11278882AF5D140
:102D9000DB07F3D590F8C0206B4600F1B80102F0D4
:102DA000BFFF0828EAD1DDE90002B968FB689A4252
:102DB00008BF8842E2D1BB78012B41D0022B45D01D
:102DC000CBBB05F118012046FE8802F0EBFB002882
:102DD0001FFA86F8D2DBB8F5807F2ED076BAB6B26D
:102DE0004EF660235E43A6F56A46603E2218050152
:102DF000137D254823F01F0343F0100305F17808E5
:102E00001375A044214B4146B3F900A005F1160902
:102E1000FEF7AEFB60190023C0E91E36A14444F65C
:102E2000CF73A0F88230C0F88490A0F880A041460B
:102E30001548FEF767FBB878A1E747F23056D5E7AB
:102E400005F11801204602F067FDF4E7B4F96611B8
:102E500005F1080000F0A8FA0646002888D000F026
:102E60006BFA002000F08AFA28B984F89C0020460A
:102E700001F0EEF9DFE73368002B3FF479AF05F19D
:102E80001800FFF707FFD6E7901500208E110020ED
:102E900013B58A784878412A34BF02230323984225
:102EA00012D1CC88C87864BAC0F30013A4B20093DE
:102EB0000831234600F00F0003F0F8FE4EF66023C1
:102EC00003FB04F002B010BD4FF0FF30FAE7F0B59D
:102ED000074685B015461E460C4609B9FDF760FE4B
:102EE000B1F96611002000F05FFA45B3D4F8A430C0
:102EF000DA0424D518B30068B4F96621838EC3F3CD
:102F000004139A421BD13146043006F027FCB0B1BD
:102F1000D4F8A430DB0710D594F8C02002AB04F13C
:102F2000B801204602F0FCFE082806D1002302AAC0
:102F30000F21184605F019FB10B905B0F0BD0020AF
:102F4000009033462A462146384601F0E5FDF4E775
:102F50002DE9F04117469846054608B9FDF720FED1
:102F600001F10806B0F96611304600F0C3F80446D6
:102F700028B190F8363013F0010F08BF0024D5F8BF
:102F8000A430DA07EAD595F86501414606F026FE39
:102F900000281ADB74B9B5F966110322304600F037
:102FA000FBF8044688B13B78872B02BF838E23F061
:102FB0000803838694F83630DB0706D53B78862BEA
:102FC00005D1A38E43F00803A386BDE8F081872BCB
:102FD000FBD0A38E23F00803F6E730F9081FFDF7B6
:102FE00099BA000008B5044910220CF0A9FDB0FA06
:102FF00080F0400908BD00BFBA290100054A1068E9
:1030000038B10368984219BF1A6802600021116044
:10301000184670478017002090F8361011B93822F2
:103020000BF01ABD704770B5044610460E461546A3
:10303000FFF7F2FF4CB123462A1D04F1100153F8AB
:10304000040B42F8040B8B42F9D11F2E01D9FDF776
:10305000A7FDAB8E23F4F87343EA0611A98670BD71
:1030600001490248FEF7A4BADB2F000090150020AA
:103070000148FDF713BE00BFAC1500200148FDF765
:1030800011BE00BFAC15002070B50F4CA38EC3F36A
:103090000413994205460E460FD150B9201DFFF783
:1030A000A1FF50B12846084A3146FFF7BCFF064849
:1030B00070BD211D06F052FBF3E794F83630002B6B
:1030C000F0D00020F4E700BF4817002028B13830C6
:1030D000064B984203D3002070470548F8E790F864
:1030E0003620002AF8D13830F3E700BF80170020DF
:1030F0004817002008B50B46014638B9FDF750FDCA
:103100000A4806F02BFB78B109480EE0084A92F80D
:10311000360048B1928E12F4F87FC2F30410EFD05B
:10312000002BEDD08342EBD0002008BD4C170020CF
:10313000481700207047000010B590F8363023F093
:10314000010300F1240180F8363004461048FEF7F0
:103150000FFA10490A6822B113689C4206D1FFF7A2
:103160004DFF2046BDE81040FFF756BF13461B68D1
:103170001868844202D09A42F9D1F2E7002BF0D0CD
:1031800022681A600A68944208BF0B60E9E700BF32
:1031900090150020801700202DE9F8438846074647
:1031A00008B9FDF7FDFC02F007052B1F022BF8D92B
:1031B000FFF76AFF002839D1FFF720FF814660B38F
:1031C000284E044694F83630012B29D8A38E03F4F8
:1031D000C0632BBB2046FFF7AFFF3846224641466F
:1031E000FFF721FFA38E2B43A386012384F83630FB
:1031F00020463368B3B11B68236033681C603460B9
:1032000060B9FFF7FBFE81450446DBD133685BB153
:103210001B6803603368186034600020BDE8F883E1
:103220000020E6E72460EAE72060F5E790F8363012
:10323000DA0708D4828E22F00702154343F0010317
:10324000858680F836300368002BE7D1054B1A6875
:103250002AB1126802601A6810601860DEE7006028
:10326000FBE700BF8017002070B50C46054600B193
:1032700009B9FDF795FC0A46031D00F1140153F846
:10328000040B42F8040B8B42F9D1A88E2083C0F3C3
:10329000041001F085FF10490646082220460CF074
:1032A0004FFC38B12378FF2BE3D1637803F00F0391
:1032B000022BDED1002EDCD0D6F8A430DB0705F1DE
:1032C0000C0104F11002D4D596F8650106F070FCEB
:1032D0000028A8BFA07670BD9A290100F8B5154E48
:1032E000346807460D4694B1A38EC3F30413994284
:1032F0000BD1211D06F032FA38B194F8363043F084
:10330000080384F836300B48F8BD0020FCE7FFF7CF
:10331000BBFE024630600028F7D029463846FFF74A
:1033200082FE326892F8363043F0080382F8363075
:10333000E9E700BFB4150020036810B504468BB15F
:10334000011D0C48FEF714F9206890F8363023F080
:10335000080380F83630FFF75FFE14220021204674
:103360000BF07AFB044B1A68A24204BF00221A60D9
:1033700010BD00BF901500208417002028B1143024
:10338000074A904203D3002070470648F8E70368D5
:103390001BB193F83630002BF6D11430F1E700BFA3
:1033A000C8150020B415002010B520B10D4B1C68C5
:1033B0002CB900200FE00029F8D1FDF7F1FB21B175
:1033C000A38EC3F304139942F3D128B994F836308D
:1033D0001B07F2D5034810BD211D06F0BFF90028D8
:1033E000E7D0F3E7B415002010B5124C2168B1B155
:1033F0000B689B8E03F00703013B012B0DD80020C7
:10340000FFF7BCFF68B90846FFF7B8FF01B110B974
:103410000020FFF7B3FF20600146084610BD0846B4
:10342000EEE703689B8E03F00703013B012BF2D804
:10343000E6E700BF8417002038B50C46054610B1FA
:10344000036803B109B9FDF7ABFB10220021204648
:103450000BF002FB114A12680023AA4284F82030C4
:1034600008D12B689B8E03F00703013B012B94BF0F
:103470000023012384F821302B6804F110011A1D68
:10348000143352F8040B41F8040B9A42F9D12B681B
:103490009B8EC3F30413638438BD00BF84170020E0
:1034A0002DE9F84F054689461F4690463AB1104629
:1034B000FFF798FD044610B97B1E7F2B01D9FDF75D
:1034C0006FFBDFF8E4B082469BF82420DBF8006055
:1034D000DAB9002C08BF5C460AF1010ABAF1080FFC
:1034E0000BF1300BF0D174B12368002B45D1494664
:1034F0002846FFF7C9FD0146206000283DD1302253
:1035000020460BF0A9FA00242BE09BF825209742D7
:10351000E2D141460BF1040006F036F98742DBD8D0
:10352000002ECCD0B28EC2F304129145D4D1043611
:103530003046FFF757FDB8B13DB105F1100255F81F
:10354000041B46F8041B9542F9D1302202FB0AF213
:10355000154B995891F8362042F0400281F83620F8
:103560005C462046BDE8F88F002DB5D03146284690
:1035700006F0F4F80028AFD0DFE722684946284675
:10358000FFF751FD2046FFB250F8042B92F8363079
:1035900043F0400382F8363041463A4606F013F9CC
:1035A00084F82570DDE700BFC815002010B590F83D
:1035B00024300446FBB90068D0B920463022BDE86B
:1035C000104000210BF048BA3033013A04D09C423D
:1035D000FAD019688842F7D1074A9342EDD390F8A0
:1035E000363023F0400380F83630FFF715FDE4E76E
:1035F000024B0922E9E710BD48170020C81500203A
:1036000028B13030064B984203D30020704705485C
:10361000F8E790F82420002AF8D13030F3E700BF13
:1036200048170020C8150020054B984206D303F523
:10363000C07398422CBF00200120704700207047C3
:10364000C815002038B50B4610B1026802B109B99F
:10365000FDF7A6FA021D00F1140452F8045B41F8CC
:10366000045BA242F9D190F8252083F820200021A4
:1036700083F821100268948EC4F304145C8490F8DB
:103680002400042803F1100004D1BDE838401022C2
:103690000BF0E2B9131D143253F8041B40F8041B5D
:1036A0009342F9D138BD00002DE9F843164607468C
:1036B00000B10AB9FDF774FA184D0024A04605F5CB
:1036C000C07995F824305BB13946281D06F05CF8C6
:1036D000404505D995F8253083429CBF80462C464D
:1036E00030354D45EDD134B194F82430042B0FD151
:1036F000E38CDB070CD4FFF777FE18B944B96FF001
:10370000710003E03146FFF797FE0020BDE8F88323
:1037100031462046FFF796FFF7E700BFC8150020A7
:1037200010B5044600F114010648FDF721FF94F896
:10373000243023F0040384F824302046BDE81040F0
:10374000FFF734BF901500202DE9F843044600F13F
:1037500014011748FDF70CFF2368988EC0F304107E
:1037600001F01EFD0546D8B100F1160604F104096A
:103770004946304694F8257006F006F805F126080B
:1037800087424946404694BF94F82570002605F0CC
:10379000FBFF874209D91EB13146284602F0BCF82A
:1037A0002046BDE8F843FFF7BBBF4646F4E700BF3D
:1037B000901500202DE9F8431F4613460A4601469E
:1037C0000020089EFFF76CFE044600283DD090F8CC
:1037D0002430B74243F0040380F8243001D2FDF7CF
:1037E000DFF907EA0605681C36D01D4B18684369E7
:1037F00001332DD00AF0B1FA711C05461CD0194BCB
:103800001948B3F9009004F114084146FDF7B0FEE1
:103810000023C4E9053644F6CC731348E3832462DD
:10382000A4F81C904146FDF76DFEB21C04D073193C
:10383000013308BF01362E44FB1C0FD87B1901331E
:1038400008BF01373D44C4E90A562046BDE8F88365
:1038500083685B689847CFE72E46F4E73D46F2E77A
:10386000E02C01008E1100209015002010B50A4BAD
:103870009B690246002013B94FF0FF3010BD5C6811
:1038800020445C898C4204D1002AF7D0DC68944241
:10389000F4D01B68EFE700BF90150020F0B5044698
:1038A00085B00E4617460021102268460BF0D4F86A
:1038B000D4F8A430D90406D4B4F9661123480CF026
:1038C0007DF905B0F0BDDA07FBD594F8C02002AB56
:1038D00004F1B801204602F0A1FA0028F1DB3A46D3
:1038E0003146684605F06FFF6946204601F05AFEF2
:1038F000051E29DA07233A466946204601F0B6FD3F
:10390000051EDEDB0127D4F8A430DB04D9D510492D
:10391000082230460CF014F938B13378FF2B0BD164
:10392000737803F00F03022B06D16219137D23F085
:103930001F0343F010031375002FC2D004EB0510D2
:103940001630FFF7A7F9BCE70027DCE73D0C0100C4
:103950009A29010010B50A49082204460CF0F0F833
:1039600048B12378FF2B08D1607800F00F00831E48
:103970005842584110BD0120FCE70020FAE700BF83
:103980009A290100002102F081BD08B5FFF7B2FBC2
:1039900028B190F8363013F0010F08BF002008BDA1
:1039A000F8B50446174606981A460D46A9B191F88F
:1039B00065310A2B11D1134604F1100154F8040BA0
:1039C00043F8040B8C42F9D1B5F866311B0113831F
:1039D0000023937601263046F8BD78B92946204663
:1039E000FFF718F906460028F4D1D5F8A41011F411
:1039F000805107D03846FFF7C5FFECE71146FFF7C7
:103A000033FCE7E70DB1B5F9661102222046FFF756
:103A1000C3FB0028EED0002FDDD07621384602F01F
:103A200035FDD8E738B505685DB195F836301B0728
:103A300007D5FFF781FC00242046FFF7E1FD04468F
:103A400000B938BD23689D42F6D1FFF7AFFDF3E71B
:103A50002DE9F843DFF834801F460B4B144605462A
:103A60000E4640461146B3F90090FDF781FD002354
:103A7000C4E900376681E560A4F808902146404615
:103A8000BDE8F843FDF73EBD8E11002090150020E3
:103A900038B5084CFFF7ECFAA16929B10D6820464A
:103AA000FDF766FD2946F8E7FFF7DAFABDE838408A
:103AB000FFF7E4BA9015002038B5044608B9FDF7C1
:103AC0006FF8002501F077FB0E49A4F89C502046C2
:103AD00001F06FFE402220460B49FFF7DFFE4FF456
:103AE0007A71284607F0F6FE04F16802034644F6B0
:103AF000C3712046FFF7ACFF2046BDE8384001F017
:103B000061BB00BF7A2901009A29010038B504463B
:103B100008B9FDF745F801F04EFB04F11605104811
:103B200004F16801FDF724FD2846FFF713FF18B1E3
:103B30002946204601F0F0FE04F126052846FFF74D
:103B400009FF18B12946204601F0E6FE2046054946
:103B500001F085FE2046BDE8384001F033BB00BFD0
:103B6000901500207A29010010B5044608B9FDF728
:103B700017F801F020FB4FF47A73C4F8983094F8EA
:103B80009E3043F00103204684F89E3002F0E6F8B0
:103B90002046BDE8104001F015BB00002DE9F047BC
:103BA0000C468CB0054608461746994601F003FBC3
:103BB000FFF75EFA002C3ED0B4F966112846FFF7F5
:103BC000E4FE0646002838D0B0F83480C8F3041864
:103BD0002846FFF7BFFE00285FD1B8F1000F5CD088
:103BE000204601F0EFFA404601F0DAFA0446FFF70A
:103BF00045FA204601F0DFFAFFF73AFA002C4ED0E2
:103C0000B4F966112846FFF7C0FE064600964B46FB
:103C10003A4621462846FFF7C3FE00280CBF6FF046
:103C200075060026FFF72AFA204601F0CBFA304647
:103C30000CB0BDE8F0872146C0E72846FFF78AFEB2
:103C4000B0460028C4D1B2465046FFF7D9FC8246A0
:103C500078B9B8F1000F2BD098F824305A0727D53F
:103C6000B8F82630DB0723D5D8F80030B3F8348015
:103C7000ACE70AF10401284605F086FD9AF82530E4
:103C80009842E1D3B8F1000F05D098F825209A4268
:103C900038BFD046D8E7D046D6E7002CB6D11FB102
:103CA0007621384602F0F2FB6FF075060024B9E782
:103CB00003AA39462846FFF7F7FC061E35DB2749DD
:103CC000102207A80BF03CFF78B976BB2846FFF717
:103CD00041FE50B307AA05F1100C28686968134625
:103CE00003C3083565451A46F7D1BDF82E3024BB0D
:103CF000BDF92E0001F054FA0446FFF7BFF9204643
:103D000001F059FAFFF7B4F924BB214607A8FFF7E1
:103D10003CFE4B4600903A46214607A8FFF740FE7E
:103D2000002808BF6FF075067CE71FB17221384686
:103D300002F0ACFB6FF0710674E7B4F966219A42A9
:103D400008D0204601F03EFAB4F96621BDF82E30C5
:103D50009A42CDD1B4F96611D8E700BFBA29010063
:103D60002DE9F04F0F4689B015469846044608B92C
:103D7000FCF716FF01F01FFAFFF77AF92B78872B73
:103D800000F05481882B00F01D82862B40F0AB811F
:103D900007F108094846FFF7DDFD002800F0A38180
:103DA000FB79FF2B40F09F816B78002B40F09B81CB
:103DB000B8F10F0F40F29781D4F8A430DA0407D499
:103DC000EB885BBA9BB242F22832934200F28B81BD
:103DD000A8F1100B05F1100632465B46002B59D1B5
:103DE000B5F80680B4F966111FFA88F34846002B2F
:103DF0005CD0FFF773FA8146002800F0748198FACE
:103E000098F84FF47A731FFA88F803FB08F84346D2
:103E1000021D44F6CD71FFF71BFE2B790BB184F820
:103E20006431EB6813B11BBAC4F89830B9F1000FD4
:103E300013D0D4F8A430DB040FD5237D13F0EF0F9B
:103E400003D004F11600FEF725FF637D13F0EF0F9A
:103E500003D004F12600FEF71DFFBBF1000F2FD1A8
:103E6000B9F1000F00F03F8104F16805A24829462E
:103E7000FDF77EFBD4F8A430DE0440F134814FEA34
:103E8000980303EB43032A4644F6C3712046FFF729
:103E9000DFFD28E19845C0F026815178002900F027
:103EA0002281A3EBC10302EBC10297E7FFF77CFA83
:103EB00008B1FFF7B7FD4FF0FF384FF00009ACE74E
:103EC0003378052B1BD009D8012B11D0032B24D01C
:103ED0007378ABEBC30B06EBC306BEE7222BF7D11F
:103EE00031462846FEF7D4FF804528BF8046EFE7DD
:103EF00033462A4639462046FFF72AF8E8E7737822
:103F0000012BE5D12B78862BE2D173681BBAB3F570
:103F1000A06FDDD3A4F8A030DAE773680493B36828
:103F200005937378042B05D04FF0FF33984528BFD5
:103F30009846CDE72B78862BF6D106F1100318466C
:103F40000293FFF707FD0028EED1049B059A1BBAE8
:103F500092FA82FA5345E7D3D4F8A410F278C80451
:103F600001D51106E0D4500606D5B2780299039324
:103F70002046FFF793FC039BF2783F2AD4D9B2780E
:103F800003927268E2B9924613E09AF82430590716
:103F90000FD59AF82530039A93420AD102990AF173
:103FA000040005F0F1FB039B984202D35046FFF753
:103FB000CBFB5046FFF724FB82460028E5D1B3E750
:103FC000049A013207D04D4A93429ABF4FF47A7255
:103FD00053436FF00103059A013208D0474A9245D6
:103FE0009ABF4FF47A7202FB0AFA6FF0010ACDF819
:103FF00000A0DDE90212B4F966010493FFF7DAFBD1
:10400000002891D096F90320F178049B002ABEBFC6
:10401000C28C42F00102C2844A0642BFC28C42F006
:104020000202C284534528BF53467FE7FB79FF2B2A
:1040300059D16B78002B56D1B8F1170F53D92B7A81
:10404000FF2B50D007F108092D49102248460BF0EC
:1040500077FD38B92B490D2207F118000BF070FDE0
:10406000002840D105F1080B5946204601F09AFA84
:10407000031E029337DBA8F1180605F1180A524611
:10408000334673B91E490393102248460BF058FD7E
:10409000039B78B900934A462146584600F098FDA4
:1040A00021E098451FD35178E9B1A3EBC10302EB9E
:1040B000C102E6E7D4F8A430D80705D4B4F96611F4
:1040C00003224846FFF768F8F6B9029B23441B7D9C
:1040D000990670D5B4F966115846FFF756FC0546A7
:1040E00018BBFFF74FFCFEF7C9FF204609B0BDE83B
:1040F000F04F01F067B800BF9015002037894100EC
:10410000BA2901008A2901009AF80030012B05D153
:1041100053462A4639462046FEF71AFF9AF80130E0
:10412000A6EBC3060AEBC30ACEE73B7EFF2B1FD1EB
:1041300094F8C07004F1B8013A4606A80BF01EF9D5
:10414000B7B13246394606A800F0DBFC0646002827
:10415000C7D040213246584600F072FC074648B1AD
:104160004A460021FEF71BFD804628B93846B8E7CD
:104170006021EFE73046B4E74368FF22DA7100239D
:104180001A461946184601F059FE064608B9404637
:10419000A7E74368B4F866215A804FF47A71C0F8F3
:1041A0000080002007F096FB05F12402034644F648
:1041B000C27130466BE63B7E0096A3F1FF0253428C
:1041C000534168E7FB79FF2B8DD16B78002B8AD1A7
:1041D000B8F1170F87D92B7AFF2B84D03B7EFF2BAA
:1041E00003D12B795B063FF57EAFA8F1180905F1E5
:1041F000180632464B46F3B9B4F9661105F10800CA
:10420000FFF7C3FB804600283FF46DAFB9F1000F04
:104210003FF469AF3378212B07D1CDE900683346ED
:104220002A4639462046FEF79DFD7378A9EBC3095F
:1042300006EBC306EAE79845FFF455AF517800292D
:104240003FF451AFA3EBC10302EBC102D3E700BFC0
:1042500038B5044600F0AFFF44F6C3712046FFF7BF
:1042600005FBD4F8A430DA0423D594F89C30022B53
:1042700042F210750AD9033B4FF47A6202FA03F353
:104280001D444EF660239D4228BF1D46A8420BD90F
:104290001149204600F020FD94F89C30092B0BD9E1
:1042A000D4F8A430DB040DD42046BDE8384000F03B
:1042B00089BF4FF47A65E9E70133DBB2022B84F85A
:1042C0009C30EDD82B4604F1680244F6C3712046B9
:1042D000FFF7BEFBE8E700BF6A290100F8B50D460D
:1042E0000446FEF7C5FEA5F59F4142390D2914D8B5
:1042F000DFE801F0071713131313131313131B69CC
:10430000136D3549234640F20222022000F05EFD83
:1043100018B90921204602F0B9F8BDE8F840FEF7C7
:10432000ADBE2046FFF794FFF7E72368988EC0F3F1
:10433000041000F035FF05460028EED0274B186822
:10434000436901330FD009F008FD0646284600F006
:1043500032FFA36AB3420AD82046FFF7F5F9284690
:1043600000F030FFD9E783685B689847EDE7E36AC0
:10437000B342F4D8271D394605F1160005F004FABA
:1043800094F8253083429FBF2B7D23F01F0343F019
:1043900008032B75394605F1260005F0F5F994F868
:1043A000253083429FBF6B7D23F01F0343F008033A
:1043B0006B75A36A04F114029B1B44F6CC71204672
:1043C000FFF746FBCBE72046FFF72CFBA5E720468F
:1043D000FEF760FCA1E700BF0000FFFFE02C01003A
:1043E00008B5044910220BF0ABFBB0FA80F040098D
:1043F00008BD00BFBA290100F8B5069D14461E4647
:1044000080B179B1FFF7ECFF1D4B9D429ABF4FF48D
:104410007A735D434FF0FF350EB128B164B96FF088
:10442000150407E00120EFE7FEF722FE6FF0850498
:10443000FEF724FE2046F8BDFEF71AFE2046314660
:10444000FEF74CFF0446C0B10E4B18609DB10E4BF9
:10445000061D31460D48B3F90070FDF789F80023B9
:10446000C4E9013544F6CD730848E3812461A7818E
:104470003146FDF747F80024DAE76FF00B04D7E781
:1044800037894100841700208E11002090150020EC
:1044900038B504460D46FEF7EBFD24B11DB12046AC
:1044A000FFF79EFF20B1FEF79FFF08B1FEF744FF24
:1044B000BDE83840FEF7E2BD2DE9F04106460F4663
:1044C0009846154602B10BB9FCF76AFB106838B97B
:1044D0002C682046FFF794F80446E8B9286003E00A
:1044E000FFF7A2F80028F3D12C682046FEF746FF1C
:1044F000044668B120680028F7D027B1838EC3F343
:1045000004139F42F1D14EBB41462046FEF794FF73
:10451000201E18BF012017E094F82430002BD3D0C0
:1045200020680028D5D0042B02D1E38CDB07D0D53E
:1045300027B1838EC3F304139F42CAD13EB92046EC
:104540004146FFF77FF801202C60BDE8F08131463D
:10455000043005F003F90028F1D1BAE73146043000
:1045600005F0FCF80028C0D0CEE7000030B590F888
:1045700020308BB0044613B1FFF732FFF8B194F846
:104580002110154A154B164800290CBF1146194633
:104590000BF014FB04F110052846FFF721FF40B98A
:1045A00029462822684605F0D5F901460D480BF04A
:1045B00005FB618C0C480BF001FB0BB030BD2146B4
:1045C0002822684605F0C6F994F8202001460748DD
:1045D0000BF0F4FADEE700BFEB0E0100BC0C0100AB
:1045E000BE0C0100D00C0100D80C0100C90C010068
:1045F00038B50D46044608B9FCF7D2FA082BFBD8AB
:104600004B1E1F2BF8D8FEF733FD2946002220460B
:10461000FEF7C2FD054620B9FEF730FD6FF00B0036
:1046200038BD0E49082220460BF08AFA38B12378AB
:10463000FF2B10D1637803F00F03022B0BD1AB8E4D
:1046400023F4C06323F0070343F4C063AB86FEF793
:1046500015FD0020E4E76FF01500E1E79A2901005D
:1046600070B505460E46FEF703FD00242046FEF712
:104670002DFD044668B1A38EC3F304139E42F5D109
:10468000211D284605F06AF80028EFD02046FEF7E5
:1046900053FDBDE87040FEF7F1BC38B50546FEF7A6
:1046A000E7FC00242046FEF711FD044678B194F89B
:1046B0003630DA07F6D5211D284605F04FF80028D8
:1046C000F0D0A38E5B0702D02046FEF733FDBDE895
:1046D0003840FEF7D3BCF8B50C6806460D461746C1
:1046E000FEF7C6FC2046FEF7F1FC044668B194F8DC
:1046F0003630DB07F6D526B1A38EC3F304139E42F2
:10470000F0D139462046FEF7AFFD2C60FEF7B6FC2F
:104710002868003818BF0120F8BD000010B58AB025
:10472000014604462822684605F014F9014610485F
:104730000BF044FA238B13F4F87FC3F3041102D077
:104740000C480BF03BFAA17E6A4604F1100005F01C
:104750005EFA014608480BF031FA238B1B0702D59D
:1047600006480BF02BFA064809F0EEFF0AB010BD20
:10477000551F0100E10C0100EA0C0100F50C0100DD
:10478000EB0E01002DE9F04387B00C4605461646B6
:104790000021102202A8DDF838901F460AF05CF9CB
:1047A0000CB9FCF7FDF9802EB04628BF4FF0800809
:1047B0005FFA88F2214602A805F005F82449102284
:1047C00002A80BF0BDF900283FD02249082220465C
:1047D0000BF0B6F9002838D02378FF2B35D0B94537
:1047E00033D8FEF745FC2146CDF800903B464246C3
:1047F0002846FEF7DFFF044630B9FEF73FFC6FF0B6
:104800000B0007B0BDE8F08328B200F0C9FC0546F4
:1048100018B9FEF733FC0020F3E700F0CCFCD5F824
:10482000A430DA045EBFE38C43F00103E38495F81F
:104830009E30DB0705D57F2E9EBFE38C43F002033D
:10484000E384284600F0BEFCE3E76FF01500D8E7EC
:10485000BA2901009A290100F8B5054617460E4607
:1048600009B9FCF79DF9FEF703FC00242046FEF78A
:10487000C7FE0446A8B12368002BF2D094F8252087
:10488000BA42F3D125B19B8EC3F304139D42EDD1FF
:10489000211D304604F078FFB842E7D32046FEF7EA
:1048A00053FFBDE8F840FEF7E9BB2DE9F0410C6885
:1048B00007460E461546FEF7DBFB2046FEF7A0FE38
:1048C000044630B3D4F80080B8F1000FF5D094F866
:1048D00024305B07F1D52FB1B8F83430C3F304139B
:1048E0009F42EAD194F825302B74102200212846EB
:1048F0000AF0B2F894F82520211D284604F063FF41
:10490000B8F83430C3F304136B82A36A6B61E36AB3
:10491000AB61FEF7B3FB201E346018BF0120BDE879
:10492000F081000030B58FB00546102200216846A6
:104930000AF092F81E4B18684369013334D009F02D
:104940000CFA2A7C29460446684604F03CFF2822DB
:10495000694604A804F0FEFF2A7C014615480BF0C6
:104960002DF9698A14480BF029F969694A1C07D0A6
:10497000091B4FF47A731148B1FBF3F10BF01EF9E8
:10498000A9694B1C0BD0A14284BF091B4FF47A7359
:104990000B488CBFB1FBF3F100210BF00FF9094874
:1049A00009F0D2FE0FB030BD83685B689847C8E756
:1049B000E02C0100C90C0100E10C0100FC0C01001D
:1049C0000D0D0100EB0E010038B504461846FEF748
:1049D000E6F8054668B14368FF22DA7100231A46FB
:1049E0001946184601F02AFA28B92946284601F046
:1049F00077FD002038BD43680CB1B4F966415C8096
:104A00000560F7E710B50446084614B12378FF2B7C
:104A100001D1FCF7C5F8182300228721FDF74FFCD0
:104A200068B14368216800221A715A719A71DA716B
:104A30006268DA609960A168E2685A61196110BD24
:104A400038B504460D46104614B12378FF2B01D12A
:104A5000FCF7A6F8182300228821FDF730FC78B176
:104A60004368002225F01F051D71DA719A715A7191
:104A700021686268DA609960A168E2685A61196128
:104A800038BD08B5002208238521FDF718FC28B1A0
:104A9000436800221A715A719A71DA7108BD10B513
:104AA000002304461046CA1D02F0F802194601F020
:104AB0002FFE20B1426814708368DB08537010BD6C
:104AC00070B506460D4618460231FFF7E8FF04466A
:104AD00058B1436882680233023A0021184609F04F
:104AE000BBFF2A4631460AF049FC204670BD10B58E
:104AF00000B109B9FCF754F8BDE810400123FFF7F5
:104B0000DFBF10B500B109B9FCF74AF8BDE81040A5
:104B10000223FFF7D5BF00002DE9F7430A9D0C469D
:104B200016469846074610B10378FF2B01D1FCF7D3
:104B300037F80029FBD0B8F1000FF8D0084600F094
:104B40003AFB36B932463946204600F03FFD06466C
:104B5000B8B11D49102230460AF0F2FF88B194F82E
:104B6000C09004F1B8014A4668460AF007FCB9F162
:104B7000000F06D02A4649466846FFF7B8FFE8B15D
:104B8000054638462946FFF73DFF0746B0B10346C4
:104B9000424631462046FFF717FF054668B10346F7
:104BA0000A4940F20222022000F010F930B12046FA
:104BB00000F008FB03B0BDE8F0833D460021284625
:104BC00001F064FCF3E700BFBA2901000000FFFF19
:104BD0002DE9F04387B00D460E9E144699460746D0
:104BE00010B10378FF2B01D1FBF7DAFF0029FBD0CE
:104BF000002AF9D0084600F0DEFA3946284600F0CF
:104C0000D1FCB0F100085CDB3049102220460AF0EC
:104C100097FF30BB2E4B02AC03F1100C186859689B
:104C2000224603C2083363451446F7D1002495F8A1
:104C3000C09005F1B8014A4668460AF09FFBB9F1F9
:104C4000000F3BD0324649466846FFF75AFFC0B3D3
:104C5000A84498F814309B0601D444F0200406467A
:104C60000FE0224602AB04F1100C106851681C469C
:104C700003C4083262452346F7D14024B9F1000F3E
:104C8000D5D1214632463846FFF7DAFE0446C0B198
:104C9000034602AA00212846FFF796FE064678B191
:104CA00003460C4940F20222022000F08FF840B186
:104CB000284600F087FA07B0BDE8F0833046CEE71B
:104CC00026460021304601F0E1FBF1E7BA29010058
:104CD0007A2901000000FFFF2DE9F3410E46054649
:104CE00008B9FBF75DFF214B002908BF1E4600F005
:104CF00062FA00223146284600F068FC8046A0B1E6
:104D000095F8C04005F1B801224668460AF036FB26
:104D100064B1214600226846FFF7E9FE044628B93F
:104D20000021204601F0B2FB17E004462046FFF7C1
:104D3000A8FE07460028F3D00346324641462846DF
:104D4000FFF742FE044670B10346094940F20222D1
:104D5000022000F03BF80028E2D0284602B0BDE86F
:104D6000F04100F02FBA3C46DAE700BF6A290100A3
:104D70000000FFFF00B589B006930A9BADF81C3018
:104D8000BDF82C308DF81410ADF81620ADF80630B3
:104D9000024605AB03A901A80293FBF7F1FBBDF89E
:104DA0000E2040F205239A4201D0FBF7F9FE049849
:104DB00009B05DF804FB07B5019101466846ADF8FE
:104DC0000220FBF7C1FB03B05DF804FB2DE9F341C2
:104DD0000446884617461D4601F072FA41462046B1
:104DE00001F023FB064648B14146204601F018FB7E
:104DF000711E0446284601F001FC2CB901F07AFA34
:104E0000304602B0BDE8F081237A012B0FD0022B8F
:104E100016D003BBB4F90C003A462946FFF7CBFF86
:104E2000002813DC0521284601F030FB0EE0E06885
:104E3000ADF80270002269460195FBF7B3F9EFE780
:104E4000E3682946D3E900823846C047204601F08E
:104E5000FEFA0446D1E78C21E5E710B50C46B0F820
:104E600066112046FCF7EAFB0022225410BD13B560
:104E70004FF40174B0F966010194049C0094FFF7AB
:104E800079FF02B010BD13B540F20324B0F96601FA
:104E90000194049C0094FFF76DFF02B010BD1FB594
:104EA00000240394ADF80C30436801941B698DF81D
:104EB0000410029201A9984704B010BD50F8A80C44
:104EC00003681B691847000008B5044910220AF05E
:104ED00037FEB0FA80F0400908BD00BFBA290100D2
:104EE00010B50A49082204460AF02AFE48B1237880
:104EF000FF2B08D1607800F00F00831E5842584104
:104F000010BD0120FCE70020FAE700BF9A2901004C
:104F100070B58568044600F0E7FE2B6801465E69BF
:104F200004F1B80208232846B04710F1860F08D0D4
:104F3000D4F8A430002843F00103C4F8A43006DC00
:104F400070BD94F8C030002BFAD0FBF729FE84F82E
:104F5000C000F5E7F8B5044608460E461546FFF7CB
:104F6000B3FF98B95DB104F136050327002431463B
:104F700005EB041004F0F2FB28B12046F8BD04F163
:104F800016050227F2E70134BC42F0D14FF0FF30A2
:104F9000F4E70378FF2B10B5044603D1407800F006
:104FA0000F0010BDFFF79CFF60B9208840BA20F0C9
:104FB0003F000004000C4FF6C06398420CBF052070
:104FC0000E20EEE70220ECE770B504460D461646CB
:104FD0007AB908B9FBF7E4FDD0F8C8304BB100F05E
:104FE00031F82946204601F0D3F830B3134809F0D0
:104FF000ABFB0121284601F001FB636829465B6891
:1050000020469847103016D12946204666B101F057
:10501000FBF806468EB10A4809F096FB0C2128469B
:10502000BDE8704001F032BA01F0B2F80646204601
:1050300001F0CCF8EEE70021F1E770BD210D010091
:10504000590D010010B5044608B9FBF7A9FDD0F8C9
:10505000C8307BB11A685968C0F8C82000221A60AD
:105060005A6039B10122FFF7AFFF2046BDE810407A
:1050700001F0ACB810BD000037B5846841B904F147
:10508000B00104F1A80003B0BDE83040FCF79EB9C0
:10509000023907290ED8DFE801F0110D2C2C2C2C39
:1050A000040F174BCDE90034164B6846B3F90010D6
:1050B000FBF734FA03B030BD134BF3E763682046C7
:1050C0009B68984705462046FFF7BCFF002DF1D0AE
:1050D0000E4995F910002B4640F20122FFF776FEAB
:1050E00001460028E6D1284603B0BDE8304001F073
:1050F000CDB9204603B0BDE83040FFF7A3BF00BFE5
:105100000000D44F8E1100200000D54F0000FFFF9B
:10511000F0B589B01E4687680023C0E90333109BB1
:1051200043600C4615460FB1FBF73AFD0F9B8360B9
:10513000CDE90507012106A8FBF78EFA0E9B029325
:1051400005AB0193084B009332463B462946204667
:10515000FBF716FC0028E7DD012106A8FBF77CFA27
:10516000079809B0F0BD00BFD551000090F8653137
:105170000B2B9DBF4FF43760D84000F0010000209A
:10518000704705F061BB10B500242046FFF7F9FF1A
:1051900008B9204610BD4368002BF7D00134F5E76D
:1051A00010B504460020FFF7ECFF18B1B0F96631E6
:1051B000A342F8D110BD20B1436813B10C30FBF706
:1051C0006DBD704720B1436813B10C30FBF76ABD69
:1051D000704700002DE9FF410468DFF808810546AB
:1051E000002640F205232046CDE90066ADF80230E6
:1051F000FFF7E1FFB8F80030A4F86631364BC4F889
:10520000B430364B1B68C4F8AC30102104F1E40014
:10521000C4F8A860FBF710FA636820461B6898473B
:10522000A860281DFBF74EFAAA68B24204F1A8074D
:1052300048DB2046FFF7C6FF41F233263846FCF72D
:10524000E5F8054648B902A8FBF7E6F9002809DCAD
:1052500048F20100FBF75AFCF0E76B68002BEDD039
:105260009847EBE7BDF80A30B3F5017F27D00FD898
:1052700040F20222934211D040F20322934213D013
:1052800063685B69002BD9D002A920469847D5E70F
:10529000B342F5D12046FFF7D5FECFE703992A4662
:1052A0002046FFF791FEC9E763681B690399204612
:1052B00098476946019002A8FBF788F9BEE7636842
:1052C000DB68F3E7B8F80010054809B20AF076FC8D
:1052D000304604B0BDE8F081BD4E00002805002036
:1052E0008D0D0100B40500202DE9F8430E4605465A
:1052F000FFF761FF33783489112B0CD8062B0FD9B7
:10530000073B0A2B0CD8DFE803F01F89260B5069F6
:105310000B0B0B0B9A00402B0BD0412B00F09B800A
:10532000A8687268036831785C693389A0470446CD
:1053300035E0012C01D0FBF733FC2846FFF716FFC0
:105340007368187001242AE0012CF4D1736895F871
:1053500064211A70F6E70F2CEDD92C7D73688CB19F
:1053600005F11602194605F1260052F8044B41F8E2
:10537000044B8242F9D13289102A03F110034FF015
:1053800010040CD96A7D52B105F1260205F13601EF
:1053900052F8040B43F8040B8A42F9D11034284622
:1053A000FFF710FF2046BDE8F883002CC3D07268D9
:1053B00005F1130305F1150000243189A142EEDD4A
:1053C000834203D114F1860FAAD0E8E713F8011F36
:1053D0000029F2D002F8011B0134EEE70F2CAAD904
:1053E000D6F8048005F1360705F1660900243389F3
:1053F000A342D4DDB945D2D03846FFF765FD07F1A9
:10540000100348B9424657F8041B42F8041B9F4258
:10541000F9D1103408F110081F46E8E7072C8AD9A3
:10542000D5F8A4207368D2077FF57AAF95F8C0202D
:1054300005F1B801284600F0F1FC0446C2E7738884
:10544000022B7FF46DAF022C7FF475AF7368B5F853
:10545000A0201A80A3E7012C7FF46DAFD5F8A4300B
:105460007268C3F3002313706CE700002DE9F04766
:105470000D468AB091461F46044600B109B9FBF7B4
:105480008FFB0B78FF2BFAD00846FFF71DFD002895
:10549000F5D14149102228460AF052FB0028EED0EF
:1054A00009F1FF337F2BEAD82046FFF784FE07F08F
:1054B0001F03072B08BF07F0F807294604F1160061
:1054C00008BF47F0010704F049F9B8B9267D29461D
:1054D000003E04F1260018BF012604F03FF9764291
:1054E000804688B996B1637D002B4AD02046FFF7ED
:1054F00069FE6FF00B000AB0BDE8F0870026204679
:10550000FFF760FE3046F6E70126F8E70646D4F8D6
:10551000A430DB040BD4282229462048B4F966A124
:1055200004F018FA514602461D480AF047FBA1193B
:1055300004EB06130F752A46163305F1100052F8D6
:10554000047B43F8047B8242F9D10B7D03F01F03F7
:10555000102BD4D100230293B4F9660103AA02A947
:10556000FFF7A3F9074670B9B8F1000FC7D14FF0A4
:10557000FF330093B4F966014A462946FFF702F962
:10558000BDE70126C3E7294603A804F0FDF8484516
:1055900028BFB846E0E700BFAA290100891700200C
:1055A000AD0D010038B50D46044600B109B9FBF751
:1055B000F7FAFFF700FE294600222046FFF7CAFC53
:1055C00005462046FFF7FEFD284638BD2DE9F04F81
:1055D0008FB017460191044600B109B9FBF7E0FA14
:1055E000FFF7E9FD257D002D47D06A0744D1002F44
:1055F00046D004F11600FFF773FC00280BBF00250E
:1056000080254FF0FF360026637D002B41D05B07DD
:105610003FD1002F37D145F0400576420027019851
:10562000ADF81470FFF7B5FC04F116084FF0FF3128
:1056300002460DF1140943460091BB468BF0070169
:10564000012000FA01F1294246D00199039218463F
:105650009A46029304F082F8002875D1029B1846FE
:10566000FFF797FC039A99F80010029B824218D129
:1056700011440F31C9B219E000254FF0FF36C3E7DE
:1056800080253E46C0E704F12600FFF729FC0028EC
:10569000C1D1002EC2D04FF0000A5CE04FF0010BE8
:1056A000CCE75FD20F31101A0844C1B204F11400E4
:1056B00089F8001010F80B0000F01F0008281CBF2C
:1056C000013189F8001099F800100098B94288BF9C
:1056D0005846009088BF0F4609F101091033BBF10D
:1056E000000FDBD04FF000094D4605AB5B5DBB42C0
:1056F00020D10199404604F047F802908246404686
:10570000FFF7EEFB00283AD106908346B4F9660114
:1057100007AA06A9FFF7C9F840BBBBF1000F04D0E8
:10572000029B5B4528BF5B469A46D1453CBF5FFA6A
:105730008AF9009508F11008B5B1009B002B06DB33
:1057400004EB031303F1160ABAF1000F03D104EBC3
:10575000061606F1160A2046FFF734FD50460FB034
:10576000BDE8F08F014485E70125BEE7414607A863
:1057700004F00AF8584588BF9DF82CB0C6E74FF0F2
:10578000400BCDE738B5054600242046FFF7F9FC6D
:10579000044660B100222946FFF7DCFB002806DA48
:1057A000012229462046FFF7D5FB0028EDDB2046E5
:1057B00038BD2DE9F34105466A4690F865010E466D
:1057C00004F022FA04462846FFF7F5FC002C1DDD04
:1057D000A3B26A466E212846FFF761FB10F1860FDF
:1057E000044601D0002814DB05F1360800274FF0ED
:1057F000FF343146404603F0B1FF70B12846FFF751
:10580000E1FC3C46204602B0BDE8F08114F1860F71
:10581000EAD02846FFF7D6FCF4E7621C05D14046E3
:10582000FFF752FB002818BF3C460137032F08F151
:105830001008DED1631C05D12846FFF7C3FC6FF0CA
:105840000B04DFE705EB04133146363306F1100293
:1058500051F8040B43F8040B9142F9D1D9E72DE933
:10586000FF478A46044600B109B9FBF799F990F859
:1058700065016A4604F0C8F9051E02DA15F1860FC3
:105880002FD12046FFF797FC002704F13608B946D0
:105890004FF0FF36002D13DD4046FFF715FB78B9BA
:1058A00094F8650102AA414604F0AEF9854207D199
:1058B0002A46694602A80AF043F908B909F1010924
:1058C0004046514603F04AFF002818BF3E460137C4
:1058D000032F08F11008DDD1002E05DA2046FFF76E
:1058E00071FC04B0BDE8F08715F1860F02D0B9F164
:1058F000000FBAD0B9F1010F05D1ABB26A466F21E2
:105900002046FFF7CCFA04EB0610102200213630B7
:1059100009F0A2F8E2E700002DE9F04F2DED028B2F
:105920000E468BB0044600B109B9FBF739F99FED7B
:10593000288B4B7B8DF815304FF08079CB89CDF8D3
:1059400010904FF0FF0A8DED028B8DF814A0ADF88A
:105950001630FFF730FC04F1160504F1140804F1C9
:10596000360B01273146284603F0F8FEC0B100216E
:1059700088F800101022284609F06EF810355D45B1
:1059800008F10108EED11FB102A92046FFF767FF19
:105990002046FFF717FC0BB0BDEC028BBDE8F08F83
:1059A0008DED068BCDF820908DF824A06A7B8DF8C4
:1059B0002520EA89019002A906A8ADF8262003F067
:1059C000CDFE019B002818BF1F46D7E7AFF300802C
:1059D000FF0200000000000070B50E460546FFF70C
:1059E000EAFB327833891B2A11D8062A11D9073AE3
:1059F000142A0ED8DFE802F01F0D293B0D474E0D8B
:105A00000D0D550D0D0D0D0D0D0D0D0D6F00412AD8
:105A100052D0A8687268036831789C693389A047BE
:105A2000041E2BDD3378052B67D8012B26D9284699
:105A3000FFF76EFA22E0012B01D0FBF7B1F8736893
:105A40001B7885F86431012418E0102BF5D1728899
:105A5000716802F0E00343F01003120A2846FFF7D2
:105A600005FD041E09DA14F1860F07D1D1E7102BCA
:105A7000E3D171682846FFF74FFF10242846FFF74F
:105A8000A1FB204670BD102BD7D171682846FFF7C7
:105A900090FEE6E7102BD0D171682846FFF7DFFEB5
:105AA000EBE77288022AB4D1022BC6D17268128841
:105AB000A5F8A0201C46E1E7012BBED17268D5F8FD
:105AC000A4301278012A0CBF43F4807323F480734E
:105AD000C5F8A430B7E77268D5F8A410107801288B
:105AE000A8680CBF41F4803121F48031C5F8A410BE
:105AF00001688C691B21A047A5E7572BBED128461A
:105B000000F051F9BAE7000070B5744B8568C5E93B
:105B100001302B6886B0DB68044628469847002889
:105B2000C0F28A80204604F07DFE01238DF81030FB
:105B30002A681E215669284604AAB047012803D1C5
:105B40009DF81030012B02D0654808F0FDFDA068DB
:105B500003680DF106025D6928210223A847022887
:105B600001D0FBF71DF8BDF8063084F865312046FA
:105B700000F019F92046FFF7CBF90023CDE90433F3
:105B80004FF480730022ADF804300023CDE90223E6
:105B900094F86521D31E082BE3D8DFE803F0055104
:105BA0000579935189930500D4F8A430D907D8D545
:105BB00094F8C030062BD4D1052AB4F8A03006D012
:105BC0000B2A40F2DC5239D1934203D9C9E7B3F52D
:105BD000A06FC6D1D4F8A430D90720D594F8C0203E
:105BE00002AB04F1B801204600F018F98630B8D0B5
:105BF000D4F8A430DA07B4D594F8650101A903F00C
:105C0000EDFF8630ADD0D4F8A430DB07A9D594F8E9
:105C1000650104AA02A903F0CBFF8630A1D0314D63
:105C200001232B70402384F864312046FDF79CFF4C
:105C30002B78002B95D0002006B070BD9342C8E7AA
:105C4000D4F8A430DB078CD594F8C030022B01D0F7
:105C5000082B86D1B4F8A030B3F5A06F81D1A0682D
:105C600003680DF103025D6919210123A8478630FD
:105C70003FF477AF94F86531042BABD1A06803688B
:105C800004AA5D6903210823A8478630A2D168E7EA
:105C9000D4F8A430DE077FF564AF94F8C030012B50
:105CA0007FF45FAFB4F8A0204FF6FF739A42EDE7A0
:105CB000D4F8A430DD077FF554AF94F8C030033B2F
:105CC000022B82E7D4F8A430D8073FF54AAF94F806
:105CD000C030002B3FF47EAF43E700BF7950000097
:105CE000520E01008817002013B590F86531043B6F
:105CF000012B13D8806803680DF106025C69052149
:105D00000223A047022801D0FAF74AFFBDF8063067
:105D1000082B0CBF0320022002B010BD0220FBE7BD
:105D200030B41D46D0F8A430DB07044612D590F8F5
:105D3000650104280AD1022A08D1A06803685C69B9
:105D40002A46A446082330BC032160472B4630BCBA
:105D500003F0D4BE6FF0850030BC70471FB590F8DB
:105D60006531052B044616D0082B14D0042B18D10E
:105D70000823ADF8023000230193039305238DF827
:105D800004300DF1020302930223ADF80C30436896
:105D900001A91B699847D4F8A43043F48053C4F890
:105DA000A43004B010BD37B50446806803685D694F
:105DB00094F86531043B072B22D8DFE803F0042177
:105DC00004210404210AD4F8A43043F48073C4F8F5
:105DD000A43002230DF106021121A847022801D0A8
:105DE000FAF7DEFE4FF4A063A4F8A030BDF8063049
:105DF000B3F5A06F28BF0023A4F8C23003B030BDB4
:105E000002230DF106021121A8470028ACBFBDF8FE
:105E100006304FF6FF73A4F8A030EFE710B4D0F8C7
:105E2000A440E40705D590F865015DF8044B03F044
:105E30007BBE6FF085005DF8044B70472DE9F041A3
:105E4000174603F108020A440E46002180461C460C
:105E500008464FF0FF3300F05BFC0546F0B14068A8
:105E60000022428082804FF4004206704470C2805B
:105E7000B8F1000F05D026B132464146083009F08E
:105E80007DFA5FB154B168684378A34206D10378C4
:105E9000083322463946184409F070FA2846BDE80E
:105EA000F081002100F0F2BAF0B5866891B0758CEF
:105EB000738AADF8183005F028050C4681B391F9C6
:105EC0001030013349D149680B79DF0654BF45F0E2
:105ED000010545F011053F2B9BBF0B7891F801C0E0
:105EE0001F4B083394BF5B184FF0020C2A071CD5D8
:105EF00006F116010822B07F471CB777CDE90350A1
:105F00000AAFBDF81800ADF80800ADF80400CDF8F0
:105F100000C0384602F0C6FF80B92046FFF7C1FF37
:105F20006FF01505284611B0F0BD0A780AB10831A6
:105F3000E1E790F8C02000F1B801DCE72368CDE983
:105F400007373368C0B209901B6807A930469847E5
:105F500005462046FFF7A5FFE4E76FF04C05E1E7B3
:105F6000682901002DE9F04F866833689C6800239A
:105F700087B005461A4619463046A047022807460C
:105F800040F3A980002302461946184600F0C0FBE2
:105F90003368044650B99D68014603463A46304688
:105FA000A8470024204607B0BDE8F08FD3F808804A
:105FB00041683A4601AB3046C047071E03DC204625
:105FC000FFF76FFFEDE7D5F8A430D9031DD5002307
:105FD0001A4619461846FFF731FF0028EFD04368EC
:105FE0009DF806205A71BDF80420DA800DB1B5F98C
:105FF00066515D8023461A461B68002BFBD110605A
:106000003946204600F02AFCCCE7606802F0D2FF57
:10601000D4F804B081460028D1D08742CFD36A4655
:1060200004A9584603F047F86A46824602A9584632
:1060300002F0F3FFBAF1000FC1DB0028BFDDC1B2EF
:106040005FFA8AF304AA02A8FFF7F8FE8046002848
:10605000B5D0BAF1020F43680AD19DF810209DF81F
:1060600011100A40FF2A02BF1A7962F07F021A71EA
:106070009BF80020D20642BF1A7942F010021A7132
:106080009DF806205A71BDF80420DA800DB1B5F9EB
:1060900066515D80336804F110025D6919210123A6
:1060A0003046A84749460022204600F06FFB0146D3
:1060B00020B92046FFF7F5FE404681E78368204679
:1060C000FF1A00F00DFA23461A461B68002BFBD17D
:1060D000C2F8008094E700287FF763AF33689C68BC
:1060E0000023024619463046A0475AE71FB5054C23
:1060F0000294079C0194069C0094FFF709F804B0F1
:1061000010BD00BF4829010013B50C4C0823A38122
:1061100005F0E0F9204604F071FB04F1280005F0D9
:1061200009FB074B00930749019402234FF4607267
:106130000548FFF7DBFF02B010BD00BFB417002019
:106140007E0E01008C19002024180020FFF7DCBF10
:1061500038B5012105460B48FAF77EFA0A4A0023B2
:1061600052F83300D90038B9084C0C446560054832
:10617000FAF7A8FA204638BD0133102BF0D10024DD
:10618000F5E700BF8C1D0020101D00200C1D002015
:1061900010B5044608460CB9FAF702FD0029FBD0F9
:1061A000FFF7D6FF70B100230360D4F8C83033B1D5
:1061B0001A461B68002BFBD11060002010BDC4F8EC
:1061C000C800FAE74FF0FF30F8E7000013B508B950
:1061D000FAF7E6FC41F23323A0F8CE30EFF3108457
:1061E00072B6B0F96631009300F1D40100F1CC032E
:1061F000044841F28832006807F038FF84F31088C1
:1062000002B010BDE42C010010B5044608460CB9DC
:10621000FAF7C6FC0029FBD0FFF79AFF30B1D4F89B
:10622000C8300360C4F8C800002010BD4FF0FF3034
:10623000FBE70121FAF710BA70B50B4D0B4E0C4C71
:106240000948FFF7F6FF336823B9BDE870400848F6
:10625000FFF7EFBF2846FAF735FA2046FFF7E9FFC8
:106260002046FAF72FFAEBE7981D0020941D002036
:10627000901D002070B504460E480D461646FFF7E7
:10628000D8FF0D4B1B680BB9FAF78AFC0948FAF7DF
:1062900019FA64B9EBB2042B01D9204670BD074B43
:1062A00053F82540002CF8D06368B342F5D0246839
:1062B000F8E700BF981D0020941D00209C1D0020C1
:1062C00010B5094C0948FFF7B4FF236813B9084813
:1062D000FFF7AFFF236805485A1C1CBF013323603A
:1062E000BDE81040FAF7EEB9941D0020981D00207B
:1062F000901D002008B50A48FFF79BFF094A136864
:106300000BB9FAF74DFC591C05D0013B136013B9CA
:106310000548FAF7D7F9BDE808400148FAF7D2B9BD
:10632000981D0020941D0020901D002070B50B7A50
:1063300006460D4653B9B1F90C104A1E92B21F2AF7
:106340009CBF134B53F821305B6A2BB1F3B2042B83
:1063500007D96FF0150015E00E4809F02FFCFAF789
:106360001FFCFFF769FF0C4B53F82620144654B965
:106370002A600A4843F82650FAF7A4F90848FAF7C1
:10638000A1F9204670BDAC42E9D02468EFE700BF18
:1063900030050020880E01009C1D0020901D00206B
:1063A000981D0020C3B2042B37B505460C4618D8FB
:1063B000FFF742FF174A52F82530A34213D1236852
:1063C00042F825301448FAF77DF91448FAF77AF9BB
:1063D000237A012B05D1E06800226946F9F734FFE2
:1063E00050B903B030BD1A461B68002BEAD0A34257
:1063F000F9D123681360E5E7BDF802306FF400724D
:1064000013449BB2012BE6D80198092100F03EF815
:10641000E1E700BF9C1D0020901D0020981D00207A
:106420000A4601460020FFF725BF70B505460E4617
:10643000FFF746FF0020044632462946FFF71AFFC1
:1064400018B9FFF757FF204670BD0134F4E718B1C3
:1064500042680021FFF70EBF704761B190F910301C
:10646000032B04D0042B04D06FF001007047FBF71E
:1064700036BF02F0C9BC6FF01500704718B190F933
:1064800010308B4200D170470068F7E738B5012122
:1064900004461248FAF7E0F824B9BDE838400F483E
:1064A000FAF710B9204600F0BDF808B9FAF778FB02
:1064B000E368002BFAD0012B25680BD10023D4E927
:1064C0000101E36000F0BCF81421204600F0B8F8A8
:1064D0002C46E1E7013BE360FAE700BFB01D002076
:1064E00003468B4210B5084606D10C6800210160B6
:1064F000FFF7CCFF204610BD31B11A4622B111681A
:10650000884203D1016811601C46EFE70A46F5E7AF
:1065100070B5866804460346002173B98E420AD0DE
:10652000204600F09BF938B9256855B920682946FE
:10653000FFF7ACFF2560002070BD9A681B6811440E
:10654000EBE76068D5E90112304408F017FFAB684B
:106550002D681E44E9E7000070B5184C0346073368
:10656000206823F00703002188B142689A420FD3C4
:10657000D21A072A124E03440FD8026859B9226072
:10658000104A9B1B11889BB2994238BF138070BD83
:1065900001460068E8E70A60F2E79D1B0835B5F59B
:1065A000C05F05D9002121600168C3E90012E7E757
:1065B00009B92360F8E70B60F6E700BFB81D0020BB
:1065C000C01D0020B41D002010B5094C012120463B
:1065D000FAF742F8074A084B136000214FF4C05203
:1065E0002046BDE81040C3E90012FAF76BB800BFBF
:1065F000B01D0020B81D0020C01D002038B5044685
:106600000D4607480121FAF727F824B9BDE83840BC
:106610000348FAF757B8E3682B44E3602468F4E7CB
:10662000B01D0020054B834206D803F5C0538342BA
:1066300094BF00200120704700207047C01D00203B
:1066400070B51D4D02462C68FFF7ECFF10BB70BD06
:10665000234624680CB19442FAD3073121F0070194
:1066600016485618801B072898BF0918C2E9004130
:1066700093B92A6013461A68002AE8D05968194469
:10668000511A0729E3D811681960D11A52680A44CF
:106690005A60DCE70023DDE759681A601944511A93
:1066A0000729E7D80AB9FAF77BFA11681960D11AF5
:1066B00052680A445A60DEE7B81D0020C035002049
:1066C0002DE9F843814614200F4615469846FFF7FA
:1066D00043FF044648B1CDB12846FFF73DFF0646CB
:1066E00038B914212046FFF7ABFF00242046BDE84F
:1066F000F8831FB12A46394608F040FE0123C4E959
:106700000096A56084F81080E360EFE72E46F5E779
:10671000B2F5C05FF8B505460E4614461F460FD8C1
:1067200001210848F9F798FF22463B4631462846A2
:10673000FFF7C6FF04460348F9F7C4FF2046F8BD3B
:106740000024FBE7B01D002038B5012104460E48A7
:10675000F9F782FF1CB90C48F9F7B4FF12E0E368BF
:10676000012BF8D9D4E9011294F910302068FFF711
:10677000A7FF054610B1E368013BE3600248F9F763
:10678000A1FF2C46204638BDB01D00202DE9F8435E
:106790000D460446012130489146F9F75DFF35B1B9
:1067A0002CB1D4F80880A84501D3636833B92A48CE
:1067B000F9F788FF00263046BDE8F8831420FFF77C
:1067C000CBFE06460028F2D0A8453DD0EB1D23F0B5
:1067D00007039D423CD22846FFF7BEFE074620B97C
:1067E00014213046FFF72CFFE1E7A8EB0500FFF787
:1067F000B3FE804630B914213046FFF721FF294609
:106800003846EFE761682A46384608F0B7FDD4E914
:10681000011240462944521B08F0B0FDD4E90101A1
:10682000FFF70EFFA368C4F804805B1BA360236816
:106830000948B560C6E90037012386F81090F36077
:106840002660F9F73FFFB6E767684FF00008E9E711
:10685000676807EB0508E5E7B01D0020F8B50446BA
:106860000D4625480121F9F7F7FE0CB9FAF798F91A
:10687000D4E901261EB9002AF8D14DB117E0002A4B
:10688000F4D01046FFF7CEFE0028EFD0AE4204D180
:106890001948F9F717FF002012E035B931461046C4
:1068A000FFF7CEFE6560A560F2E7AE4217D228463C
:1068B000FFF752FE074620B90F48F9F703FF0C20F7
:1068C000F8BD616829B1AE42324628BF2A4608F0B9
:1068D00055FDD4E90101FFF7B3FE6760E3E7E81D6A
:1068E000F31D20F0070023F007039842DBD2311A92
:1068F0001044FFF7A5FED6E7B01D00200021FFF7EA
:10690000C5BD00001FB50A4CB4F9000000280CDC1E
:10691000084B094A0293002300920848019303227E
:106920004FF47071FAF72CF8208004B010BD00BF4E
:10693000C0390020DF0E0100116A0000003600207F
:1069400010B503460446064940F201220220FEF734
:106950003DFA20B92046BDE81040FFF7CFBF10BD7B
:106960000000FFFF10B590F910300133044601D04C
:10697000FAF716F94368B3F90200FEF711FC40F28A
:106980000222B0F966012146FEF715FA002804DC60
:106990002046BDE81040FFF7B1BF10BD2DE9F04122
:1069A00088461F46044608B9FAF7FAF8002AFBD0D1
:1069B000066800235EB9B2F8C2200AB19A420AD32F
:1069C0003A4620460021BDE8F041FFF7CBBFB16851
:1069D00036680B44EEE7B8F5006F17D200F0E8FA1E
:1069E000054628B90C212046BDE8F041FFF74EBD11
:1069F0000460A0F8048000F0E3FA2E81E8803A46B3
:106A000029462046BDE8F04100F0E5B97A21EAE7E1
:106A100080B5102288B00DEB0200002108F01CF8B0
:106A2000604B0593604B61481B88ADF81C30082112
:106A3000F9F702FE04A90120FFF778FC40F20523D4
:106A4000ADF80A3040F202266FF085076846F9F784
:106A5000E6FDBDF80230B3F5017F1DD8B34200F268
:106A6000958040F20122934221D0B342EED1019DA4
:106A70001DB3AB68072B20D92B68F3B193F9103005
:106A8000022B1AD12846FFF75FFE0446A8B14368DF
:106A9000002B4CD1FAF784F840F2252293427BD0A8
:106AA00040F226229342D1D100F0CCFACEE7019DEC
:106AB0002846FFF749FE044618B92846FFF71EFF8F
:106AC000C4E70121FFF7DAFC08B182680AB9204661
:106AD000F4E743681B78412B15D1FFF735FE0546D7
:106AE0000028F4D001221146FFF750FE014600288D
:106AF000EDD02046FFF7F4FC022300222B74114650
:106B0000FFF71EFFA2E703F0D802C02A09D003F066
:106B1000E003602BDBD100221146204601F0A4F9EE
:106B200094E700221146204600F019FA8EE7B3F9E7
:106B30000200FEF735FB256880464FF0000965B975
:106B4000B8F1000FC3D0D8F8A430DB0509D52A4628
:106B50002946204601F08FFB78E7AB682D68994401
:106B6000EDE701231A4629462846FFF7D1FD002804
:106B7000ADD0236803604368206041221A70494603
:106B80002B4642462046FFF709FF5FE702A9684609
:106B90000397F9F71BFD59E700220199104600F011
:106BA0001AF953E70000FFFFB4050020C0350020AC
:106BB00008B5084B18684369013306D007F0CDF8D3
:106BC0004EF66023B0FBF3F008BD83685B6898471E
:106BD000F6E700BFE02C010038B50C4C142303FB92
:106BE00000440546638A23B9637C23F01003637471
:106BF00038BDFFF7DDFF064B53F82530834202D83E
:106C000000236382F0E71B1A6382F1E7083A002051
:106C1000C83900202DE9F041012180461048114C6F
:106C2000F9F71AFD00252F462E46F0B2FFF7D4FFE4
:106C3000237C53B14146204602F0A6FD237C8342CB
:106C400003D8A84284BF274605460136102E04F11A
:106C50001404EAD10248F9F735FD3846BDE8F08161
:106C6000C4390020083A00200F2838B5044616D849
:106C700001210C480C4DF9F7EFFC2046FFF7ACFF63
:106C8000142303FB045307481B7C33B104EB840437
:106C9000F9F718FD05EB840038BDF9F713FD002066
:106CA000FAE700BFC4390020083A00202DE9F84374
:106CB0000F289DF820500646884614461F4639D8AE
:106CC000AAB301211C48F9F7C7FC1C4B002F4FF059
:106CD000140909FB063908BF0025802C28BF802431
:106CE00089F810406D4206EB860403EB840405F03E
:106CF0001005414635432046A9F8127089F8115015
:106D000002F02CFD014648B91022204607F0A4FEEF
:106D100099F810204146204602F055FDFFF748FF44
:106D2000074B0744044843F82670F9F7CBFC20468C
:106D3000BDE8F8830024FAE7C4390020083A0020AF
:106D4000C83900202DE9F04180460D4616461C4604
:106D50000DB1B44202D32046BDE8F081AB6869684A
:106D6000371B9F4228BF1F4608EB0400BAB23C44C1
:106D700008F004FBA4B22D68EAE7F8B50E460178E6
:106D8000934228BF134601F10802024405461F46FC
:106D9000083010F8073CFFF751F8044678B1426814
:106DA0002B6813606B6853600021084601233A4644
:106DB000FFF7AEFC014628B92046FFF767FB002429
:106DC0002046F8BDB38842685BBA1380F3885BBA8B
:106DD00053802060F4E72DE9F74F0C4609B9F9F725
:106DE000DFFE0A6813680027002B51D1824201D0D0
:106DF0000028F4D15368002BF1D0B3F90200FEF75C
:106E0000CFF92589D4F800B0002D45D1A38890F89A
:106E1000C260DBF80400DB1B06FA83F6043E26F0B2
:106E20000706F61AB6B23A46331D2146FFF7A5FF0C
:106E30000746002800F08A8003687A68586803785B
:106E400063F03F0300F8043B137943F01003137120
:106E5000DBF8001032462B46FFF774FF2A46064641
:106E600029463846FFF77EFD002E6FD02389019416
:106E70001E44268140F225236846ADF80230F9F71A
:106E800035FB002862D003B0BDE8F04FF9F73ABDFA
:106E900099681B680F44A7E7BD4257D2B0F8C2906B
:106EA000DBF80400A9F1050929F007091FFA89F99F
:106EB00009F10503C5F105029BB23A442146FFF7EB
:106EC0005CFF8046002841D003685A689246002142
:106ED0001AF8053B63F01F031370A388DB1B2B44D8
:106EE000DB101371DBF8006076B38D4201D1002313
:106EF00014E0B368CA1892B2954222D2691A89B2D4
:106F00005B1A4B4528BF4B469B4673685A4619444B
:106F1000504608F033FA36681FFA8BF34A4631467A
:106F20005046FFF70FFF0544AF4281BFD8F8042059
:106F3000137943F0100313710022064611464046B0
:106F400090E736681146CFE73346E7E7206800212F
:106F5000FFF79CFA0023236003B0BDE8F08F43687D
:106F600019782DE9F04101F0F8010668C029D6F83A
:106F700004800446174619D0E02912D11D79ED008E
:106F800001213046FFF73AFB3B462A462146404660
:106F900000F00EFA10B1414600F024FA002130460C
:106FA00000E00021BDE8F041FFF770BA0025E7E7F7
:106FB00002480368002B18BF002070474C3B00209C
:106FC000024B1888013080B218807047483B00207F
:106FD0004269013201D006F0C0BE83685B68184781
:106FE0000021FFF753BA000007B5074B07481B887D
:106FF000074A084900681BB20093074B07F036F8B0
:1070000003B05DF804FB00BFB4050020E42C0100D0
:10701000C0C62D00583B0020340400200022036825
:107020000BB9038370471968C3E900220160F6E7D2
:1070300010B508B9F9F7B4FDFFF7F0FF00230362BC
:1070400010BD0000F8B50C4B0C4C18680C4FFFF746
:10705000BFFF04250646206A40B1E369F31ABB422C
:1070600004D9FFF7BDFF2046FFF7E2FF013D04F121
:107070002404F0D1F8BD00BFE42C0100683B0020DF
:10708000C0C62D002DE9F04F16468BB0024609937D
:1070900012F8083B05920833C31804934B681A781A
:1070A00002F0F802C02A04460D4602D14EB1F9F7AB
:1070B00077FDE02AFBD11A79B6EBC20FF7D15A1D42
:1070C00000E01A1D0092AA68002E76D1032A08D883
:1070D0002846FFF785FF4FF0FF3420460BB0BDE890
:1070E000F08F00990978412969D0A2F1040BBBF116
:1070F000000FEDD01A8852BAC2F30A0203925B88DD
:107100005BBAADF81E309BB20893FFF79BFF237864
:10711000019363780293A14BA14C1868FFF758FFC5
:107120004FF0000806904746C246236AA146002B4E
:1071300000F0CD80E38A089A934240F0CB80238B05
:10714000039A9A4240F0C680237D019A9A4240F009
:10715000C180637D029A9A4240F0BC80019A0599F1
:10716000201D08F0EDFC002840F0B480029A04993C
:1071700004F10C0008F0E4FC002840F0AB80884BE0
:10718000242202FB0A33069ADA61FFF72DFF5446E8
:10719000DFF80CC22420604300EB0C0706EB0B0366
:1071A0003A8B934210D9386AFFF71AFF2846FFF747
:1071B00017FF3846FFF73CFF8DE7042A88D9A2F174
:1071C000050B94E7C846B0E7B1B25CF800804A1EF0
:1071D0005A44434692B25BBB4A1E12FA8BF292B2F9
:1071E000DFF8C49101921FFA8BFA39F833204FEA85
:1071F000C30E7ABBDFF8B491019ACE444CF800E09C
:10720000AEF80410AEF8062049F833807B8BDFF827
:10721000908153447B837EB3242303FB048800992D
:10722000D8F8203058685A46304408F0A7F81FE0D4
:10723000B3F804E0724509D3B3F80690494505D880
:10724000714540F09F804A4540F09C8076450FD0C4
:107250001B68C0E70133342BC7D1242303FB04C3CD
:107260004FF0FF34186AFFF7BBFE3846FFF7E0FE29
:107270002846FFF7B5FE30E7009B1B7803F0E002DD
:10728000602A1ED16B681B7803F0D803C02B04D092
:10729000242303FB0483186A86E70122042128467D
:1072A000FFF774FA0028F3D032463946284600F03A
:1072B000DBFD242303FB04831B6A002B7FF40DAF4B
:1072C00009E7412B02BF009B01330093A4E7002F85
:1072D00008BF2746B8F1000F09D0E269D8F81C3082
:1072E0009B1A6FF00042934234BFA146C1460AF197
:1072F000010ABAF1040F04F124047FF463AF57B913
:10730000D9F8200000283FF4D2AEFFF769FE4846C6
:10731000FFF78EFE4F46099B039AB3FA83F30021D1
:107320005B095B000846FFF7F3F9386200283FF479
:10733000CFAE436813B100221A605A60039B3B83AF
:10734000069BFB61019A0599381D08F017F8029A0F
:10735000049907F10C0008F011F8019B3B75029BA2
:107360007B75BDF81E30FB8200237B83FFF73CFE5C
:107370000B4B0C4AFB1A9C10002B02FB04F4BFF6CB
:1073800007AFA5E6242303FB04C36FF00104186ACA
:10739000FFF726FE3846FFF74BFE9EE6E42C010081
:1073A000683B0020398EE338FE3B0020F83B00208C
:1073B000F8B51F4604460D461646FFF763FE831CCC
:1073C00005D13B46324629462046FFF75BFE0028A2
:1073D000A3BF034B242202FB00300020F8BD00BFF6
:1073E000683B002038B50D46044608B9F9F7D8FBCC
:1073F0000029FBD0428B038B9A422ED1437D017D25
:1074000000F10C020430FEF719FD40B9206AFFF7C5
:10741000E7FD2046FFF70CFE4FF0FF3038BD436814
:10742000B5F902205A802A791A716A795A71B5F928
:107430000620DA80226A32B1134619461B68002BF7
:10744000FBD108601046002220621146FFF778FA4F
:107450002046FFF7EDFD0120E0E70020DEE7000019
:107460003C280ED8282805D868B1112814BF002060
:1074700001207047054B2938C0B2C34003F001001A
:1074800070478728F2E70120704700BF0D00080011
:10749000024A136803605368436070479A290100E9
:1074A00008B508B9F9F77CFBBDE80840B0F902005F
:1074B000FDF776BE1022002107F0CEBA0021FEF7BC
:1074C000E5BF70B505460E46144622B11046FFF7DB
:1074D000A5FD002323623046FFF7F0FF2846BDE8F4
:1074E0007040FFF7EBBF000010B50A4908220446C0
:1074F00008F026FB48B12378FF2B08D1607800F014
:107500000F00831E5842584110BD0120FCE70020A7
:10751000FAE700BF9A2901002DE9F34188461A498C
:1075200003460868496815466A4603C2184623B3ED
:107530005E7C16F0100625D11C7C802C20D0402CBF
:1075400020D9E708F91F781CC7F10F0229444044ED
:1075500008F0F6FAB0B93D4418F8072015F8083CD1
:1075600004F00704534004F108020DEB020414F880
:10757000082C13420CBF0120002002B0BDE8F081AE
:107580000120FAE70020F8E7E30E010010B50446F9
:10759000084611468368934203D90022FFF7F6F8A4
:1075A00020B101462046FEF79BFF012010BD0000E0
:1075B0002DE9F04F8B4687B01D4692460AB9F9F780
:1075C000EFFA0368002B00F00C815E68BE4960236F
:1075D0002B7006F1080700236B701022384608F064
:1075E000AFFA002840F091804FF00009337EFF2B66
:1075F00000F0158206F118042046FFF70BFB8046C9
:10760000002800F00C82437CDB0640F10882214612
:1076100002F0BAF83F2840F20282B9F1000F40F0C0
:10762000038298F81130180700F009826B7863F034
:107630007F036B700023AB7003243368727830785B
:1076400023F4704323F0FF0311090201002B7AD1C8
:107650000A43D2B22B78002A69D143F018032B7069
:10766000B2791046FFF7FCFE002800F094802B78DA
:1076700043F004032B70F379402B00F09080FF2B34
:1076800000F09180012B40F092802B7843F00103B1
:107690002B708D491022384608F052FA002840F02D
:1076A0008A806B7843F040036B70337EFF2B40F091
:1076B00053816B7843F008026A70728B2F19002A8D
:1076C00040F01A81F269002A40F01681328C002ABB
:1076D00040F01281727E022A40F0DD80326A002A78
:1076E00040F0D980B28C002A40F0D58096F8262050
:1076F000002A40F0D08043F00B036B7096F82730DF
:107700003B700134A4B220466CE03846FFF782FAA1
:10771000814600283FF468AF437CDA067FF564AF0A
:10772000394602F031F83F287FF65EAF5EE743F05E
:1077300010032B70337871781B01621C43EA11131C
:107740002B5594B28CE702F03000631C08439BB2C7
:1077500018D12A7842F008022A7032683178C2F3D0
:107760000322891042EA81122A55326812BAC2F302
:107770000B22EA549C1C326801339BB212BAEA54C1
:10778000A4B26DE70A432A5532680234C2F30322D9
:10779000EA54A3B2E9E7631C2A559CB26BE72B7845
:1077A00043F0020374E72B7843F0030370E7621C95
:1077B0002B5594B26DE7B9F1000F16D13846FFF79B
:1077C00093FE00285CD0002200235046CDE902231E
:1077D000FDF7F1FCDAF8A430DA0713D45046FDF7D0
:1077E000F1FC002007B0BDE8F08F6B7843F0400358
:1077F0006B7099F8112011071EBFAB7843EA021392
:10780000AB70E0E79AF8C02002AB0AF1B80150462D
:10781000FEF704FB0028E1DB5046FDF7D3FC33699B
:107820000093DDE90213726900989A4208BF88420A
:107830006B7807D002AA394648460193FFF76CFEE1
:10784000019B10B143F030032EE70099B1F17F4F57
:1078500005EB040224B20AD1B18AFE2907D143F014
:1078600020036B70F38A13800234A4B21DE743F047
:1078700010036B7033691360736953600834F4E765
:107880002B1907F1100257F8041B43F8041B974209
:10789000F9D11034E9E7718C22B2B9B996F8241005
:1078A000A1B943F00A036B70737E3B700134A3B23D
:1078B000B6F82510E95215FA84F496F82730A3702B
:1078C000043294B21FE700BFBA29010096F82210D3
:1078D000002940F0988043F009036B70737E3B7081
:1078E0000134A3B2D6F82310E95015FA84F496F8BF
:1078F000273023710632E4E7B38BADF80830F38B01
:10790000ADF80A30338CADF80C3002A8738CADF8AA
:107910000E30FFF77FF9002875D0437CDB0672D567
:10792000027CF37E9A426ED16B7843F004036B7055
:10793000437C13F00F031EBFAA781343AB70737E12
:107940003B70631C9BB2B27EEA54A31C9BB2726A6A
:10795000EA500634A4B2D6E6B8F1000F05D106F11C
:107960001800FFF7C1FD00284DD09BF80130002B17
:1079700049D0B8F1000F0BD06B7843F004036B7063
:1079800098F8113013F00F031EBFAA781343AB70A1
:107990009BF800109BF80120083102AB5944504677
:1079A000FEF73CFA0028FFF61CAFDDE90213D6F81B
:1079B0002090726A6F789A4208BF894506D002AA61
:1079C00006F118014046FFF7A7FD18B147F003077D
:1079D0006F7098E6B9F17F4F05EB040324B209D12B
:1079E000B28CFE2A06D147F002076F70F28C1A8023
:1079F0000234AFE747F001076F70326A1A60726AAB
:107A00005A600834A6E706F118032544283653F8CF
:107A1000042B45F8042BB342F9D110349AE7B9F19D
:107A2000000F0AD04FF0000899F811301C077FF4BE
:107A3000FDADB8F1000F7FF4F4AD4FF00008022463
:107A4000FBE500BF2DE9F84390F901301446002B07
:107A5000064688464FF027024FF0000104F101006E
:107A6000B4BF0325022506F0F7FF602323703378A7
:107A700003F01803082B3DD0102B4CD09BB9735D3D
:107A80001A091B01711942F06002DBB263702270A7
:107A90004A7802F00F02134363708A78A270EB1CDD
:107AA0000435F35CE37033785F075CBF735DA371EB
:107AB000337803F0030358BF0135022B34D0032B76
:107AC00034D0012B01D0735D0135E371777817F065
:107AD00040032DD038064ABFB0780020000917F0C7
:107AE000300726D0FFF7C0F8074610BB0025284610
:107AF000BDE8F883735D9B099B0043F0600323702E
:107B0000735D721903F00F0363705278A270AB1C9F
:107B10000335F35CC6E7735D1A0942F060021B018E
:107B2000227063700135BEE74023CEE7FF23CCE728
:107B30001F464046FFF7B4FC737803F07003402BF8
:107B400081467CD048D8202B57D00FD8711904F12A
:107B50000800002B49D10B4601F1100253F8041B19
:107B600040F8041B9342F9D1103501E0302B57D077
:107B7000737859070DD51A064ABFB078002000F077
:107B80000F0013F00B0F04D0FFF76EF80746002824
:107B9000ACD0737803F00F030C2BA8D801A252F8D5
:107BA00023F000BFB37C0000CB7C0000E17C000030
:107BB000137D0000EF7A0000397D0000577D000042
:107BC000917D0000B37C0000C17D0000E57D0000D8
:107BD000097E0000237E0000602B41D0702B55D021
:107BE000502BC5D187BBF8F7DBFFFFF751FC73596A
:107BF00023614B6863610835BAE704F10800FFF7B9
:107C000047FC4FF0FF320023E2746FF0010223744F
:107C10006374A37422756375735BE3820235A7E70F
:107C2000414604F1100311F8082BFEF7F7F800287D
:107C3000FFF65CAF04F10800FFF72AFC98E704F1B7
:107C40000800FFF737FC93E773592361721939462F
:107C5000536863613A7C04F1080001F0B4FDCAE79F
:107C6000002FC0D04FF0FF320023E2746FF001020A
:107C700023746374A37422756375735BE3823A7C27
:107C8000394604F1080001F09EFDC7E7002FAAD095
:107C9000414604F1100311F8082BFEF7BFF8002845
:107CA000FFF624AF3A7C394604F1080001F08BFD61
:107CB0005EE72E44183406F1100356F8042B44F8FE
:107CC000042B9E42F9D1103511E704F11800FFF79B
:107CD000DFFB73592362721953686362083506E744
:107CE00004F11800FFF7D4FB4FF0FF32002384F8B3
:107CF00023206FF0010284F8203084F8213084F8CA
:107D0000223084F8242084F82530735BE384023524
:107D1000EDE698F8001098F80120083104F12003EE
:107D200041444846FEF77AF80028FFF6DFAE04F13A
:107D30001800FFF7ADFBDAE6002F3FF454AF73599C
:107D4000236272193946536863623A7C04F1180061
:107D500001F039FDC2E74FF0FF32002384F8232001
:107D60006FF0010284F8203084F8213084F822304A
:107D700084F8242084F82530735BE384002F3FF4DB
:107D800032AF3A7C394604F1180001F01CFDBEE721
:107D900098F8001098F80120083104F120034144BC
:107DA0004846FEF73BF80028FFF6A0AE002F3FF450
:107DB0001AAF3A7C394604F1180001F004FD96E64A
:107DC00004F11800FFF776FBFF232376735D6376DB
:107DD0006B1CF218F358C4F82330137984F8273059
:107DE000063584E604F11800FFF764FBFF232376D1
:107DF000735D63766B1CF218F35AA4F82530937800
:107E000084F82730043572E604F11800FFF752FBBE
:107E1000FF23237602236376735D84F827300135D0
:107E200065E6002F3FF4DFAE04F1180097F81080EC
:107E3000FFF740FB3B7C402B84BF40233B74FF2378
:107E40002376735D63762E4439467378A3763A7C45
:107E5000E27604F11C0001F0B6FC7368636206353B
:107E600087F8108043E600BF2DE9F04F89B00F4638
:107E70000592064608B9F8F793FE436804938368B1
:107E8000012B0BD821B10846FFF7C8F800233B624D
:107E9000304609B0BDE8F04FFFF710BB91B10D6A55
:107EA000002DE8D0AB68272B17D828212846FEF7ED
:107EB000D5FC78B13A462946304609B0BDE8F04FC6
:107EC000FFF7FFBA022328220846FEF721FC0546E9
:107ED0000028DDD0AB68272BCDD94FF0FF313046DD
:107EE000FEF7CCFA01900028C5D04068FFF7D8FA19
:107EF000019B6A6859680498FFF7A4FD834600282F
:107F0000D8D0B3688342D5D3049B1B785A0740F17D
:107F10008281062303932824049B13F80B3003F07B
:107F2000F803E82B04D0F02B00F0E980E02B18D107
:107F30007368029313F80B304FF0010803F00E0939
:107F400008FA09F840F2551218EA020831D1B9F1DD
:107F50000E0F00F08580B3685B45ABD3039B002B0D
:107F6000DAD1B168002F00F05881B7F81880AB68FB
:107F70002144A1EB0B01A8F128088B421FFA88F8D5
:107F800098D3B268686898FA98F89345A0F8048086
:107F900006D27168A2EB0B025944204407F0EEF9B7
:107FA000002F00F04C817B8B1C44A4EB0B047C83E2
:107FB0006EE7029AA96813F0010308BF5A440BF157
:107FC00001080CBF927812F8082004F1020A9244CA
:107FD00051450BD369680819B9F1080F10D8DFE8CB
:107FE00009F0190F390F170F330F36005146284685
:107FF000CDE90632FEF732FCDDE906320028E9D091
:10800000A2464FF0000B5446BBF1000FA3D151E73D
:108010004FF02C09039C01F80490F3B9029911F870
:10802000081001700BF1020802990393931F08F1E5
:108030000108DB08437041440230069207F09EF9C4
:10804000069A02EB080BDEE74FF03C09E2E74FF03F
:108050008709DFE74FF02B09DCE76B68C31AE3E71A
:108060004FF0FF313046FEF709FA024600283FF490
:1080700021AFAB6804F1280A53450BF1010B2ED355
:108080006B685168069103EB0409029B08465B4448
:108090000793FFF705FADDE906134A461846FFF78E
:1080A000D1FC00283FF406AF6B68039929225A548B
:1080B000029B13F80B305B0742BF6B6809F106089F
:1080C000A8EB03088344A4B297B13B8B283B1B1B4E
:1080D0009CB264BAA9F80440CDF80C8093E70690EE
:1080E00051462846FEF7BAFB069A0028C8D0E1E6BA
:1080F000B368283B1C44A4EB0B04A4B2E9E7AB68CB
:10810000D6F8048004F108018B4218F80B900BF1AB
:10811000010A22D3686818F80AE009F0030CBCF1E0
:10812000020F00EB04030BF102024FD0BCF1030F6E
:108130005BD0BCF1010F18D083F800E018F80220E2
:108140005A7008EB0B0C9CF803209A709CF804C042
:108150000BF1050283F803C017E028460291FEF7F1
:108160007DFB02990028D5D0A4E683F800E018F83A
:1081700002205A700BF10402C3449BF803C0ACF513
:10818000805C9CFA9CFCA3F802C019F0040F7FF4F9
:1081900091AE18F802C083F806C0904402F1020BB9
:1081A00098F80120DA718FB33A8B121B92B252BA4F
:1081B0009A80039A11238354BBF1000F3FF47AAEE7
:1081C000B3685B45FFF476AE0C46CAE6AEF5805E5A
:1081D0009EFA9EFE20F804E018F802209A700BF137
:1081E0000402C3449BF803C0B4E74FEA1E1C0EF020
:1081F0000F0EACF5756CAEF5756E9CFA9CFC9EFA94
:108200009EFEA3F800C0A3F802E0BEE7B268083201
:10821000A2EB0B02CAE72824A3E628392144A1EBEC
:108220000B011FFA81F8284614FA81F1FEF716FBBC
:1082300000283FF4A6AE2846FFF740F928E6019B48
:10824000B3420CD11E6829460B4609680029FBD1B0
:10825000019A1A602846059AFEF772FB18E6334623
:1082600001991A461B68994202D10B681360EAE72C
:10827000002BF5D1E7E72DE9F04F87B004464068C1
:108280000392FFF70DF90090206800230546019343
:1082900025B96368029324BBF8F782FCAB68019AA6
:1082A0002D681A440192F3E7CDB923609A681868E3
:1082B00016441D46C0B1027C90F91030042A13D830
:1082C00027FA03F3DB070FD5FEF73EFA0346002833
:1082D000EAD1204607B0BDE8F04FFFF7EFB82B60BA
:1082E000E4E72E461527E5E7002ED5D0012300212F
:1082F000F2180846FEF70CFA80460028E9D0D0F8BC
:1083000004A0009A029953462046FFF751F985B21E
:108310001DB94046FFF7D2F8DBE723685B689B791D
:1083200004931846FFF79CF8049BB0B929464046D1
:10833000FEF794FA21682046FEF7D2F80268C8F8E2
:108340000020C0F800800028C3D0DDE90021039B95
:1083500007B0BDE8F04FFEF721BB22681768002F79
:10836000D7D0292B00F0928006D86BB1112B30D0DA
:10837000FF264FF00009EBE03C2B05D026D8A3F1F7
:108380002B02D2B2012AF3D87968BA6891F801B009
:10839000012A0BF1010B4FEACB0B7FF67DAF5A455B
:1083A000FFF47AAFABF1020292B2FF2A0E78DFD867
:1083B0002C2B0AEB050900F09E8000F29680002B22
:1083C00040F09780E02089F8000097E0872BDBD011
:1083D000CEE7BA68072A0AEB05037FF65DAF796836
:1083E00008884A8840BA6FF00F0680B20AF8056024
:1083F0004FF2B00E20F00F0652BA764592B21FFA35
:1084000086FC1ED122F00F0666451AD102EB00123F
:10841000A2F57022A2F52B62F3265A701E7002227A
:10842000887998541344C979597002F10209394680
:1084300008222046FFF7AAF800283FF46AAFFF267B
:1084400086E002F47F46B6F5704F09D1F12018702E
:108450000878587048789870D2B2DA700422DFE752
:1084600000F47F42B2F5704F06D1F2221A705870B4
:108470008A789A70CA78F0E70A785A704A789A70BF
:108480008A78DA70CA781A710522C9E77B689E7902
:10849000BB68272B0AEB05027FF6FEAE6FF01F03C9
:1084A0000AF805303046FEF7DBFFD0B1E123137048
:1084B0004FF0010902EB09030299009A3846FFF7D1
:1084C00077F800283FF425AF81442822394620461A
:1084D000FFF75CF800283FF41CAFB9F1000F37DA62
:1084E00017E756704FF00209E4E73C2B35D1E62040
:1084F00069E7E22067E7E4200AF8050030460493C4
:10850000FEF7AEFF58B3049B2C2B04D14B885BBA0B
:108510009BB2072B23D899F8003043F0010389F868
:1085200000300120431C09F80020023109EB030050
:108530000592049306F022FFDDE90432394603EB8D
:10854000020920465A46FFF721F800283FF4E1AE21
:1085500009EB050295B23346E2E6E82033E70B78F3
:1085600089F80130FF260220DCE770B506460C468C
:10857000154610211A462120FCF791FA58B143689C
:10858000002264BA9E705A711A71DA70DC80296810
:1085900099606968D96070BD40F20123984273B553
:1085A0000D46144613D10F4B02F11006CDE90031F0
:1085B000002269463046F7F7F5FD002809DC314610
:1085C000094807F0FBFA00212846FDF75FFF02B0DB
:1085D00070BD236F002BFAD0626F102120469847A0
:1085E000F5E700BF00000102EC0E010013B5074AD9
:1085F000044692E803006B4683E803000022194614
:1086000004F11000F7F7CEFD02B010BD60290100A3
:10861000034610B4072408461C62002103F1280415
:10862000C3E900125C620222084C1A7203F168026C
:10863000C3E90411C3E90611C3E91A4319675DF8D8
:10864000044BDA601946FDF771BE00BF9985000042
:108650002DE9F0431D46036A87B0072BDDF838800B
:1086600004460E46174600F1100929D110220021B8
:1086700002A806F0F1F97B1E033324D8394BCDE96B
:108680000434394B3A46186802A905F0BCFB236F45
:1086900013B1364806F058F8012269464846F7F704
:1086A000D3FD314B02A9186805F094FBBDF80230E8
:1086B00040F20122934212D048F27442934215D004
:1086C0006FF0150046E0002FE1D13A466946484672
:1086D000F7F7BAFD0028E4D16FF00A003AE0019FF5
:1086E0003846FAF749FA40B9F8F75AFA204B019A96
:1086F0009A42E5D16FF073002CE000F108032A1DC7
:1087000000F1180153F804CB42F804CB8B42F9D1A5
:1087100004222A60D8F800205AB10432283053F8D5
:10872000041B42F8041B8342F9D1D8F8003004221C
:108730001A604FF0FF313846FDF7A0FE08B14368DC
:108740005888236FA88237601BB1D4E90612914282
:1087500003D1002007B0BDE8F083626F10212046EE
:108760009847F6E7ED850000E42C0100190F0100A1
:10877000630B8AF32DE9F0479046064689469A46F0
:10878000024600256AB9D9F80030D8F80020934293
:108790000BD030460021FDF779FE6FF06900BDE88F
:1087A000F087936812681D44ECE7042BF1D108F1BF
:1087B000040209F104013046FAF7F1F90446B0B1B8
:1087C00096F910700FB902273774636883F806A012
:1087D000B9F8146076B1002319461A461846FDF719
:1087E0002DFB36B20146C0B92046FDF74FFE6FF0B3
:1087F0000B00D4E7B8F81460002EECD10A492346E8
:1088000040F202223846FCF7E1FA014650B9204610
:10881000FDF73CFE6FF04C00C1E743685E800460EA
:108820000446EBE72846BAE70000FFFF08B508B9A1
:10883000F8F7B6F9C31C133013F8012F1AB98342A5
:10884000FAD1012008BD0020FCE70000044B1868A5
:108850004369013301D005F080BA83685B6818472B
:10886000E42C010038B501F118020446034651F822
:10887000040B43F8040B9142F9D1A08A48B9FCF7E4
:1088800080FC054628B1FCF77CFC10B9B5F86631D0
:10889000A38238BD2DE9F0410D4614461F46064619
:1088A00008B9F8F77DF91AB1D38A002BF9D071B95C
:1088B00006F1940818220021404606F0CDF845B391
:1088C0002B68EA8A042B0ED06FF0690009E0AA8AAF
:1088D000002AEDD0A38A002BEAD09A42E8D06FF0AC
:1088E0001500BDE8F08132B902F0D0FF6FEA804296
:1088F0006FEA924292B22B46404605F1140153F8BA
:1089000004CB40F804CB8B42F9D11B880380A6F836
:10891000AA2006F1AC0818220021404606F09CF877
:10892000B4B12368042BCFD12046FFF77FFF002886
:10893000D5D121464046FFF795FF2379FF2B07D07D
:1089400009491022201D07F0FBF808B147F0020783
:108950002DB1B6F8AA2004213046FFF759FEA6F83B
:10896000C4700020BDE700BFBA2901002DE9F04F17
:108970008FB00DF1180A0025199F069589461646F5
:108980009846CAF80450044608B101B10AB9F8F78C
:1089900007F9136853B10D6010682946FDF776FD9D
:1089A0003560294608460FB0BDE8F08FD0F8943006
:1089B000002B74D008931FB13B7ED80748BF0697A1
:1089C000FFF744FF4FF00A0B054605A9CDF800A0BC
:1089D00008AB42462046FFF73BFE10F1740F0146FC
:1089E00011D10390FFF732FFB8FBFBF3421BA8EB5A
:1089F000030393420399D5D94544A5EB0008FFF73B
:108A000025FF0546E1E70028CCDB05980421FDF7AA
:108A100035FD0028BBD0189BD0F804C08BB1189D41
:108A200008AB0DF1380E1A4603CA7245286069601A
:108A3000134605F10805F6D1BCF80030189A5BBA68
:108A4000D382B4F8C430990718D5D4F8AC30ABB1A0
:108A5000BCF80030B4F8C2205BBA9BB29A4206D18F
:108A6000102209A904F1B00007F06AF830B1002122
:108A70000598FDF70BFD6FF0460193E747B13B7E8C
:108A8000DA0741BF23F001033B76B4F8AA30FB823A
:108A9000059B5A68C9F800209968336082E76FF037
:108AA0007C017FE72DE9F04388468DB015461F46CF
:108AB000044610B91AB9F8F773F8002A79D0EB8A8E
:108AC0002BB96FF0150528460DB0BDE8F083284698
:108AD000FFF7ACFE0028F4D12B68042B40F0A180F6
:108AE00054B1B4F8A8201AB1AB8A0BB19A42E8D1BC
:108AF000D4F89430002B65D118220021684605F087
:108B0000ABFF02F0C3FE6FEA80466FEA9646B6B24C
:108B100064B1A4F8AA60002D52D1D4F8AC30C4F8E6
:108B20009430324604212046FFF772FDCFB13A7EE1
:108B3000130716D53B680093FE8ABB8AADF8143044
:108B40000DF1040E3B1D07F1140918685968F4462D
:108B5000ACE8030008334B45E646F6D122F00802A4
:108B60003A76002D3ED1B4F8C29004F1AC07009AD9
:108B70003B68002A3ED10093404600F0CFFD002321
:108B8000024619461846FDF7C3FD054670B1D0E907
:108B90000112404600F0CAFD31464A46284600F020
:108BA0004DF9014648BB2846FDF770FC6FF00B05F8
:108BB00089E7D0F8AC30002B9AD16FF07F0582E7BF
:108BC0002B68ACE7B4F8AA6004F19403EC4604F116
:108BD000AC0E18685968624603C208337345944660
:108BE000F7D1A3E7294606A8FFF73CFE06AFB5F884
:108BF0001690BCE79A42BFD063E711233A46694614
:108C0000FFF7B8FD051EC8BF083D002C3FF45BAF61
:108C1000236F002B3FF457AF626F20212046984707
:108C200051E76FF069054EE7C0E91C1270477830D4
:108C300070470021FDF72ABCF8B5058907460E46A6
:108C40001446002054B900237968082200F043FD3F
:108C500096F91030022B0FD00020F8BDBC42F2D0A4
:108C6000B442F0D02B462289616800F034FDA3683D
:108C700024682B449DB2E5E743191133B3F5803FD7
:108C800024BF013080B271682844113000232022B3
:108C9000083180B200F01FFD4FF6FF7398421CBFF1
:108CA000C04380B2D9E7000080B5102288B00DEB38
:108CB0000200002105F0D0FE504B51481B88ADF852
:108CC0001C3040F20523ADF80A3008216FF085030F
:108CD0004C4D03930595F7F7AFFC04A90420FDF76D
:108CE00025FB40F202266846F7F799FCBDF80230F2
:108CF000B3424CD00DD840F201229342F3D1019FF0
:108D00003846FDF721FD044660B93846FFF791FF6C
:108D1000E9E7A3F20323012BE5D802A96846F7F798
:108D200055FCE0E70221FDF7A9FB074608B9F7F774
:108D300037FF206830B190F91030042B02D18368DE
:108D4000082B07D0042208212046FDF71FFD08B993
:108D50002046DBE700232374D0F80480B8F80630FF
:108D6000002BF5D022463946FFF766FF4FF6FF731A
:108D70009842EDD1B8F8021049BA234640F20122D8
:108D800089B20420FCF722F80028ACD1E0E7DDF836
:108D90000480404698F91070FDF7D6FC044608B9E7
:108DA0004046B3E70068A0460028C0D090F91030D4
:108DB000042B19D1FDF7C8FC0028C9D04268C8F8B7
:108DC00000000023816800680B440028FAD15BBAD8
:108DD00093807B1C04BF236893F9107040F2022239
:108DE000234629463846CDE7FDF7AEFC034600286A
:108DF000AED0C8F8000000689846D5E7B40500205A
:108E0000983D00200000FFFF10B5044668B161B135
:108E100090F91030042B0BD10268FFF70DFF50B111
:108E2000636840BAD880002010BD6FF00D00FBE7EA
:108E30006FF04C00F8E76FF00100F5E738B5144625
:108E40000D4601B10AB9F7F7ABFE04230822002151
:108E5000FDF75EFC38B1436800226DBA64BA1D802C
:108E60005C809A71DA7138BD1FB50A4CB4F90030D4
:108E70005BB9094A0948CDE90132094A00924FF429
:108E8000E0710522F7F77CFD2080B4F9000004B002
:108E900010BD00BF983F00208D0F0100D83D00207D
:108EA000A98C00002DE9F04104469DF8248080F84B
:108EB000008010200F461E469DF82810069B60700B
:108EC000154602B10FB11BB116B90020BDE8F08103
:108ED00018F0050F39D0C5BB002BF6D0A1709DF856
:108EE0002020E270022B9DF82120227133D0082B24
:108EF000EBD11C236370221D06F1080313F8011D3A
:108F000002F8011FB342F9D1002D4ED00D23BDF858
:108F10001C10BDF82020914233D1227842F040024B
:108F20002270022D36D0082DCFD1627862F03F0238
:108F3000627007F108021C4412F8011D04F8011BBD
:108F4000BA42F9D103F10800C0E7A170002BC6D1E5
:108F5000B5B90320BAE716491A46304606F0F0FDC7
:108F600018B928F0200884F80080182363707378FB
:108F700063713378A3710DB90720A7E70723C6E70C
:108F800003239DF81C10E1545A1C9DF81D10A15498
:108F90000233C6E7627862F07F0262707A78E25448
:108FA000981C23443A785A7090E70D208EE700BF52
:108FB000682901000178024601F00700022828D044
:108FC00098B1537803F00C03082B12D00C2B13D05C
:108FD00001F0400003431ED10320527812F0C0027A
:108FE0000CD1002B08BF0020704711F04003F3D0D4
:108FF000704707200123F0E70D20FBE74B0658BF21
:109000000230802A01D102307047C02A03D10830D3
:109010007047032070470020EAE770B5034601B1AE
:109020000AB9F7F7BDFD407800F00C00082820D100
:109030001878440618D40724587810F0C00027D0B8
:109040001D786D0607D4402820D01E5D1670651C63
:1090500002345D5D5570802820D11A5D4A701C4431
:10906000022063780B7013E0D87810701879507074
:10907000E1E70C2809D11878400601D40D24DBE77C
:10908000D878107018795070F8E710B16FF01500AB
:1090900070BD18784606F9D40324CDE7C028F5D171
:1090A000234401F1080213F8010B02F8010D8A4272
:1090B000F9D10820ECE708B501B10AB9F7F770FD5E
:1090C000437803F00C03082B09D1C378137003799C
:1090D000537043794B7083790B70022008BD0C2BC1
:1090E0000ED1C378137010F8043F537001F10803D8
:1090F00010F8012F03F8012D8B42F9D10820EDE77C
:109100003BB9037813F0400F14BF6FF01500002037
:10911000E4E76FF01500E1E707B503688DF8071085
:10912000DB690DF107020221984703B05DF804FBEB
:10913000036800221B6A0221184710B50446FFF796
:10914000EBFF002805DB2046FFF7F2FF0B30FAD0DB
:10915000002010BD002370B50D4683770121044621
:109160001646FFF7EAFF002801DAF7F719FDA369B1
:1091700020465B68324629469847022070BD036846
:1091800010B5DB690022012104469847002808DB5E
:10919000236800221B6A0121204698470B30F7D034
:1091A000002010BD036810B4DC680023A4465DF8FD
:1091B000044B604703689B6B184710B590F8253047
:1091C000032B044609D8013380F825300121FFF72D
:1091D000B4FF00280BDAF7F7E3FC0021FFF7EAFF02
:1091E00020460022BDE810400221FFF7B3BF204611
:1091F00001F0E2FA032010BD0368DB6B184710B5DD
:1092000000210446FFF799FF002808DB2368E16A84
:109210005B6820469847204601F0CEFA002010BD3A
:109220000068C30754BFC0F38000012070470000EE
:1092300073B590F82A506B1E04460E46042B3BD89B
:10924000DFE813F00500490061009300F5004E1EB1
:10925000062E31D8DFE806F00A2030300430320024
:10926000FFF7CDFF00284CDA012510E00021204651
:10927000FFF763FF0028F9DB236820469B689847C7
:1092800003280FDDA36920461B689847022528465E
:1092900084F82A5002B070BD00212046FFF74DFF30
:1092A0000028F9DB002211462046FFF77BFF20460D
:1092B000FFF765FF0028D7DAF7F772FC0021FFF708
:1092C0002BFF0028D0DB2046FFF732FF0B30FAD00F
:1092D00002263546DBE705290FD007D84E1E012EA2
:1092E000EAD800221146FFF75DFFCFE70629E3D158
:1092F000FFF745FF0028B7DAC8E7FFF780FF00282F
:10930000C4DB0325C3E7022906D80029D4D00022F4
:109310001146FFF747FFF4E70429CDD103681B6826
:10932000DD0719D4980717D402F0B0FA94F8271083
:109330004FF4A07301405943544B186804F074FE75
:1093400094F82730627F591CB2EB510F82BF5B004B
:1093500043F0010384F8273023680022DB691146BB
:10936000204698471030F7D0B3E739B14E1E012E92
:10937000A2D800221146FFF715FF88E7036801AA6B
:109380001B6A9847002897DB9DF80410032993D89F
:10939000DFE801F007022A372068FFF741FF0028C5
:1093A0008AD00023206884F82630FFF739FF08B9F7
:1093B000A37F43B901AA2046FFF7CCFE054600284B
:1093C0007FF465AF78E701212046FFF7F3FE2046E2
:1093D000FFF7D5FE0028FFF66FAF4FF45871204617
:1093E00001F0F2F9052552E72068FFF719FF002880
:1093F0003FF462AF002384F826302046FFF7DDFEFD
:10940000DCE723681B68D90702D501AA0321D2E74C
:109410009A07FAD494F826305A1C84F8262094F837
:1094200028209A42F1D9204601F0C6F969E70229BD
:1094300026D00329E1D001297FF43EAF03681D68DF
:1094400015F004057FF438AF032201A9FFF7AAFE47
:109450000028C7D09DF804309B07C3D5204601F0F3
:10946000BDF99DF8046094F825308DF80130294647
:10947000C6F300162046FFF79DFE6A4631469AE77E
:1094800000221146FFF78EFEACE700BFE42C01007E
:1094900008B590F82A20013A012A02D96FF00F008E
:1094A00008BD09B90020FBE74A681278C162C2F31F
:1094B0004012017F8277002280F8252080F8262044
:1094C00001228A40013A80F827200521FFF7B0FEEB
:1094D0000328E7D0E2E72DE9F74303684FF00108DE
:1094E00080F82A805B690446894617469847051E1E
:1094F00072DB3B68E3607B682361B9F80030A382CC
:109500002323238440F20353A38304222368228568
:109510001B6803F00801002915BF1A20052000214F
:109520000221608413F47C3004F10C0684F82410CA
:1095300001D1F7F735FB5F0461D490FAA0F103F491
:10954000E047B1FA81F1B7F5804F08FA01F156D042
:10955000B1F5804F44DCD9044DD403F44053A3F556
:109560000052534253415B0084F82B30236820465D
:109570009B6998470B30F9D004F114020021204672
:10958000FFF73AFE324601212046FFF735FE04F18F
:10959000200202212046FFF72FFE94F82B308DF891
:1095A0000030638CADF8023094F824308DF804302C
:1095B00094F829308DF8053023686946DB6A204627
:1095C000984723686FF045015B6A2046984720461C
:1095D000FFF7D5FD0028FADB284603B0BDE8F0838D
:1095E00003F47043B3F5004F07D0B0F5003F0CBF54
:1095F00006230023B8E74346B6E71346B4E7032340
:10960000B2E72DE9F74390F82A90ADF802101E4614
:1096100090F82B308DF8003009F1FF33012B05460F
:10962000884617468DF804208DF8056028D8B9F1D2
:10963000010F15D02B686946DB6A28469847041E3F
:1096400017DA2846FFF774FD0B30FAD0B9F1010F95
:109650000BD12846FFF793FD041E06DAF7F7A0FAB0
:109660000021FFF759FD041EE4DA204603B0BDE8EF
:10967000F083A5F8228085F8247085F82960E0E75A
:109680006FF00F04F1E708B590F82A30012B09D0EC
:10969000022B04D10621FFF7CBFD012805D06FF086
:1096A0000F0008BD6FF07700FBE70020F9E708B571
:1096B00090F82A30012B04D0022B09D06FF00F0054
:1096C00008BD0721FFF7B4FD0228F7D10020F7E716
:1096D0006FF07700F4E770B5AAB1DC0705D511F893
:1096E000014B013A204492B2013356080024B4429F
:1096F0000AD31A44D30703D511F8163000EB032020
:10970000030C08D180B270BD31F814506DBA10FA54
:1097100085F00134EBE713FA80F0F1E7034600200F
:1097200003B970479A681B681044F9E770B50B4697
:1097300004460E4615460CB9981B70BDA268AA4295
:1097400009D86168184605F019FEA2682468034626
:10975000AD1A1344EFE76FF06800EEE730B54268EA
:1097600005680C684B689A4208BFA5420AD1846814
:10977000C268CB6888689A4208BF84420CBF012047
:10978000002030BD0020FCE710B590B1B9B188428F
:1097900017D0431E0139002013F8012F11F8014F93
:1097A000A24207D06240B2FA82F2183852FA80F030
:1097B000C0B210BD0830C0B28028EDD1F9E708462C
:1097C000F7E78020F5E7802A28BF8022F8B5D50882
:1097D00014462A4606460F4605F0D0FD63070DD015
:1097E000C4F10804735D04EBC504FF22A24023EA20
:1097F00002037355795D0A4013437355F8BD024661
:1098000010F8013F23B18B42F9D100230370901C63
:109810000378002B08BF0020704710B51446FFF7EF
:10982000EEFF18B1BDE8104005F006BC204610BDA3
:109830002DE9F74F0F460192054618B111B1531E9D
:10984000272B04D90025284603B0BDE8F08F10224D
:10985000002105F001F93B783A2B2DD17B783A2B8A
:10986000F0D107F101080024A3462646A146019B3A
:10987000A8EB07029A4221D3BBF1000F08D0A21C2B
:10988000102ADFD8631CDBB2310A2955EE54D4B25A
:10989000B9F1000F44D02C44A4EB090905F11003E1
:1098A00005F111010020CA1A9145CCDB14F8012DF5
:1098B00003F8012D2070F6E7B846D4E798F800A029
:1098C0001948514604F056FD80B91848514604F035
:1098D00051FD68B1154BC31A43EA0616B6F5803F31
:1098E000B0D24FF0010B08F10108C0E70E4BF2E7D0
:1098F000BAF13A0FA6D1BBF1000F05D1B9F1000FB3
:10990000A0D105EB0409EEE7A21C102A9AD8631C2B
:10991000DBB2310A29558346EE54D4B20646E2E75B
:10992000102C8FD18FE700BFA20F0100910F010013
:1099300038B50C46054650B149B1084605F020F847
:10994000214602462846BDE83840FFF771BF002097
:1099500038BD00002DE9F0478C468AB0074620B993
:10996000002738460AB0BDE8F0870029F8D0002665
:109970004FF0FF303546034634463CF816100029B8
:1099800038D1591C13BF013433B2012424B201363B
:10999000082EF2D15E1C39D0411C03D0AC42DCBF92
:1099A00003462C46022CACBF18464FF0FF306B46E6
:1099B000DFF8DC804FF0000E19464FF03A09704591
:1099C0002BD103F8019B00EB040EBEF1070FF6DD6F
:1099D000451C05D00444082C04BF3A2003F8010BB1
:1099E000002003F8010B5B1A9342B9D8384604F003
:1099F00029FDB6E7591CCAD0411C04D0AC4202DC98
:109A00004FF0FF33C3E725461846F9E7461C02D05E
:109A100003462C46C6E72C46C9E7BEF1000F01D02D
:109A200003F8019B1CF81E600CEB4E050F2E6D78A1
:109A300018D94FEA161A06F00F0618F80AA018F8F7
:109A400006605E702E0983F800A018F806609E700C
:109A5000033305F00F050EF1010E18F8055003F859
:109A6000015BB2E766B118F806A01E4606F802AB25
:109A70004FEA151A18F80AA083F801A03346E8E760
:109A80000F2D82BF2E0918F8066003F8016BE0E77E
:109A9000A20F010038B5054604F06BF8044605F145
:109AA0001000F6F70FFE204638BDF8B504460D4607
:109AB000164600F1100732462946204604F03AF8CF
:109AC00000B1F8BD01213846F6F7C6FDF3E70346BD
:109AD000A3F130020846D1B2092901D810467047D7
:109AE000A3F14102052A02D8A3F137007047A3F180
:109AF0006102052A98BFA3F157007047042808B5F2
:109B000007D1082A0BD108681860486858601046C9
:109B100008BD0146034806F051F8F7F741F86FF029
:109B20001500F5E7B30F0100042870B50D461C467B
:109B300034D10023042A637023701CD0082A04D077
:109B4000022A1FD06FF0150030E00B7883F002037B
:109B500023704B7863708B78A370CB78E3700B79AC
:109B600023714B7963718B79A371CB79E371002CED
:109B7000E8D008201AE00B7883F0020323704B78BA
:109B800063700223FF210022E170FE21A270217187
:109B90006271EA5CA2711D446B78E7E7FFF7AEFFE4
:109BA000082803D1237883F00203237070BD0000DE
:109BB000042808B505D00146074805F0FFFFF6F771
:109BC000EFFF0B6813604B685360137883F0020358
:109BD0001370082008BD00BFF80F0100042808B565
:109BE00008D14B78012B0BD0022B0CBF08206FF053
:109BF000150008BD0146034805F0E0FFF6F7D0FF69
:109C00000220F6E73A1001006FF0850070472DE959
:109C1000F84380460E4615460AB110B909B1F6F769
:109C2000BFFF00242C702F4606F1FF39B44202D149
:109C30002846BDE8F88318F804103846F7F7D0FC3A
:109C40000744A14514BF3A23002307F8013B013420
:109C5000ECE72DE9F84F07460D4609B9F6F7A0FFE6
:109C600018B900263046BDE8F88F0378002BF8D0ED
:109C70000346984613F8016F002EFAD12C464FF098
:109C8000010BB8450CD2BBF1000FEAD1631E9D4217
:109C9000E8D21A78297803F8011905F8012BF6E7BC
:109CA000C2464FF0FF311AF80109FFF710FFB0F17B
:109CB000000906DABBF1000FD3D14FF0010BD046FB
:109CC000DFE7574510D818F8010C0021A8F1020A67
:109CD000FFF7FDFE234649EA001903F8019B013610
:109CE0001C464FF0000BEAE70020F3E773B50A4685
:109CF0000C462321054604F0AFFE684601F024FD22
:109D00006946002241F2055311F8010B03EB43139E
:109D10000344B2FBF4F004FB102001322E5C082A4D
:109D200086EA03062E54EFD1002341F205529C42ED
:109D300001D102B070BDE95C02EB42120A44B3FBF0
:109D4000F4F104FB11310133685C50406854EEE7D4
:109D50002DE9F04106460F469046FFF7C7FF002366
:109D6000B3FBF7F507FB1535DC00725D48FA04F428
:109D700001335440042B7455F2D1BDE8F08138B55D
:109D80000C46054608212046FFF7B0FF2A7BA37941
:109D90005340A3716A7BE3795340E371237823F046
:109DA000010343F00203237038BD0B680E28A2EBB9
:109DB000030209D00F2818D00D2803D132B113F8AF
:109DC000010B0D300B607047012A02D86FF01B00A9
:109DD00070471A465B7812F8020B63F31F2040BAF3
:109DE00080B200F20D101346ECE76FF04C007047A4
:109DF000042907B50A4601D9F6F7D2FE00230193DC
:109E000021B102AB0146981A05F0B8FA019800BAE0
:109E100003B05DF804FB026813B51346002453B980
:109E200012BA036002AB0192191B224605F0A6FA92
:109E3000204602B010BD01341B0AF0E770B504469D
:109E40000C2B0846217803D893401943217070BD2C
:109E5000B3F5867F04EB000608D80D2505FA02F25B
:109E600011430D3B217001303370F0E70E2505FAE8
:109E700002F211436FF4867213445BBA21702352CD
:109E80000230E4E7F7B581420446019117461D46CA
:109E900015D211F8016B814201D1FF2E0FD0019133
:109EA000224601A93009FFF780FF2246388006F0DC
:109EB0000F00FFF77AFF2860019803B0F0BD002083
:109EC000FBE738B50C4600B109B9F6F769FEB0F901
:109ED00004300568002B09DA284604F051FD2946B4
:109EE00002462046BDE8384005F0A4BB294620467E
:109EF000BDE8384005F0B4BC00F110030246C0894B
:109F000030B51C46A8B125888D4200F1FF3011D133
:109F1000E31A580902F150056FEA930303F00703AF
:109F2000012199402B5C23EA01032B5463881068BC
:109F3000184430BD0434E5E773B5064615460AB942
:109F4000F6F72EFEFFF7D8FF0146C0B10024706877
:109F5000019401AB0DF10202FFF794FF0199A142B8
:109F600007DB042908DCFFF743FF2860204602B026
:109F700070BD6FF04C00FAE76FF01B00F7E76FF071
:109F80000100F4E72DE9F04F032A0E46016001EBD2
:109F900002094FF0000185B004464160818100F163
:109FA000500BA0F85010816004D86FF04C0005B041
:109FB000BDE8F08F717809B9042AF6D1357805F03B
:109FC0000F05082DF1D804354FF00008354404F191
:109FD000100A4746A94501D8039508E0691C03917A
:109FE0002B78FF2B13D16160A9EB0101A181039BA9
:109FF0009945DAD36268E78102B9636004F15402DB
:10A0000006212046FFF798FF90BB0020CFE71809F4
:10A010004A4603A90193FFF7C8FE031E0093C4DB61
:10A02000019B4A4603F00F00FFF7BFFE0028BCDB90
:10A03000009B9844CBB10F2F1ED818F0010F0CD005
:10A04000F908FB431BF801C003F00703012202FAE1
:10A0500003F343EA0C030BF80130AD1BAAF80080B0
:10A06000AAF8025001370AF1040A039D0544B1E73A
:10A070004FF0FF336365C8E76FF00B0097E7F7B564
:10A080001D4613680646144633B9FFF735FF2060B6
:10A09000C0B9002003B0F0BD00270023ADF80630A2
:10A0A000216870682B460DF10602FFF7EBFE0028D1
:10A0B000EFD01FB9BDF80630002BEAD12B6803445E
:10A0C0002360E7E70127E8E72DE9F34789469DF894
:10A0D00028A014461D46804610B10AB1012B01D8B4
:10A0E000F6F75EFD002300932E46494601AB6A4613
:10A0F0004046FFF7C4FF014658B9009B13B904F866
:10A1000001AB013E0023681C2370801B02B0BDE838
:10A11000F087019FBB1CB34209D804F801AB3A4653
:10A1200020463C44F71B05F029F97E1EDDE76FF061
:10A130001B00EBE738B50C46032C11461D4601D930
:10A14000F6F72EFD43EA0414049B4370BDF8143067
:10A1500044F040045BBA047043800430904202D063
:10A160002A4605F00BF9281D38BD2DE9FF4790461A
:10A1700002680C9F127802F00F0A0AF104060C46DE
:10A18000F1199942054637D8A4B112F0300F14BF27
:10A190004FF001094FF0020903AA4FF481712846DC
:10A1A000FFF7CAFEC0B961090139C9B2062904D94D
:10A1B000F6F7F6FC4FF00309EEE7039A01238B4014
:10A1C000134209D02B681B7803F03003102B10D0FA
:10A1D00004268246074604462A6853885BBA9BB227
:10A1E000CDE900430432534649464046FFF7A2FFFB
:10A1F000B81904B0BDE8F0876FF01B00F9E7F8B5B7
:10A200009142069E05461F4601D9F6F7C9FC002477
:10A21000531A047004220121FFF710FE2246014662
:10A2200033462846FFF70AFE04462EB13246394629
:10A23000281805F0A3F834442046F8BD2DE9FF475F
:10A24000C6890F2E04460F469146984604D96FF0F2
:10A250001B0004B0BDE8F08736B1033630F8266045
:10A260008E4201D9F6F79CFC4FF0000ABB1B04227A
:10A27000012103A8ADF80CA08DF80EA0FFF7DEFDBC
:10A28000434605465246514603A8FFF7D7FDA3892A
:10A2900005444544AB42DAD3CDF800804B463A46FC
:10A2A00031466068FFF7ABFFE28904EB82000132C0
:10A2B0000782D4E90013591A41822B446360A389B1
:10A2C000E2815B1BA3812846C3E737B5044601A89A
:10A2D0000D460192FFF79FFD01AA0346294620463D
:10A2E000FFF7ACFF03B030BD11F0010109D0838945
:10A2F00063B143685A1C4260FF221A708189013998
:10A3000089B28181D0E90003181A70476FF01B00F1
:10A310007047C068704770B5044601F0B7FA002373
:10A32000638422460123A07723742323638252F897
:10A33000123B9D692046AC460223BDE870400621D1
:10A3400060471B2910B511D81B2911D8DFE801F08F
:10A350003110131B25252D10101010101010101087
:10A3600010501010101010371047104128293BD002
:10A370006FF0850010E0012B01D8F6F711FC838AFD
:10A380001380022008E0072BF7D9D0F816301360AD
:10A39000D0F81A305360082010BD022BEDD1418C4B
:10A3A000490748BF08231380EBE7022BE5D1438A16
:10A3B000F9E7022BE1D1C37F13800120ECE7012BE9
:10A3C000DBD1438C13F0200F14BF01230023137043
:10A3D000F3E7012BD1D1438C13F0020FF4E7012BEB
:10A3E000CBD190F91030F2E7022BC6D10423DAE783
:10A3F000012BC2D96623D6E710B50C46062C1146B0
:10A400001A4607D8062C0BD8DFE804F00D0A171FF0
:10A410002B2B3E00192C4ED01B2C43D0172C38D0A0
:10A420006FF0850008E0022A01D0F6F7B9FB0B882F
:10A43000FF2BFAD8C377022010BD022AF5D80023DB
:10A440008382143004F09AFFF5E7082AEDD8002340
:10A45000C0F81630C0F81A30163004F08FFF08200C
:10A46000EAE7022AE1D10B88022B04D0082B07D09F
:10A470006FF06900E0E7438C23F004034384DAE7DC
:10A48000438C43F00403F9E7022ACED10B884382C0
:10A49000D1E70A78438C12B143F02003EEE723F0B2
:10A4A0002003EBE70A78438C12B143F00203E5E79F
:10A4B00023F00203E2E7012BB7D191F900300374D6
:10A4C0001046B9E7826E436842F0010282660021BD
:10A4D000184737B51C4650F8283F29B922B99B6860
:10A4E00003B0BDE830401847DD6801ABA84734B180
:10A4F0009DF80430AE3B23809DF80530A37003B077
:10A5000030BD283812B1537880F86C30012380F8C0
:10A510006D30032906D8DFE801F002060A0804239B
:10A5200080F86E3070470523FAE70723F8E7062323
:10A53000F6E7012380F84530022380F84630704763
:10A540000329A0F128000BD0042904D001290BD045
:10A55000436800211847836E43F002038366F7E7E0
:10A56000836E43F00403F9E7836E43F00803F5E7D5
:10A57000422970B414460DD0572912D01A2913D18C
:10A5800090F85230022B14BF0223012313700020D5
:10A5900070BC704790F96C30002B08DB23700120F1
:10A5A000F6E790F85330F9E770BCFFF7CABE6FF0DA
:10A5B0008500EDE72DE9F041044600F128074FF052
:10A5C00001080026EFF3108372B6A56EA666EFF3BE
:10A5D000108362B6EB0603D504213846FEF728FE49
:10A5E000E80703D503213846FEF722FEA90703D565
:10A5F00000213846FEF71CFE6A0703D501213846C4
:10A60000FEF716FE2B0714D502213846FEF710FE82
:10A610004FF00008A26E002AD4D194F86D30D3B167
:10A620006368B8F1000F07D141462046BDE8F0410C
:10A630001847002DEED0EBE794F86E1084F86D20EB
:10A640002046984794F86E30032B04D03846BDE876
:10A65000F041FFF718B8BDE8F08110B50446283086
:10A66000FEF716FF0028A4BF032384F86E3010BD48
:10A6700037B5044600F116052946F6F799FE237F03
:10A6800003F07F032375637F63752A4604F1140189
:10A6900004F12800FEF71FFF00281BDB2046FFF710
:10A6A0003AFEB4F84A30ADF806300DF10602022346
:10A6B0000021204694F95150FFF79EFE064A0123DF
:10A6C00017212046FFF798FE20466368A5840821DD
:10A6D0009847002003B030BDCA29010006292DE9A2
:10A6E000F04104460E4615461F4600F1280007D8E3
:10A6F00006290BD8DFE801F0300A121B0A0A2600EF
:10A70000142950D01A293ED010292DD03B462A4674
:10A7100031462046BDE8F041FFF76EBEA36A002136
:10A72000DB6B98470028F1DB2B88A387EEE7A36A51
:10A730000121DB6B98470028E8DB2B6863636B68BB
:10A74000A363E3E7A36A0221DB6B98470028DDDB04
:10A750002B88A4F84830D9E794F9513094F84C206C
:10A760002988FEF74EFFD1E7B2F9006092F9003078
:10A77000B4F84A1094F84C20FEF743FF002800DBA1
:10A78000A684BDE8F0811378012B04D0022B06D0FB
:10A790006FF08500F5E7BDE8F041FEF788BFBDE842
:10A7A000F041FEF770BF1178A36A4900BDE8F0419F
:10A7B0009B6B01F0FE011847036C43F0100328382F
:10A7C0000021836643681847034B0A4600F13001B5
:10A7D000186803F018BB00BFE42C0100064B10B54D
:10A7E000A0F1280400F13001186803F0F3FAA36E19
:10A7F00023F00103A36610BDE42C0100054B0360A8
:10A80000054B0364054B0363054BC0E9183000207A
:10A81000704700BFCC290100E829010041A50000D4
:10A82000C5A4000050B1EFF3108272B6054B196851
:10A830000160186082F31088002070476FF01500E7
:10A84000704700BF9C3F002010B9024B186870474A
:10A85000006870479C3F002073B50D46064608B956
:10A86000F6F79EF9082903D90024204602B070BDEE
:10A870000A4B1C68002CF7D069462046FAF7EDFA1F
:10A88000684604F07DF8854206D12A46694630467E
:10A8900004F0D0FE0028E8D02468EBE79C3F0020BD
:10A8A0002DE9F843002381460D460B6014461AB982
:10A8B0006FF01500BDE8F883104604F061F825211B
:10A8C0000746204603F056FD0646D0B100F10108C8
:10A8D000404604F055F801464046FFF7BDFF2860AA
:10A8E0008046304604F04CF83F1AB8F1000FDFD034
:10A8F0003A4621464846FEF79BFF0028D8D0002064
:10A90000D8E7FFF7A1FF2860FFF79EFF0028EFD0F0
:10A910002E60EDE7014B186804F008B880040020B1
:10A920007047000030B50346EFF3108472B6094A51
:10A93000094D10680144A94205D8084DA94202D327
:10A940001160421C03D10C221A604FF0FF3084F3D7
:10A95000108830BD3C04002000000420FC4300208F
:10A960001946104603F0BEB81946104603F0D0B899
:10A97000132303604FF0FF307047132303604FF041
:10A98000FF307047132303604FF0FF3070470229F8
:10A990004FF0000303608CBF002001207047F6F7E2
:10A9A000DBBA00000C2907D841F21903CB40DB07C2
:10A9B00006D44FF0FF30704740F20C639942F8D153
:10A9C00010F0200F00F01F00044B00F5E07008BFEE
:10A9D0004FF0A04343F820100020704700030050C0
:10A9E000024B0122C3F80425704700BF00D000408D
:10A9F0000F4B70B501220F4CC3F8042301441A60B9
:10AA00004FF400550022884205D10122C3F80823E3
:10AA10005A6070BD20BFD3F80061002EFAD0D3F881
:10AA2000086500F8016BC3F80021C4F88051EAE71B
:10AA300000D0004000E100E000234FF440311A0153
:10AA400002F180420133092BC2F80819F7D1FEE761
:10AA500008B5F6F799FC064B01225A6005494FF4F8
:10AA6000003008600021C3F808151A6008BD00BF57
:10AA70000010014000E100E0014BD3F804057047ED
:10AA800000100140064B1960064B1A60064B20F07F
:10AA90007F404FF48032C3F84005C3F80423704769
:10AAA000AC3F0020A83F002000100140024B4FF4B3
:10AAB0008032C3F80823704700100140014B012287
:10AAC0001A6070470010014010B5134CD4F84031A3
:10AAD000012B0BD10023C4F840314FF480330F4ACF
:10AAE000C4F808330E4B10681B689847D4F804313B
:10AAF000012B07D100230B4AC4F804310A4B10681C
:10AB00001B689847094B1B682BB1094B4FF08052CB
:10AB10005A60BFF36F8F10BD00100140A83F0020A6
:10AB2000AC3F0020A03F0020A43F002024050020CF
:10AB300000ED00E0F8B5204E06EBC00305461F7996
:10AB40000024A74209D81D4B1B682BB11C4B4FF0AA
:10AB500080525A60BFF36F8FF8BD56F835C00CEBCA
:10AB60008403D3F84011012923D100221548C3F8EA
:10AB700040210C2303FB05031A7A42FA04FE1EF05F
:10AB8000010F16D093F809E04EFA04FE1EF0010FF3
:10AB900008D1A14022EA01021A724FF48033A34087
:10ABA000CCF808330C236B43C2182146C3585068B5
:10ABB00098470134C5E700BF002A010024050020A2
:10ABC00000ED00E0B03F00200328F0B502D94FF0BF
:10ABD000FF30F0BD0C2444431E4D2E192A511E4C4B
:10ABE000736054F83050C60004EBC000012743796D
:10ABF0006F601A48C5F808350023C5F80435EF60C2
:10AC000081421BD1C5F81035A319197900231846C4
:10AC1000994219D872B1344494F90620A379002AD4
:10AC200008DB0122590903F01F0302FA03F30C4A5F
:10AC300042F8213001232B600020CAE701330A2BA0
:10AC40004FEA5000DCD1C2E703F15007013345F869
:10AC50002700DDE7B03F0020002A01000024F400B7
:10AC600000E100E0134B03EBC00210B512798A42F9
:10AC70001DDD53F830204FF480338B40C2F8083389
:10AC8000D2F80042012303FA01F124EA01040A4B3D
:10AC9000C2F800420C2202FB0030037A23EA0103CF
:10ACA0000372437A23EA01034372002010BD4FF080
:10ACB000FF30FBE7002A0100B03F0020064B03EB0A
:10ACC000C00253F83030127903EB820301221A6478
:10ACD000D3F84005704700BF002A01002DE9F84F66
:10ACE000DFF8A48008EBC00A05469AF804308B42CE
:10ACF000164642DDFFF7E2FF8419EFF3108772B6C4
:10AD00001F4B58F835B00C2202FB05334FF00109F8
:10AD10001A7A09FA01F002431A725A7A0BEB810887
:10AD200022EA00025A720023C8F84045C8F84031B0
:10AD3000D8F840314FF480338B40CBF804332846A9
:10AD4000FFF7BCFF9AF805200E4B53F82230241A67
:10AD50001C40A6420CD2D8F840314BB9CBF8049035
:10AD60002846FFF7ABFF4844C8F84005CBF80090F1
:10AD700087F310880020BDE8F88F4FF0FF30FAE726
:10AD8000B03F0020F0290100002A0100024B53F8D7
:10AD9000303001221A607047002A0100024B53F83C
:10ADA000303001221A617047002A01000020FFF7AD
:10ADB000C1BE0120FFF7BEBE0220FFF7BBBE0320CD
:10ADC000FFF7B8BE70B50C4615460146002840F0A6
:10ADD00093804B4A4B4EC2E90053C6F86C052DB127
:10ADE0001B20FFF7DFFD1B23C6F8143503211A20B3
:10ADF000FFF7D8FD434B1A22C3F80C25B4F5614F79
:10AE00004FF0FF32C3F80825C3F8102552D020D8E0
:10AE1000B4F5615F47D011D8B4F5965F41D008D83A
:10AE2000B4F5966F2FD0B4F5166F37D06FF085005C
:10AE300070BDB4F5165FF9D1334A26E0B4F5E14FA1
:10AE400034D0B4F5164F33D0B4F5964FEED12F4A27
:10AE50001BE02F4A944233D00AD8B4F5E13F2BD0FF
:10AE6000B4F5613F2AD0B4F5963FDFD1294A0CE012
:10AE7000B4F5612F27D0284A944226D0B4F5E12FAB
:10AE8000D4D1264A01E04FF49E22C3F824251D4B5D
:10AE90000822C3F80025DDB90020C9E74FF41D22C0
:10AEA000F3E71F4AF1E74FF46C12EEE71D4AECE7B7
:10AEB0001D4AEAE71D4AE8E71D4AE6E71D4AE4E7BE
:10AEC0004FF08062E1E71C4ADFE74FF08052DCE799
:10AED00001211A4AC3F83815C3F834251022C3F8E3
:10AEE0000423D3F8002242F02002C3F800221960A4
:10AEF000134B04221A60CFE76FF0120098E700BFEF
:10AF0000E43F0020002000400050270000A04E0039
:10AF100090D0030000903A0140420F0000705F079C
:10AF200000B0130000F0750000509D0000F0EB0031
:10AF300000E0D70100B0AF0300D0BE0EE03F00201C
:10AF400000E100E02DE9F0410C4688B0164608B15A
:10AF5000F5F726FE11F0005722D1194DB74202D362
:10AF600008B0BDE8F081A6EB0708B8F1200F28BFB4
:10AF70004FF020084246E119684604F0FFF900232B
:10AF8000C5F820310123C5F844D5C5F84885AB6024
:10AF9000D5F82031002BFBD00123EB604744DDE7DF
:10AFA000074BC3F82001C3F84415C3F84825012214
:10AFB0009A60D3F82021002AFBD00122DA60CFE783
:10AFC0000020004008B50D4BD3F810215AB10022E3
:10AFD000C3F81021D3F83C352BB1094B09491A6845
:10AFE000097858689047084B1B682BB1074B4FF006
:10AFF00080525A60BFF36F8F08BD00BF0020004031
:10B00000E43F0020E03F00202405002000ED00E0A8
:10B0100011F15C0F10DB0A4BD3F86C2622F47F424F
:10B02000C3F86C26D3F86C265C31890842EA012209
:10B03000C3F86C26002070476FF01500704700BF02
:10B040000010004000207047014B1878023870470C
:10B05000844000200A4BD3F86C26022902F0070234
:10B06000C3F86C2605D001F0FD0101290CBF0321B6
:10B070000021D3F86C261143C3F86C1600207047EA
:10B0800000100040032906D8DFE801F002070D1187
:10B09000084B12881A8000207047074913680B601C
:10B0A00053684B60F7E7054B12881A80F3E76FF09F
:10B0B00085007047FA3F0020F23F0020F03F00205B
:10B0C000084631B9044B1278197862F304111970EB
:10B0D00070476FF08500704740040020022911D8A6
:10B0E0000A4A0B48525C4B1C9B0003F0040343EAE2
:10B0F000C203027803F00C0322F00C021343037026
:10B10000002070476FF08500704700BF202A0100C3
:10B1100040040020002A09DC064B1A780CBF0121EC
:10B12000002161F341021A70002070476FF0850022
:10B13000704700BF4004002038B591F9052002F1A6
:10B140002803DBB2302B30D8194BD3F8500508B1A7
:10B15000F5F726FD8D786FF03104052111FB0541CF
:10B16000012AC3F8081503DDC3F80C25002038BDFB
:10B17000002A02DBC3F80C05F8E7111D01DBFC22F5
:10B18000F2E712F1080F01DBF822EDE712F10C0FE4
:10B1900001DBF422E8E712F1100F01DBF022E3E714
:10B1A0001432ACBFEC22D822DEE76FF01500DEE7E8
:10B1B00000100040F8B5244D244E2C78D6F85005E8
:10B1C000E4B2234603292ED8DFE801F002181D2738
:10B1D00034B1052C10D0D6F85035003B18BF0123F0
:10B1E00003F0010322B12878052808BF032111705C
:10B1F0000BB36FF00A00F8BD0023F1E7421E514285
:10B20000514129B1F5E720F008010429F1D00021CE
:10B21000DBB22B7089B90020EDE7211F012994BF13
:10B22000002101210AB9F5F7BBFC231F5C425C41F8
:10B2300014700023E5E70121EAE7044B4FF44022B4
:10B24000C3F80022E7E700BFFC3F002000100040E9
:10B2500008B5124B1868C1B9114B1B7813F0100FC9
:10B26000104B0CBF022212225A700F4AD278DA70A9
:10B270000E4AC2F8043501231360032183689847FE
:10B28000BDE808400120FFF789BD012901BF044A3C
:10B29000137823F001031370F2E700BFEC3F0020A6
:10B2A00040040020FD3F00208440002000100040AA
:10B2B00008B5064BD3F8FC2F012A04D10022C3F8AD
:10B2C000FC2FF6F74BF8002008BD00BF001000402F
:10B2D00038B5084610490C78A51E954218D88BB190
:10B2E000214411F8014C3F2C98BFA200A4F15D0449
:10B2F00064B294BFD2B2FF22502CA8BF5024523C5B
:10B300005A701C7005492A4604F038F8284638BDA2
:10B310006FF06800FBE700BF8440002085400020FC
:10B32000044BD3F8502522B10022C3F8102101228A
:10B330001A6170470010004008B5FFF7F1FF034A9B
:10B34000D2F85035002BFBD108BD00BF00100040E3
:10B3500008B503292DD8DFE801F002172B42264B50
:10B360001B78DA0745D413F0020F244A0CBF4FF4C0
:10B3700040234FF4C723C2F8003201231360204A50
:10B38000DBB21370002008BD1D4B1A7812B11B7878
:10B39000032B2ED1FFF7D0FF184B1A4AC3F8042510
:10B3A0004FF44022C3F8002201225A600323E6E74B
:10B3B0000AB9F5F7F5FB13782BB9114B1A7812B1CE
:10B3C0001B78032B15D1FFF7B7FF0C4B4FF440222E
:10B3D000C3F800220C4AC3F804250023CFE7FFF787
:10B3E000ABFF064B4FF40062C3F8002201225A6003
:10B3F000F3E76FF00F00C6E74004002000100040A4
:10B40000FC3F0020844000200240002070B50C4624
:10B4100009B9F5F7C5FB094E0025A26832B1681CD1
:10B420006168304403F0AAFFA3681D442468002C1F
:10B43000F3D1024B02351D70204670BD0240002042
:10B440001D4B10B500221D4C1A70D4F8FC3F23B9D7
:10B45000F5F76CFF0123C4F8FC3FFFF761FF0F23F2
:10B46000C4F81035164BC4F814357F23C4F81835CA
:10B47000A723C4F860360020124BC4F84406C4F871
:10B48000483640F20223C4F834350F4BC4F838353F
:10B49000C4F83C05D4F8503643F00103C4F85036E4
:10B4A0004FF44023C4F80032084B02221A60084BC4
:10B4B000C4F8043310BD00BFFC3F00200010004062
:10B4C00008000006FF0700FF2110010000E100E076
:10B4D000084006000F4B10B500241C700E4B1C706A
:10B4E0000E4B05221A7002225A709C700C4A234699
:10B4F0004FF224410120FFF767FBA04201DAF5F784
:10B500004FFB0120FFF74AFC064B2046C3F8FC4FD7
:10B5100010BD00BF8440002002400020FD3F0020FD
:10B5200051B2000000100040754BF0B51C68754B1F
:10B53000D3F8382185B052B10021C3F83811724BCD
:10B540001A78012A52D1A3680221204698476D4BF0
:10B55000D3F8442162B10022C3F844216A4B1A781F
:10B56000012A05D004221A700521A36820469847B5
:10B57000644BD3F848216AB10022C3F84821624BDA
:10B58000A268197801294FF005011970204608BFFB
:10B59000042190475B4BD3F80C21002A00F08280F5
:10B5A000594D0027C3F80C712A78022AD6B200F050
:10B5B0009380032E1FD0012E40F09F80534A544B9E
:10B5C00019781378132943F001031370314634BFFF
:10B5D0000C2228223046FFF781FB3046FFF7D6FBCE
:10B5E000A3682F700421204698475BE01B78032B4B
:10B5F000ADD1A368A9E7D3F80034002B69D04FF68A
:10B60000FF7302A94348ADF804306A46FDF753FDC5
:10B61000414B5F787907064605D14048022201A9CF
:10B6200004F08EFA58B30222694601A804F088FAA1
:10B6300028B13A480222694604F082FA08BB022E79
:10B6400017D13748324602A904F07AFAB8B1354822
:10B65000324602A904F074FAB0FA80F040092B4B8C
:10B660001B7813F008010ED000232B70A368032170
:10B67000B9E7082E05D12C48324602A9EAE7012095
:10B68000EDE70020EBE7D0B117F0200715D00C2232
:10B690000120FFF723FB0120FFF778FBFFF740FEB7
:10B6A00002232B70214B1B682BB1214B4FF0805292
:10B6B0005A60BFF36F8F05B0F0BD2F70D6E7BA07A1
:10B6C00003D55B0701D42870D0E70E4B01229A60A6
:10B6D000E8E7A368012186E72F70FFF721FE0B4AF8
:10B6E0001378012143F00103137008460C22FFF781
:10B6F000F5FA0120FFF74AFBD4E7F5F751FA00BF4E
:10B70000EC3F002000100040FC3F002040040020DF
:10B71000024000208540002084400020F03F0020AF
:10B72000FA3F002068290100F23F00202405002094
:10B7300000ED00E0024B0360024B1860704700BF51
:10B74000242A0100EC3F0020024A034603CA186085
:10B75000596070476000001008B5FFF779F9BDE83F
:10B760000840FFF73DB9000010B50321084C2A201E
:10B77000FFF718F94FF48063C4F80C3503212F202C
:10B78000FFF710F94FF40043C4F80C3510BD00BFAB
:10B79000000300502DE9F04F2D4A2E492E482F4F1F
:10B7A000DFF8D090DFF8D0A08BB004F007FAF5F7FF
:10B7B00025FB0546F5F738FB0446F5F731FBC5F5E3
:10B7C0000073CDE900402A4625484FF4007104F08B
:10B7D000F5F925EAE57507F180084FF4007657F88A
:10B7E000044F24B32079F5F73FF9217909900A290C
:10B7F00094BFCB46D346216BA06A08910E44F5F75F
:10B80000B4F8089923680246081AB4F9061006939A
:10B81000A36A0390CDE904230544206B029060796C
:10B82000099BCDE900B00F48E26A04F0C7F947452B
:10B83000D5D10D4B0D48721BCDE90252CDE9003632
:10B840000B4A194604F0BAF90BB0BDE8F08F00BFFF
:10B85000CF1C0100961001009B1001003005002054
:10B86000EB1001003B1101007D110100831101006B
:10B870007F1101009410010092100100024B013869
:10B88000002218605A6070470841002008490948A2
:10B890000B68094A10B54C68584302FB0400A3FB2F
:10B8A0000232013340EB0200C1E9003010BD00BF9D
:10B8B000084100202DF451582D7F954C07B50421E7
:10B8C0000DEB0100FFF794F80198FFF7D7FF03B0E5
:10B8D0005DF804FB884270B5064601D3F5F760F9C0
:10B8E0000D1A691EB5FA85F32942C3F11F0209D169
:10B8F00001249440013CFFF7C9FF20408542FAD95A
:10B90000304470BD1F2A04D0C3F1200301249C40A1
:10B91000F0E74FF0FF34EEE708B53E2003F0FCF906
:10B92000202003F0F9F9034B1B689868BDE8084034
:10B9300003F092B9800400202DE9F04F0B4685B04A
:10B9400005460E46481E00210C4600AF10F8012F98
:10B9500062B901291A7049D9654802F0F5FE6FF005
:10B96000150420461437BD46BDE8F08F03292CD8B6
:10B97000DFE801F002173039202AE7D0092AE5D0A4
:10B98000272A04F1010400F0AF8006D8222A00F033
:10B99000AD8003F8012B0121D8E75C2AF9D10521FC
:10B9A000D4E7272A00F0A080222A00F09F805C2A9A
:10B9B000F5D0202A03F1010C01D0092A03D100217E
:10B9C00019706346C2E71A70FBE781F0040103F8BF
:10B9D000012BBBE74FF0270C6245DCD05C2AF6D187
:10B9E00081F00401B2E74FF0220CF5E7002CB8D04B
:10B9F000A3000B3323F00703C7F80CD0ADEB030D06
:10BA0000EA469046444540DC00234AF82430DAF800
:10BA10000080002D56D1DFF8EC90364EA6EB0906DB
:10BA2000B6084B464FF0000B5E450ED053F8042B82
:10BA30007B601168BA60404603F012FFD7E901321B
:10BA4000002841D19368002B35D12B48414603F0A3
:10BA500007FF0446002840D1284802F075FE35B1A2
:10BA6000DFF8A4800C3555F80C1C0C3579BBDFF8D9
:10BA700098800025AE4222D059F8043B4046196810
:10BA80005A6804F09BF80135F4E74AF8286030461C
:10BA900002F076FF0130064408F10108B2E70C36E7
:10BAA00030680028B7D0414603F0DAFE0028F6D10E
:10BAB000B368002BAFD02046514698470446D7F8CC
:10BAC0000CD04EE72E46EBE70BF1010BACE755F837
:10BAD000142C404604F072F8C5E70948414604F0CA
:10BAE0006DF86FF00704EAE702212FE703212DE745
:10BAF000A7110100842E0100AE210100C011010038
:10BB000013120100642E0100091201002DE9F04119
:10BB100080460F4609B9F5F743F800252E462C4616
:10BB200003F0C2FB0D280EDC431C0EDB431C0E2B66
:10BB30000BD8DFE803F03F0A0A0A133F0A0A0A2576
:10BB40000A150A0A15007F281AD07B1E9E423ABFAA
:10BB500008F8060001340125C0B220E000252C467B
:10BB6000002308F804300D2003F0D6F80A2003F073
:10BB7000D3F8002D18BF6FF068042046BDE8F081AF
:10BB8000002C0EDD013CA74284BF002508F80450BC
:10BB9000082003F0C1F8202003F0BEF8082003F0CD
:10BBA000BBF8064B1B68986803F056F8A742264678
:10BBB000B6D8B0E74FF0FF34DFE700BF80040020C5
:10BBC000F8B505460C461646FFF7A6FE0A4F314665
:10BBD0002046FFF79BFF10F1690F06D001300AD015
:10BBE00021462846FFF7A8FE02E0384602F0ACFDE9
:10BBF000FFF792FEEBE7F8BD311201002DE9F04F9F
:10BC000091B0804604914FF0FF3116461C46FAF77A
:10BC100035FC022107464046FAF730FC0321054671
:10BC20004046FAF72BFC804625B96FF0150011B09D
:10BC3000BDE8F08F0028F8D0D5F8049045687FB3B0
:10BC40007B68B3F90270B3F906A0E36DD8F8082059
:10BC500008339B1A1BB203932B78812BE5D1AB8859
:10BC6000B4F8AC205BBA9BB29A42DED194F828308B
:10BC7000FF2B09F1080B16D1ED8828226DBA594621
:10BC800006A8FDF767FEADB299F807309FB900939B
:10BC9000D8F8081039482B4606AA03F08FFF25E094
:10BCA000DFF8FCA0D1E704F128015846FDF756FD66
:10BCB0000028E1D1B9E7324905930822584603F03C
:10BCC0003FFF059B48B199F80820FF2ADFD199F87A
:10BCD000092002F00F02022AD9D1CDE900532948E8
:10BCE000D8F808103B4606AA03F068FF039B002B18
:10BCF00037D02548194603F061FF1AF5004F03D0ED
:10BD00002248514603F05AFFBEB14FF47A722048E0
:10BD1000B6FBF2F102FB116203F050FFD4E91232DC
:10BD20009B1942F10002C4E91232236DB342636DE4
:10BD300088BF2665B34238BF6665C5F3C50104F107
:10BD40006000ED43435C05F007050122AA40134261
:10BD50000DD0636C0F480133636402F0F5FC0020E2
:10BD600065E7049B002BC8DB0B481946C3E7134368
:10BD70004354236C094801332364EEE78612010023
:10BD80009A2901005D120100AB120100D9120100D5
:10BD9000E712010055120100C11201005C120100FE
:10BDA0000080FFFFC36B826D0133934213B50446DD
:10BDB0003AD24EF64873D0F8A4204384264B274845
:10BDC0001B8800681BB2009304F1100104F12003EA
:10BDD00002F04CF9E36B04F16000C3F3C501DB43EF
:10BDE00003F0070301229A40435C23EA0203435411
:10BDF000E36B5A1CE263E26D019294F8AE2000926C
:10BE00009BB204F12801B4F8AC20D4F8A800F6F7EE
:10BE1000EDFA01464342E0B10C2B14D1104802B0B8
:10BE2000BDE8104002F090BC4EF649734384036CA9
:10BE300013B9D0F8A020C1E7426D0A4BD20C5A4387
:10BE400008BF1A46BAE7084802B0BDE8104003F040
:10BE5000B5BE02B010BD00BFB4050020E42C010047
:10BE60001E0C010040420F00FA1201002DE9F04FB4
:10BE7000B3B00F46AA4E00218046B02206A802F0B9
:10BE8000EBFD812307933388ADF824304FF0FF3367
:10BE90001A9303210423CDE91C13A24BD7F8009079
:10BEA000CDE92E3301245323ADF8C43025464FF499
:10BEB0007A7AA04500F3B380ADB149469A4803F0C1
:10BEC0007DFE9A4803F07AFE994802F03DFC9948BD
:10BED00003F074FE984802F037FC984802F034FCF6
:10BEE000974802F031FC974B1C686369013300F0FE
:10BEF0000281204601F031FFBDF8C430584082B2C3
:10BF0000022131A8ADF8C420FDF722FF002D40F03A
:10BF10009B8006A90320FAF709FA06A8FFF742FF5B
:10BF20004EF648754EF6497704A8F4F778FBBDF84D
:10BF30001230AB4200F0E480BB4212D040F201224A
:10BF4000934240F0E1801D997F4A059806ABF6F7D1
:10BF5000AFFA05980021FAF799FA169A1C9B9A42B3
:10BF6000E2D30AA9204601F035FFDDE91545DDF8E9
:10BF70005C80149975482B46224603F01FFEB8F1E9
:10BF8000000F03D07248414603F018FE24B1631B32
:10BF900064225343B3FBF4F46E48214603F00EFED3
:10BFA0001A9F7B1C1BD005EB08020023DDE918015A
:10BFB00002F068F81B9C4FF47A72B4FBF2FCB0FB01
:10BFC000F2F302FB1C4402FB13000090B7FBF2F1FA
:10BFD000CDE901C4604802FB117203F0EFFD06A930
:10BFE0000320FAF7DFF9B5FA85F56D0940F201246F
:10BFF000F4F718FB40B304A8F4F70EFB002840F355
:10C000008980BDF81230A34240F08480059890F9F1
:10C010001030032B7ED10021FAF738FAE8E757F801
:10C0200024B09BF800202D2A4FEA840310D05A46F2
:10C0300030A910A8CDF850B0FEF732FC054698B1F3
:10C040004648594603F0BAFD284633B0BDE8F08FA4
:10C050009BF80120692A04F1010B1FD006D8572A4A
:10C060003CD0632A10D00125013422E7732A22D064
:10C07000742AF8D10134A04530DD57F8240002F0CD
:10C08000DBFF8DF8C600EFE7D84505DD3B44586877
:10C0900002F0D2FF1C9058B95C46E4E7D84509DDB0
:10C0A0003B44586802F0C8FF4FF47A7358432F900E
:10C0B0005C46D9E75C460134A045DBDD57F8240037
:10C0C00002F0BAFF4FF6FB73984205D9244802F0FC
:10C0D0003BFB4FF0FF35B7E71D90C5E70134A045A6
:10C0E000C1DD57F8240002F0A7FF0AFB00F02E90F4
:10C0F0000028B8D0B8E7A36820465B689847FBE6FD
:10C1000006A8FFF74FFE28E7318804A809B2F4F724
:10C1100005FA22E7318804A809B2F4F7FFF967E7C6
:10C12000B405002040420F003D13010078130100C8
:10C13000B4130100DD1301002B140100921401005F
:10C14000DE140100E42C0100FDBB00008515010098
:10C15000D1150100E2150100F515010005130100DC
:10C160001713010010B5D0E900120446094803F086
:10C1700025FDD4E90012084803F020FDD4E900129F
:10C18000064803F01BFDD4E900120548BDE8104045
:10C1900003F014BD2A1601004C1601007E160100A2
:10C1A000A416010010B5D0E900120446094803F0B6
:10C1B00005FDD4E90012084803F000FDD4E900129F
:10C1C000064803F0FBFCD4E900120548BDE8104026
:10C1D00003F0F4BC2A160100BF160100121701007B
:10C1E000A416010010B5D0E900120446094803F076
:10C1F000E5FCD4E90012084803F0E0FCD4E90012A1
:10C20000064803F0DBFCD4E900120548BDE8104005
:10C2100003F0D4BC2A1601004417010012170100D4
:10C22000A4160100202802D800B2F8F7B9BF0020F8
:10C23000704700002DE9F043012891B005460C46F7
:10C2400005DD4E689949304603F00AFB38B921688C
:10C25000974803F0B3FC002011B0BDE8F083954986
:10C26000304603F0FDFA002872D1022D02D103906E
:10C2700000240CE0A6689049304603F0F1FA88B932
:10C28000032D0390F4D0E06802F0D6FE044607AA1E
:10C2900003A92046F8F71FFA0028DCD007A8F8F712
:10C2A0003DFAF4E78149304603F0DAFA18B920463E
:10C2B000FFF758FFCFE7042D2FDD8049304603F00C
:10C2C000CFFA58BBE06802F0B7FE0646FFF7AAFFB8
:10C2D00008B9314686E0216907A8FDF729FB20B996
:10C2E0002046FFF73FFF0120B6E7052D13D0606918
:10C2F00003A9FDF7AEFC03460028F1D003AA31469E
:10C3000007A8F8F775F90028A5DA21696C483246C4
:10C3100003F054FC9FE70023F0E7E1D16949304680
:10C3200003F09EFA0028DBD1E06802F085FE0546A6
:10C33000FFF778FF08B9294654E0216907A8FDF7FF
:10C34000F7FA0028CCD0294607A8F8F789F982E740
:10C350005D49304603F084FA002840F09B80022DAE
:10C3600002D10390002515E0A6685349304603F03A
:10C3700077FAB8B9032D0390F4D0E06802F05CFEC0
:10C3800004460546FFF74EFF20B921462AE007A8DC
:10C39000F8F7C8FA07AA03A92846F8F786FA00288A
:10C3A000F5D158E74149304603F05AFA18B920460A
:10C3B000FFF7F8FE4FE7042D1DDD4049304603F03E
:10C3C0004FFA002844D1E06802F036FE802207468A
:10C3D0002F212069FDF721FA80463846FFF722FF1A
:10C3E00020B93946394803F0E9FB7CE7216907A801
:10C3F000FDF79EFA18B92046FFF7D4FE73E7052D26
:10C400001ED06069DFF8CC9002F016FE4845064663
:10C410009ABF4FF47A735E436FF00106062D11D078
:10C42000A06902F009FE48450FD84FF47A734343E0
:10C4300000934246334607A93846F8F7A3F90AE7BE
:10C440004FF0FF364FF0FF33F2E76FF00103EFE7F5
:10C450001C49304603F004FA0028CCD1E06802F011
:10C46000EBFD802205462F212069FDF7D6F906460F
:10C470002846FFF7D7FE00283FF45DAF216907A8E3
:10C48000FDF756FA0028B6D0324607A92846F8F735
:10C49000E3F9E0E60E49304603F0E2F9002840F007
:10C4A0009D80022D18D10390002528E0AE210100C7
:10C4B00092170100BB170100C1170100C617010048
:10C4C000E71701000F18010013180100CA17010037
:10C4D0001A18010037894100A6684249304603F026
:10C4E000BFF9C8B9032D0390DED0E06802F0A4FDC7
:10C4F00004460546FFF796FE00283FF446AF07AB1B
:10C5000003AA29460020F7F7D7FF00283FF4A3AE7F
:10C5100007A8F8F72BF8F2E73349304603F0A0F903
:10C5200018B92046FFF75EFE95E6052D3EDD2F4942
:10C53000304603F095F9002839D11022002103A8D4
:10C5400002F08AFAE06802F077FD802206462F2189
:10C550002069FDF762F907463046FFF763FE0028C1
:10C560003FF4B7AE216903A8FDF7E2F940B92049CD
:10C57000206903F075F918B12046FFF733FEB2E6E3
:10C58000616907A8FDF7D4F90028F5D0062D0BD076
:10C59000A06902F051FD80B20090334607AA3946E7
:10C5A00003A8F7F729FF56E60020F5E7E4D1114983
:10C5B000304603F055F90028DED12F212069802272
:10C5C000FDF72BF92169054607A8FDF7B1F9002809
:10C5D000D2D0294607A8F7F75BFF3CE6216806485A
:10C5E00001E700BFC1170100AE210100C61701001D
:10C5F000201801000F1801009217010008B501462C
:10C60000034803F0DBFABDE80840024802F09CB89A
:10C61000281801004D180100182811D9232837D0F7
:10C620002938C3B20C2B00D970470C2838D8DFE862
:10C6300000F0233137373335373737373737210075
:10C6400018282DD8DFE800F0142C0D102C121E1A1B
:10C650002C2C2C2C2C2C2C2C201C2C2C2C2C2C2C36
:10C660002200104803F0AABA0F48FBE70F48F9E789
:10C670000F48F7E70F48F5E70F48F3E70F48F1E7F2
:10C680000F48EFE70F48EDE70F48EBE70F48E9E702
:10C690000F48E7E70F48E5E70F48E3E70F48E1E712
:10C6A000704700BFD51C0100E51C0100F21C010011
:10C6B000081D0100101D0100221D0100271D0100A1
:10C6C000311D0100351D0100481D01005A1D0100EA
:10C6D0006F1D01007C1D0100931D010070230100EE
:10C6E00070B501460B480C4D0C4E03F067FA002460
:10C6F00055F83410304603F061FA152C04D1BDE82A
:10C700007040074802F020B87C2002F005FB01349D
:10C71000EEE700BF9E1D01002C2B010096200100BA
:10C72000B51D010007B56946F8F797FB6946034850
:10C7300003F044FA03B05DF804FB00BF962001004B
:10C7400010B50A490822044603F0FAF948B12378E3
:10C75000FF2B08D1607800F00F00831E584258412B
:10C7600010BD0120FCE70020FAE700BF9A29010074
:10C770007FB506460C46104602A91546FDF769FA34
:10C7800028B9144801F0E0FF012004B070BD00900A
:10C7900002AB002221463046F8F775FB002807DA85
:10C7A0000D4803F00BFA2046FFF736FF0B48E9E788
:10C7B0000B4803F003FA2046FFF72EFF094803F069
:10C7C000FDF93046FFF7AEFF0748294603F0F6F9BA
:10C7D0000020DAE7B71D01002A1E0100EB0E010060
:10C7E000401E01009A230100752401001FB5012499
:10C7F0008DF80F1000940DF10F0300222021F8F79F
:10C8000042FB00280DDA9DF80F10074A074B084835
:10C81000A14214BF1146194603F0D0F9204604B0D6
:10C8200010BD0020FBE700BF4E1E01006C2501007B
:10C83000531E0100F0B5064685B018460C46174653
:10C840001D46F4F7BFFE014668B10A2200212846C2
:10C8500001F0FEFE0390013023D11F4801F074FF68
:10C86000012005B0F0BD1022284601F0F1FE039032
:10C870000130F2D00125039BB3F5803FEDD20223B6
:10C8800000933A4603AB21463046F8F7FCFA0028FD
:10C8900009DA124803F092F92046FFF7BDFE10486E
:10C8A000DCE70025E7E70F4803F088F92046FFF7AB
:10C8B000B3FE0D4803F082F93046FFF733FF0B4813
:10C8C00003F07CF9039925B1094803F077F90020BA
:10C8D000C7E70848F9E700BF711E01002A1E0100E2
:10C8E000EB0E0100401E01009A230100BE1E010054
:10C8F000C31E0100CC1E010003463038C2B2092A13
:10C900000BD9A3F16100C2B2052A06D9413BDAB2C4
:10C91000052A94BF18464FF0FF3070477FB50025B9
:10C920001C460123009316460DF10F032A468DF88D
:10C930000F50F8F79CFAA8420EDB9DF80F30012B40
:10C940000AD107483146013403F038F9082C03D9DD
:10C95000044803F033F92C46204604B070BD00BFF4
:10C9600096200100D11E01007FB5064610460D46F7
:10C9700002F062FB01248DF80F0000940DF10F030B
:10C98000002229463046F8F77EFA00280BDA0F48D5
:10C9900003F014F92846FFF73FFE0D4801F0D4FEDE
:10C9A000204604B070BD0B4803F008F92846FFF795
:10C9B00033FE094803F002F93046FFF7B3FE9DF855
:10C9C0000F10064803F0FAF80020EAE72A1E0100DB
:10C9D000EB0E0100401E01009A230100DD1E010044
:10C9E0002DE9F04FA7B00446884802AF03F0E6F8FF
:10C9F0002046FFF797FE202002F08EF908230093CF
:10CA0000022107F1100300222046F8F730FA011E38
:10CA100011DB01EB4103073323F007036D46ADEB58
:10CA2000030D02AA07F11000FDF7F1F8014678485E
:10CA300003F0C4F8AD46022300220093114607F12B
:10CA400008032046F8F713FA002803DB39897148F8
:10CA500003F0B4F804230093002207F10C033521FE
:10CA60002046F8F704FA002803DBF9686A4803F067
:10CA7000A5F802230093002207F10803292120468C
:10CA8000F8F7F5F9002803DB3989644803F096F8D4
:10CA900002230093002207F1080306212046F8F73D
:10CAA000E6F9002803DB39895D4803F087F80223A3
:10CAB0000093002207F10A0369212046F8F7D7F90D
:10CAC000002804DBB7F90A10564803F077F8012371
:10CAD000009300227B1D57212046F8F7C8F9002853
:10CAE00006DB7A79504B514853F8221003F066F870
:10CAF000012300930022FB1D20212046F8F7B7F9FF
:10CB0000002809DBF9794A4A4A4B4B48012914BFEE
:10CB10001146194603F052F8484803F04FF808232D
:10CB20000093002207F1100303212046F8F79FF934
:10CB3000051E1ADB05EB4503073323F007036E469A
:10CB4000ADEB030D0DF108083D4803F037F8424600
:10CB5000294607F11000FDF75AF80146394803F05D
:10CB60002DF83648B54603F029F802230093002239
:10CB700007F10A0310212046F8F779F9002804DBB1
:10CB8000B7F90A10304803F019F801250095BB1DCC
:10CB900000221A212046F8F76AF9002834DBBA7916
:10CBA0002A4B2B4853F8221003F008F80123009376
:10CBB00000227B1D18212046F8F759F9002804DBD4
:10CBC0007979244802F0FAFF0135012600967B1D91
:10CBD000002223212046F8F74AF900283EDB0022F4
:10CBE000FA71FB1D009622212046F8F740F9002833
:10CBF00006DBFB79B34203D17979174802F0DEFFF7
:10CC00000E4802F0DBFF2BE00025CFE7F41E010009
:10CC1000FC1E0100091F0100181F01002B1F01004D
:10CC2000371F0100441F0100F42A01004F1F0100BB
:10CC30004E1E01006C250100591F0100D11E01008C
:10CC4000641F0100551F0100721F0100102B01001D
:10CC5000851F0100911F0100A51F0100002DCFD1EC
:10CC6000B54A002314212046FFF758FEB34A034675
:10CC700015212046FFF752FEB14A034617212046F0
:10CC8000FFF74CFEAF4A034613212046FFF746FE4E
:10CC9000AD4A03461B212046FFF740FEAB4A034640
:10CCA00026212046FFF73AFEA94A034622212046C4
:10CCB000FFF734FEA74A00F109031F212046FFF7C2
:10CCC0002DFEA54A03463F212046FFF727FEA34A33
:10CCD000034638212046FFF721FEA14A03463621AC
:10CCE0002046FFF71BFE9F4A034665212046FFF7BB
:10CCF00015FE02230093054607F1080300221121C7
:10CD00002046F8F7B4F8002804DD3989964802F087
:10CD100055FF01350222009207F108031121204638
:10CD2000F8F7A5F8002804DD3989904802F046FF9D
:10CD300001350123009300227B1D07212046F8F7CF
:10CD400096F8002804DD7979894802F037FF01352B
:10CD50002B46884A0E212046FFF7E0FD864A03460F
:10CD60000F212046FFF7DAFD844A03464021204682
:10CD7000FFF7D4FD824A00F1090341212046FFF765
:10CD8000CDFD02230093054607F10803002205218B
:10CD90002046F8F76CF8002804DB3989794802F05E
:10CDA0000DFF013515B1784802F008FF022507F1A3
:10CDB00008030022272100952046F8F758F8734A07
:10CDC00073490028D8BF1146724802F0F7FE6E483A
:10CDD00002F0F4FE20230093002207F1180309213A
:10CDE0002046F8F744F8B0F1000913DB00263E872F
:10CDF00007F13803009532460B212046F8F737F843
:10CE0000DFF884B14FEA191907F1180507F1380A5C
:10CE1000B14511D130230093002207F160030C21AA
:10CE20002046F8F724F8002867DA5B4801F08CFC0C
:10CE30009437BD46BDE8F08F58481AF8018B02F0D0
:10CE4000BDFE2822294607F16000FCF783FD544807
:10CE500007F1600102F0B2FE2846FFF771FCA0B1B5
:10CE6000504802F0ABFE18F0200F02D04E4802F0FE
:10CE7000A5FE18F0070130D04C4802F09FFE58463E
:10CE800002F09CFE01361035C2E72B885BBA23F016
:10CE90003F031B041B0C4FF6C062934207D02B7854
:10CEA000FF2B0AD16B7803F00F03052B01D140480B
:10CEB000D7E70E2B0FD03F48D3E73F491022284633
:10CEC00002F03EFE0028F6D03C491022284602F02F
:10CED00037FE0028EFD03A48C3E708F01F08B8F142
:10CEE000080F04D0B8F1100F05D0364800E03648DE
:10CEF00002F064FEC3E73548FAE7DFF8D480DFF8D4
:10CF00008890050907F160040026B5428DD023788A
:10CF1000FF2B0AD12146282207F13800FCF71AFD21
:10CF200007F13801404602F049FE484602F046FE4D
:10CF300001361034E9E700BFB81F0100C21F01002D
:10CF4000CC1F0100D61F0100E01F0100EA1F0100F5
:10CF5000F91F0100002001000A2001001620010035
:10CF6000222001002D200100342001004120010079
:10CF70004B200100532001005920010063200100D3
:10CF80006920010070200100D11E0100EB1E01008C
:10CF9000E51E01008B200100EB0E0100992001002D
:10CFA000A6200100B2200100CB200100D620010004
:10CFB000B7200100C3200100BA290100AA290100FD
:10CFC000BC200100EC200100E0200100E62001006F
:10CFD000F220010010B5014604460D4802F0EEFDB6
:10CFE00021460C4802F0EAFD21460B4802F0E6FD1E
:10CFF0002046FFF703FB2046FFF772FB2146074858
:10D0000002F0DCFD21460648BDE8104002F0D6BD26
:10D01000022101000D2101001D2101003A21010022
:10D02000862101002DE9F04F012889B0814602AF29
:10D030000D4619DC00240CE00020FDF705FC054638
:10D04000FDF702FC08B18442F9D12846FFF7C8FC7D
:10D050002C460020FDF7F8FB8442EDD10024204649
:10D060001C37BD46BDE8F08F4C68204601F088FCB7
:10D0700001462046FDF7F0FB064690B96C68A249D0
:10D08000204602F0EDFB20B1A049204602F0E8FB6B
:10D0900018B92868FFF79EFFE0E79D4801F054FBB0
:10D0A00017E0B9F1020F02D1FFF79AFCD6E7D5F8E5
:10D0B00008809849404602F0D3FB0446002840F01F
:10D0C0004882B9F1040FD5F800A004DC5046FFF700
:10D0D00095FA0124C3E7D5E903858F48414602F05C
:10D0E000BFFB20B18D48414602F0BAFB30B92A4659
:10D0F00002213046FFF73CFB0446B0E78848414632
:10D1000002F0AEFB10B92A460321F2E785484146FA
:10D1100002F0A6FB28B92A462A213046FFF724FC54
:10D12000EAE78148414602F09BFB28B17F4841462F
:10D1300002F096FB002842D12846F4F743FA014654
:10D1400048B10A220021284601F082FAB860013075
:10D150001CD17748A2E72022284601F079FAB8606E
:10D160000130F6D0012504230093002207F10803C3
:10D1700035213046F7F787FE002809DA6D4802F0BE
:10D180001DFD6D4802F01AFD6C4887E70025EAE7AF
:10D190006B4802F013FD684802F010FD694802F088
:10D1A0000DFD3046FFF7BEFA674802F007FDB9688B
:10D1B0001DB1664802F002FD51E76548FAE765488F
:10D1C000414602F04DFB20B16348414602F048FB66
:10D1D00030B900222B4611463046FFF72BFB8BE778
:10D1E0005E48414602F03CFB10B92A46232194E7F1
:10D1F0005B48414602F034FB20B15A48414602F0F8
:10D200002FFB10B92A46072187E75748414602F00D
:10D2100027FB044600286DD12846C7F804D001F04A
:10D22000AFFB4FEA500909F1070323F00703ADEB09
:10D23000030D0E2880460DF1080A13D14B4802F069
:10D24000BDFC0135002115F8010CFFF755FB8346A5
:10D250002878FFF751FBBBF1FF3F01D0431C1CD1E5
:10D26000434814E0102801D14248E8E7202801D1C2
:10D270004148E4E7302801D14048E0E7402801D1A7
:10D280003F48DCE7802801D13E48D8E73E4801F01E
:10D290005BFA0124D7F804D0E1E64A08023100EB3A
:10D2A0000B1088450AF8020005F10205CBD8CDF82D
:10D2B0000090534600222E213046F7F7E4FD002867
:10D2C00001DA3248E3E7324802F078FC3046FFF7F3
:10D2D00029FA1D482F4E01F037FA00251AF80510DB
:10D2E0003046013502F06AFCA945F7D8134801F031
:10D2F0002BFACFE72848414602F0B2FA00284DD178
:10D300002B460222112167E7AE210100AC2101006A
:10D31000B3210100FA230100D2210100D72101002D
:10D32000E2210100EC210100FA21010004220100A8
:10D33000092201002A1E0100101D0100EB0E010050
:10D34000401E01009A230100BE1E0100C31E010001
:10D35000CC1E0100081D0100562201005B220100C5
:10D36000682201006B220100572301007522010091
:10D370004023010092220100AF220100CD220100D2
:10D38000EB22010009230100272301005B23010098
:10D390007F230100A9230100AE230100AB484146D1
:10D3A00002F05EFA48B1AA48414602F059FA20B1AB
:10D3B000A848414602F054FA18B92B46002206212B
:10D3C0000AE7A548414602F04BFA024610B92B463F
:10D3D000292101E7A148414602F042FA044618BB60
:10D3E000284601F029FE02233881224600931021AD
:10D3F00007F108033046F7F746FD002804DA98489D
:10D4000002F0DCFB9748BDE6974802F0D7FB954851
:10D4100002F0D4FB954802F0D1FB3046FFF782F9C9
:10D42000B7F908109248C5E69248414602F018FA4A
:10D4300010B92A46182170E68F48414602F010FACA
:10D44000024610B92B460521C6E68C48414602F03B
:10D4500007FA044600287FF439AE8948294602F0CD
:10D46000FFF9002849D08748294602F0F9F9002839
:10D4700043D08548294602F0F3F9002852D083486A
:10D48000294602F0EDF900284CD08148294602F0E7
:10D49000E7F9002848D07F48294602F0E1F9002842
:10D4A00042D07D48294602F0DBF900283ED07B4877
:10D4B000294602F0D5F9002838D07948294602F0EB
:10D4C000CFF9A8B37748294602F0CAF980B3764865
:10D4D000294602F0C5F968B37448294602F0C0F93C
:10D4E00040B37348294602F0BBF928B37148294676
:10D4F00002F0B6F900B37048D0E523463B72012331
:10D500000093002207F108031A213046F7F7BBFC0D
:10D5100000286A4D12DA3B7A694855F8231002F068
:10D520004DFBD6E50123E9E70223E7E70323E5E71F
:10D530000423E3E70523E1E70623DFE7614802F080
:10D540003DFB3046FFF7EEF83B7A5F4855F8231075
:10D5500030E65E49404602F083F920B901213046A9
:10D56000FFF744F9C8E55A49404602F079F9014607
:10D570000028F4D05749404602F072F904460028CA
:10D5800040F0B880B9F1030FD5F800A002D152489D
:10D590005146C4E7B9F1040FD5F80C8023D04F49A8
:10D5A000404602F05DF9A0B9D5F8108001252F2181
:10D5B00040224046FCF731F94146B0F1000907F13D
:10D5C0000800D8BF4FF04009FCF7B2F968B94448E9
:10D5D00064E54449404602F043F90028D7D1D5F824
:10D5E00010800546E3E70546E1E73B7AFF2B4FF065
:10D5F00010030BD10093002207F108030C213046E1
:10D60000F7F741FC002814DA374847E5012D0CBF35
:10D61000302110215FFA89F2009341EA022207F1DA
:10D62000080309213046F7F72EFC002801DA2F48BD
:10D6300034E52F485FFA89F2414602F0BFFA3046DE
:10D64000FFF770F80A2001F067FB08E5B22301003C
:10D65000B6230100BA230100221D0100C1230100ED
:10D660002A1E0100481D0100401E01009A230100EE
:10D67000DD1E0100C7230100CF230100CF1C0100E4
:10D68000D7230100DB2301004E260100DF23010028
:10D69000E5230100EA23010093080100EF230100C4
:10D6A000F2230100F5230100F8230100FE2301000D
:10D6B000042401000C24010014240100102B01009B
:10D6C0005B2401007D240100752401006C2501000C
:10D6D0004E1E0100C61701003A2101009E240100E0
:10D6E000AE240100A6240100D3240100FE24010081
:10D6F000202501003949404602F0B2F8044668BBD3
:10D70000B9F1030F02D12968354808E7ED6807F140
:10D7100008002946FCF70CF900283FF458AF3B7A83
:10D72000FF2B4FF0100300934FF0000207F10803A6
:10D7300007D10D213046F7F7A6FB002809DA294862
:10D74000ACE40A213046F7F79EFB002801DA2648B0
:10D75000A4E42946254802F031FA70E724494046FE
:10D7600002F07EF8D5F8009008B9484692E498F89F
:10D7700000302D2B1F4B06BF08F101084FF0000AA7
:10D780004FF0010A002553F83500414603EBC50B65
:10D7900002F066F8174B0446C0B9012587F808A0C7
:10D7A00002469BF80410009507F108033046F7F78E
:10D7B0006AFB002801DA104870E4397A0F4A104BEE
:10D7C000104800290CBF11461946F3E40135162D07
:10D7D000D9D14846FEF784FF7BE400BF0F18010053
:10D7E00086210100432501006F25010094250100D9
:10D7F000AE2101002C2B0100B6250100A92101005A
:10D80000EB0E0100D2250100427C044B02F00F0216
:10D8100003EB02130021017499607047104100204E
:10D8200008B50146054802F0C9F9054800F08CFF2B
:10D83000BDE80840034800F087BF00BFB8260100DC
:10D84000012701004A2701002DE9F04101288EB08F
:10D8500007460D4624DC5148514E00F075FF5148F3
:10D8600000F072FF0025E8B2F9F7FEF9044678B13E
:10D870000146282204A8FCF76DF8618A237C0191F7
:10D88000617C0909024600913046294602F096F96A
:10D890000135102DE7D1002420460EB0BDE8F081FF
:10D8A000D1F804804048414601F0DAFF2E68044672
:10D8B000002846D1042F03DC3046FFF7B1FF22E0F9
:10D8C000A868D5E9037801F0B7FB0F280546F3D81F
:10D8D000364800F039FF3846354903AA01F014FAFA
:10D8E00007460028E8D0324903AA204601F00CFA86
:10D8F0000028E1D001F0A0FB431E802B064604D98E
:10D900002C4800F021FF0124C6E7394604A8FCF7A3
:10D910000FF8102228490DEB020002F011F908B9A6
:10D920002648EEE7404601F087FB01230093F2B260
:10D9300083B204A9E8B2F9F7B9F90028ACD12048BC
:10D94000DFE72048414601F08BFF0028B4D1A868EA
:10D9500001F072FB0F280446AED81B4D134805EBAF
:10D96000041500F0F1FEAE689EB9E0B2F9F77CF95B
:10D97000002890D0437C468223F010034374134B5D
:10D98000134AC5E90230134B2946186800F03BFAE8
:10D9900081E72146104802F011F9B4E76927010038
:10D9A000DD270100A1270100C6170100F7270100AC
:10D9B0003028010032280100BA2901005C2801004A
:10D9C000782801000F1801001041002009D800003C
:10D9D000E0930400E02C010093280100012810B519
:10D9E0000B4608DC094800F0AFFE094800F0ACFE29
:10D9F0000124204610BD0749586801F031FF044654
:10DA00000028EFD1FDF718F8F3E700BFBA280100AE
:10DA1000C1280100D723010008B5FDF7BBFE002097
:10DA200008BD08B5F3F7DCFB002008BD08B50248C7
:10DA300000F08AFE002008BDD8280100EFF3108313
:10DA400072B60022017D027583F3108819B18368D4
:10DA5000D0E903021847704770B506460C461546D4
:10DA6000FBF7E5F8037D1C430475C0E90365014637
:10DA7000BDE870408069F3F7A9BC0000F8B50F4617
:10DA800016461D460446FBF7D2F8002303750360D3
:10DA9000054B4360876186602A4620460349BDE8FE
:10DAA000F840FBF7C1B800BF3DDA000059DA0000CA
:10DAB00010B500B109B9F3F773F803680A68934227
:10DAC0000ED1C48ACA8A94420AD1042B08D11022EA
:10DAD0000431043002F034F8B0FA80F0400910BD8F
:10DAE0000020FCE70A4601460148FBF7DEBF00BF05
:10DAF00044040020FBF7CEBF034B044A4FF4E1314E
:10DB00000020FDF75FB900BF44040020F5DA0000F3
:10DB100010B50A460C4601460020FDF713FA2046D0
:10DB200010BD82680168531C83604368013B134049
:10DB3000C85C70472DE9F04105460F461446EFF3E7
:10DB4000108872B6164646B1EFF3108172B6D5E969
:10DB5000022381F310889A4204D188F31088A01B15
:10DB6000BDE8F0812846FFF7DCFF013E07F8010B16
:10DB7000E9E730B5EFF3108472B6EFF3108572B6B3
:10DB8000D0E902239B1A426885F3108893420BD098
:10DB9000C2680568531CC3604368013B1340002002
:10DBA000E95484F3108830BD4FF0FF30F9E700F1FD
:10DBB0002401006A00F00EB910B50446006A4369FA
:10DBC000013313D000F0C9F878B1636B94F8384092
:10DBD000A0FB0303C4F12001A4F12002E04003FAFA
:10DBE00001F1084323FA02F2104310BD83685B6819
:10DBF0009847E9E730B4436C90F840501944C36B40
:10DC0000C5F12004A1FB0313A5F12002E94003FAAA
:10DC100004F4214323FA02F20A4330BC00F1240148
:10DC2000006A00F0F0B800002DE9F04104460F460C
:10DC30001546002148221E4600F00EFF1D4BA36032
:10DC40001D4B2762C4E90B340DB9F2F7A9FF002E72
:10DC5000FBD03246294604F13400F3F713FD2A467F
:10DC6000314604F13C00F3F70DFDB5424FF0FF33B0
:10DC700019D294F83850616BC5F12000A1FB031351
:10DC800003FA00F0A5F12002E94023FA02F2014371
:10DC900011434B1C61610AD0A36820461B68BDE894
:10DCA000F04149081847B5FBF6F563616564BDE8C6
:10DCB000F08100BFD42C010075DE0000034600682F
:10DCC00038B10A6822B9D868431A58425841704797
:10DCD000012070470346006848B1416831B90268C5
:10DCE0001A600AB9DA607047016070470020704717
:10DCF000416902688368B1F1FF3F07D01B6849089A
:10DD00001AB15268914228BF1146184712B11B68D8
:10DD10005168FAE79B68184738B505460C46FFF787
:10DD2000CDFF08B9F2F73CFF28460246006898B1DB
:10DD3000A042FAD1EB68A34204D1AA4214BF134611
:10DD40000023EB60236813601BB15A6861680A44C2
:10DD50005A6000232360012038BD38B5436904466A
:10DD60000BB9F2F71DFFEFF3108572B683685B689D
:10DD700098470246D4E90510E36982423ABF01316F
:10DD8000891811461B1A5818C4E9062085F3108813
:10DD900038BD4269013201D0FFF7DFBF83685B689D
:10DDA000184738B505464468FFF7F3FF2B6833B1D1
:10DDB000021B00245968914203D3891A5960686094
:10DDC00038BD521A5C601B68002BF8D059680029D6
:10DDD000F9D0EFE7F8B505460E46EFF3108772B6B7
:10DDE000FFF76CFF044650B12846FFF7DAFF3146D3
:10DDF0002846FFF791FF04462846FFF779FF87F38F
:10DE000010882046F8BD2DE9F04105460E4614461F
:10DE1000EFF3108872B6FFF7C4FF31460746284675
:10DE2000FFF74CFF10B12846FFF776FF2B8AA3427D
:10DE300034BFE21A002272602B4600211C461B6888
:10DE400083B9501A3360706093B1891A5A680A44D2
:10DE50005A6026602846FFF74BFF88F31088384643
:10DE6000BDE8F081586808448242EAD30146E5E7FC
:10DE7000EE60EEE74369013310B5044619D0FFF7B1
:10DE800088FF236883B161685B681944081A002819
:10DE90000FDD6169A368490881421B6828BF0146FC
:10DEA0002046BDE8104018476169A36849081B680F
:10DEB000F6E723683BB92046FFF71AFFEFF3058327
:10DEC000DBB2BBB110BD626859680A4462600022CF
:10DED0005A602046FFF7FEFE0028ECD0D0E9023061
:10DEE00098472046FFF7F6FE0028F7D12046FFF7B7
:10DEF00058FFEEE7034B4FF080525A60BFF36F8F2D
:10DF0000E0E700BF00ED00E010B50A4C0A4A0B48FC
:10DF10004FF0FF33002100F063F8204600F030F8A6
:10DF200021460748BDE810404FF400434FF47A7291
:10DF3000FFF77ABE9842002040420F0058040020AC
:10DF400050420020FCF7B2BDFCF796BD70B5044608
:10DF50000D46EFF3108672B6FCF78EFD022D2CBF36
:10DF6000401902300449224620F07F40FCF78AFD28
:10DF700086F3108870BD00BF7DDF0000FFF77ABF19
:10DF80000A4B10B5044683606FF07F434361FCF792
:10DF90005FFDFCF793FD61694B1C06D0A36820462A
:10DFA0001B68BDE810404908184710BDE82C010067
:10DFB000FFF760BF006A0021FCF754BE006AFCF75F
:10DFC0007DBE828C8A4210B538BF0A46EFF31084BA
:10DFD00072B60021006AFCF781FE84F3108810BD40
:10DFE00010B50446084611460A4AA26063610A4A0F
:10DFF00020622346FCF7E8FD08B1F2F7D1FD616924
:10E000004B1C06D0A36820461B68BDE81040490899
:10E01000184710BDF42C0100B1DF0000F2F752BB2D
:10E02000B0F90010F2F776BA10B586B0EFF30582BA
:10E0300012F0FF0201D0F2F7B3FD4FF0FF33CDE94C
:10E040000132094B0493438A03928B4238BFCA1AA8
:10E0500001AC02A90594FFF7D6FE01212046F2F794
:10E06000FBFA06B010BD00BF1DE0000070B4044E06
:10E07000BDF90C50C1E902631D8070BCFFF7C3BE3F
:10E0800021E0000053B94AB9002908BF00281CBF8D
:10E090004FF0FF314FF0FF3000F06AB9ADF1080CDE
:10E0A0006DE904CE00F006F8DDF804E0DDE90223B6
:10E0B00004B070472DE9F047089D0E4604460F4610
:10E0C000002B4AD194468C45B2FA82F260D942B113
:10E0D000C2F12003974020FA03F30CFA02FC1F431D
:10E0E00094404FEA1C4E1FFA8CF6B7FBFEF1230C4E
:10E0F0000EFB117743EA074301FB06F098420AD969
:10E100001CEB030301F1FF3780F01581984240F2C8
:10E110001281023963441B1AA4B2B3FBFEF00EFB5A
:10E12000103344EA034400FB06F6A6420AD91CEB6E
:10E13000040400F1FF3380F00081A64240F2FD802C
:10E140006444023840EA0140A41B00211DB1D440C0
:10E150000023C5E90043BDE8F0878B4205D90DB126
:10E16000C5E9000100210846F5E7B3FA83F100296B
:10E1700046D1B34202D3824200F2F580841A66EBA4
:10E18000030201201746002DE5D0C5E90047E2E76C
:10E19000002A40F09380A1EB0C034FEA1C471FFAC2
:10E1A0008CFE0121B3FBF7F607FB1630230C43EA84
:10E1B00000430EFB06F0984208D91CEB030306F15E
:10E1C000FF3802D2984200F2D08046461B1AA4B211
:10E1D000B3FBF7F007FB103344EA03440EFB00FEE9
:10E1E000A64508D91CEB040400F1FF3302D2A64572
:10E1F00000F2B6801846A4EB0E0440EA0640A5E7FC
:10E20000C1F120078B4022FA07FC4CEA030C06FA06
:10E2100001FE20FA07F426FA07F344EA0E0400FA96
:10E2200001F84FEA1C404FEA1449B3FBF0FE1FFA15
:10E230008CF600FB1E3349EA03430EFB06F99945B1
:10E2400002FA01F20BD91CEB03030EF1FF3A80F046
:10E250008580994540F28280AEF1020E6344A3EBC3
:10E260000909A4B2B9FBF0F300FB139944EA09448D
:10E2700003FB06F6A64208D91CEB040403F1FF30A9
:10E2800068D2A64266D9023B644443EA0E40A41B0E
:10E29000A0FB02E6B4427346B14652D34FD05DB103
:10E2A000B8EB030264EB090404FA07F722FA01F35E
:10E2B0001F43CC40C5E9007400214CE7C2F12001A6
:10E2C00020FA01F30CFA02FC26FA01F196403343DE
:10E2D0004FEA1C471FFA8CFEB1FBF7F007FB101644
:10E2E000190C41EA064100FB0EF68E4204FA02F4D4
:10E2F00008D91CEB010100F1FF382DD28E422BD939
:10E3000002386144891B9BB2B1FBF7F607FB16117B
:10E3100043EA014306FB0EF1994208D91CEB0303C3
:10E3200006F1FF3814D2994212D9023E63445B1AB7
:10E3300046EA004136E73946EDE6184602E7F04581
:10E34000ADD2BEEB020366EB0C060138B146A6E780
:10E350004646ECE7034698E74046D3E7D6467EE7D5
:10E360006444023847E708460DE7023E63442DE760
:10E37000704700BF11F0FF01034600F0030239D0DF
:10E380008ABB026810B501EB012E0EEB0E4E8EEA31
:10E390000204A2F1013323EA0203A4F1013222EACA
:10E3A0000402134313F0803F0FD150F8044F84EA66
:10E3B0000E0CA4F10133ACF1013223EA040322EA8A
:10E3C0000C02134313F0803FEFD0037823B936E0FB
:10E3D00010F8013F002B32D09942F9D110BD8A428A
:10E3E00028D09A0729D01A7818460133002AF6D186
:10E3F00010467047CAB90268A2F1013323EA02034A
:10E4000013F0803F08D150F8042FA2F1013323EA22
:10E41000020313F0803FF6D003785BB110F8013FA0
:10E42000002BFBD17047990705D0184613F8012B34
:10E43000002AF8D170471846DDE71846A1E71846CC
:10E4400010BD00BF80EA0102844612F0030F4FD1D5
:10E4500011F0030F32D14DF8044D11F0040F51F8B3
:10E46000043B0BD0A3F101329A4312F0803F04BF6A
:10E470004CF8043B51F8043B16D100BF51F8044B53
:10E48000A3F101329A4312F0803FA4F101320BD183
:10E490004CF8043BA24312F0803F04BF51F8043B08
:10E4A0004CF8044BEAD023460CF8013B13F0FF0F65
:10E4B0004FEA3323F8D15DF8044B704711F0010F98
:10E4C00006D011F8012B0CF8012B002A08BF704769
:10E4D00011F0020FBFD031F8022B12F0FF0F16BF60
:10E4E0002CF8022B8CF8002012F47F4FB3D1704728
:10E4F00011F8012B0CF8012B002AF9D1704700BF4D
:10E500002DE9F047074649480E46354616F801EB17
:10E5100010F80EC01CF0080CF7D1BEF12D0F5AD028
:10E52000BEF12B0F03BF96F800E06446AE1C6446B4
:10E530004BB9BEF1300F5CD00A23DFF8F4804FF006
:10E54000050A99460AE0102B4AD04FF0FF38B8FB75
:10E55000F3F803FB08FA6FEA0A0A994600252846F1
:10E5600005E02CD009FB00C0012516F801EBAEF147
:10E57000300CBCF1090F06D9AEF1410CBCF1190FFA
:10E580000BD8AEF1370C634510DDB5F1FF3FECD091
:10E590004045E6D94FF0FF35E7E7AEF1610CBCF13D
:10E5A000190F03D8AEF1570C6345EEDC6B1C0BD092
:10E5B00004B140420AB165B91160BDE8F087D445A5
:10E5C000D0DD4FF0FF35D0E722233B602846002AFC
:10E5D000F3D0711EF0E796F800E00124AE1CA7E727
:10E5E000BEF1300F11D04FF00F0A6FF0704899460E
:10E5F000B4E7337803F0DF03582B0BD008234FF038
:10E60000070A6FF060489946A8E7307800F0DF000D
:10E610005828E8D14FF0100996F801E04FF00F0AA2
:10E6200002366FF070484B4698E700BF012D01009D
:10E630009999991964E700BF10B4044C84461346B5
:10E6400020685DF8044B0A46614659E780040020C3
:10E6500010B4044C8446134620685DF8044B0A4607
:10E6600061464DE78004002070B50F4B0F4DAB4263
:10E67000A3EB050607D0B610002455F8043B01347F
:10E680009847A642F9D8FCF745F9094D094B5E1B9E
:10E69000AB424FEAA60606D0002455F8043B0134ED
:10E6A0009847A642F9D870BD842E0100842E01003F
:10E6B000842E0100842E0100036A2DE9F041846854
:10E6C00080460E46002B3BD0A3891B0717D5236934
:10E6D000ABB1013EA36816F8015F013BA360EDB149
:10E6E000002B07DAA7699F4222462946404610DCE4
:10E6F0000A2D0ED023685A1C22601D70EAE72146BD
:10E70000404600F0D9FD0028E3D04FF0FF30BDE8CF
:10E71000F08101F0F1FB0130DCD1F6E7002B09DAE2
:10E7200022460A21404601F0E7FB0130EDD00A20E5
:10E73000BDE8F08123680A22591C21601A70F6E7AF
:10E7400000F0F4F8C0E700BF024B01461868FFF77D
:10E75000B3BF00BF8004002000207047024A034975
:10E76000034800F027BD00BFD004002021EC0000CA
:10E77000840400200C4B4168994210B5044601D036
:10E7800000F04EFAA168094B994202D0204600F0F1
:10E7900047FAE168064B994204D02046BDE8104094
:10E7A00000F03EBA10BD00BFB84200202043002058
:10E7B00088430020002070472DE9F8432A4C2B495C
:10E7C000DFF8BC90DFF8BC80294FC4F83811002571
:10E7D00004230822294604F15C00264EE360C4E9C4
:10E7E0000055C4E90455A5606566A56100F034F9DB
:10E7F000214B63670822294604F1C400C4E9084993
:10E80000C4E90A87C4E91A55C4E91E552567C4F846
:10E81000CC50C4F88050266300F01EF9174BC4F8A2
:10E82000DC30294604F16803082204F59670C4F828
:10E830008830C4E92398C4E92576C4E93455C4E98D
:10E840003855C4F8D850C4F83451C4F8E85000F032
:10E8500003F904F1D003C4E93D98C4E93F76C4F854
:10E86000F030BDE8F88300BFB84200205DE700004B
:10E870000100010025000100090001001200020052
:10E8800099FF0000C1FF0000F8B5254BD3F83831DF
:10E890000646002B3CD0234FD7E90134013B04D579
:10E8A0001DE05A1C04F1680419D0B4F90C50013B66
:10E8B000002DF6D11C4BE360C4E90155C4E90455B1
:10E8C00065662560A5610822294604F15C0000F018
:10E8D000C3F8C4E90D55C4E912552046F8BD3D689A
:10E8E0000DB12F46D8E74FF4D671304600F046FA06
:10E8F000044680B10423C0E900530C302946A060CF
:10E900004FF4D072254600F0A7F83C602F46C3E7CD
:10E91000FFF752FFBFE70C2338603360DDE700BF2D
:10E92000B8420020D00400200100FFFF036A03B1B9
:10E930007047044B044AD3F838310262002BF7D1F8
:10E940003AE700BFB842002075E70000704700BFFB
:10E95000704700BF024A0349002000F02BBC00BFF3
:10E96000D004002059E70000024A0349002000F0CB
:10E9700021BC00BFD0040020B5E70000000000006B
:10E9800030B490F800F020F007016FF0000C10F0A8
:10E99000070491F820F040F048804FF000046FF039
:10E9A0000700D1E9002391F840F000F1080082FA55
:10E9B0004CF2A4FA8CF283FA4CF3A2FA8CF34BBB20
:10E9C000D1E9022382FA4CF200F10800A4FA8CF299
:10E9D00083FA4CF3A2FA8CF3E3B9D1E9042382FA67
:10E9E0004CF200F10800A4FA8CF283FA4CF3A2FA7C
:10E9F0008CF37BB9D1E9062301F1200182FA4CF2B4
:10EA000000F10800A4FA8CF283FA4CF3A2FA8CF31A
:10EA1000002BC6D0002A04BF04301A4612BAB2FA3C
:10EA200082F200EBD20030BC7047D1E9002304F041
:10EA30000305C4F100004FEAC50514F0040F91F876
:10EA400040F00CFA05F562EA05021CBF63EA050313
:10EA500062464FF00004AAE7830730B547D0541E42
:10EA6000002A3ED0CAB2034601E0013C39D303F884
:10EA7000012B9D07F9D1032C2CD9CDB205EB05252F
:10EA80000F2C05EB054535D9A4F1100222F00F0C2F
:10EA900003F1100EE6444FEA121C1A46C2E9005573
:10EAA000C2E9025510327245F8D10CF1010214F09E
:10EAB0000C0F03EB021204F00F0C13D0ACF10403A3
:10EAC00023F003030433134442F8045B9342FBD165
:10EAD0000CF003042CB1C9B21C4403F8011BA3427F
:10EAE000FBD130BD64461346002CF4D1F9E7034650
:10EAF0001446C0E71A46A446E0E700BFB1F90C305F
:10EB00002DE9F0411E070C4680463DD44A68002A94
:10EB100056DDE56A002D34D00022D8F80060C8F830
:10EB2000002013F48052216A57D101234046A847A0
:10EB3000451C024666D0B4F90C30E56A216A5807D4
:10EB400005D56368D21A636B0BB1236CD21A00230C
:10EB50004046A847431C42D00023636023692360DA
:10EB6000A389DF0400D56065616BC8F8006041B11E
:10EB700004F14403994202D0404600F07FF900239B
:10EB800063630020BDE8F0810E69002EF9D09B0779
:10EB90000D6808BF4B690E6018BF0023AD1B8B606A
:10EBA0000BE02B463246216AA76A4046B847B0F1CF
:10EBB000000CA5EB0C05664406DD002DF1DCE0E75A
:10EBC0000A6C002AA5DCDCE7B4F90C3043F0400302
:10EBD000A3814FF0FF30BDE8F081626DAFE7D8F858
:10EBE0000010B4F90C301D29F0D80C4ACA40D507E2
:10EBF000ECD52269226000226260DA04B4D50029D3
:10EC0000B1D0B1E7D8F80030002B94D01D2B01D043
:10EC1000162BD9D1C8F80060B3E700BF010040202F
:10EC20000B69B3B110B5044682B008B1036A5BB199
:10EC3000B1F90C3013B9002002B010BD204602B06B
:10EC4000BDE81040FFF75ABF0191FFF76FFE019931
:10EC5000EEE70020704700BFB8B138B50D4A036930
:10EC6000156804462BB10DB12B6A53B1B4F90C30C1
:10EC70000BB9002038BD21462846BDE83840FFF7D3
:10EC80003DBF2846FFF752FEF0E7034A0349044818
:10EC900000F090BA80040020D004002021EC000095
:10ECA0008404002018B3F0B407468C4617F8015BC3
:10ECB00001E0A54214D01CF8014B002CF9D1DDB1C4
:10ECC0003E460C4616F8015B00E063B114F8013BC8
:10ECD0009D42FAD14DB100233B701660F0BC7047E5
:10ECE00073B13846E0E73746EAE72E46F5E71068A5
:10ECF0000028D8D10020704715600020F0BC704774
:10ED000017600370EAE700BF0123FFF7CBBF00BF26
:10ED1000826800F0CDBB00BF024B014618688268D4
:10ED200000F0C6BB80040020014B1868704700BF8C
:10ED30008004002070B5104E336805460C46B3B110
:10ED400021462846FBF7EEFD431C0CD0C41C24F0E2
:10ED50000304A04205D0211A2846FBF7E3FD013049
:10ED600001D0204670BD4FF0FF34204670BD1946DB
:10ED7000FBF7D8FD3060E3E7F44300202DE9F843CA
:10ED8000CD1C25F0030508350C2D38BF0C25002DB2
:10ED9000064618DBA94216D8DFF8DC8000F046FCF6
:10EDA000D8F80420A2B1144603E0636822467BB180
:10EDB0001C4623685B1BF8D40B2B1FD89442636856
:10EDC00054D053600CE00C2333600020BDE8F8837E
:10EDD00029463046FFF7AEFF431C044619D00560B4
:10EDE000304600F025FC04F10B00231D20F0070045
:10EDF000C21A1CBF1B1AA350BDE8F88361199442C4
:10EE0000256014BF5160C8F80410635163684B60FB
:10EE1000E6E7D8F804701FB33C467F68002FFBD1AB
:10EE200023683946304604EB0309FBF77BFD814537
:10EE300016D12368ED1A29463046FFF77BFF0130D3
:10EE40000ED02368D8F804202B442360536883B184
:10EE5000A34203D01A465B689C42FBD10023B0E773
:10EE60000C233360304600F0E3FBAEE7C8F8043013
:10EE7000B6E7C8F80470B3E7F4430020002950D087
:10EE800038B551F8043C0C1F002BB8BFE4180546F8
:10EE900000F0CCFB274A13682BB1A3420CD92168A0
:10EEA000601883422CD0636028461460BDE8384067
:10EEB00000F0BEBBA3420FD81A465B68002BF9D105
:10EEC00011685018844217D02CD3636054602846D0
:10EED000BDE8384000F0ACBB11685018A04214D017
:10EEE00020D8216860188342EFD118685B68084415
:10EEF000C4E900035460EAE723680B441360E6E7C3
:10EF000018685B6808442060CDE720680144501809
:10EF100083421160DBD1D3E900040144C2E900144B
:10EF2000D5E770470C232B602846BDE8384000F039
:10EF30007FBB00BFF843002088420ED98B18834264
:10EF40000BD900EB020C002A6ED0624613F801CDFB
:10EF500002F801CD9942F9D170470F2A0FD8034624
:10EF600002F1FF3C002A5FD00CF1010C013B8C4404
:10EF700011F8012B03F8012F6145F9D1704740EAE0
:10EF800001039B0751D1A2F1100370B501F1200CD0
:10EF900023F00F0501F1100E00F11004AC441B0921
:10EFA0005EF8105C44F8105C5EF80C5C44F80C5C95
:10EFB0005EF8085C44F8085C5EF8045C44F8045CA5
:10EFC0000EF1100EE64504F11004E9D1013312F000
:10EFD0000C0F01EB031102F00F0400EB031328D018
:10EFE000043C24F003064FEA940C1E441C1F8E467A
:10EFF0005EF8045B44F8045FB442F9D10CF10104FB
:10F0000002F0030203EB840301EB840102F1FF3CF5
:10F010004AB10CF1010C013B8C4411F8012B03F8AF
:10F02000012F6145F9D170BD704702F1FF3C0346E5
:10F030009AE72246EAE700BF0A22002100F0AEB8B4
:10F040000A23002200F09CB8242B2DE9F84F43D866
:10F05000012B41D0804649481F468E4675461EF812
:10F0600001BB10F80B4014F00804F7D1BBF12D0FD1
:10F070006FD0BBF12B0F08BF9EF800B06FF00049B6
:10F0800008BF05F1020E73BBBBF1300F4BD00A274E
:10F090003B460025B9FBF7F6284607FB169A05E024
:10F0A0003AD007FB00C001251EF801BBABF1300CC4
:10F0B000BCF1090F06D9ABF1410CBCF1190F19D8FD
:10F0C000ABF1370C63451EDDB5F1FF3FECD0864256
:10F0D000E6D24FF0FF35E7E7FFF726FE1623036081
:10F0E0000020BDE8F88F102BD3D1BBF1300F23D017
:10F0F0001F46CEE7ABF1610CBCF1190F03D8ABF1A1
:10F10000570C6345E0DC6B1C2BD054B9002AE8D0C7
:10F1100085BB1160BDE8F88FE245C2DA4FF0FF35DC
:10F12000C2E74042F2E79EF8003003F0DF03582BBD
:10F1300008D008273B46ACE79EF8000000F0DF004F
:10F140005828D5D110279EF801B03B460EF1020E8B
:10F150009FE79EF800B04FF0004905F1020E012430
:10F1600091E72223C8F8003032B10EF1FF31484652
:10F170001160CFE78146F8E74846B2E7012D01006C
:10F1800062E700BF10B4044C8446134620685DF863
:10F19000044B0A46614657E78004002010B4044C33
:10F1A0008446134620685DF8044B0A4661464BE7E7
:10F1B000800400202DE9F8430746884616464FF0A4
:10F1C0000009D6E90154013D10D4A389012B08D9C7
:10F1D000B4F90E3001332146384602D0C04749EA1F
:10F1E0000009013D6B1C04F16804EED13668002E65
:10F1F000E7D14846BDE8F8830000000000000000A9
:10F2000001F0FF01102A2BDB10F0070F08D010F8D7
:10F21000013B013A8B422DD010F0070F42B3F6D1DB
:10F22000F0B441EA012141EA014122F007047FF0F4
:10F2300000070023F0E80256083C85EA010586EA4B
:10F24000010685FA47F5A3FA87F586FA47F6A5FA87
:10F2500087F68EB9EED1F0BC01F0FF0102F0070293
:10F2600032B110F8013B013A83EA010313B1F8D13E
:10F270000020704701387047002D06BF354603381F
:10F28000073815F0010F07D1013015F4807F02BF58
:10F29000013015F4C03F0130F0BC0138704700BFA9
:10F2A000416800F057B900BF024B1868416800F090
:10F2B00051B900BF8004002038B52F4B1B680546AC
:10F2C0000C4613B11A6A002A4BD0B4F90C30180757
:10F2D0001CD5226922B313F0010107D06169002017
:10F2E0004942A060A1613AB1002038BD980758BFDB
:10F2F0006169A160002AF7D1190658BF1046F4D5FC
:10F3000043F04003A3814FF0FF3038BDD9062CD520
:10F310005A0712D4226943F00803A381002ADAD1E4
:10F3200003F42071B1F5007FD5D02146284600F0C6
:10F33000C7F9B4F90C302269CDE7616B51B104F122
:10F340004402914204D02846FFF798FDB4F90C30EE
:10F350000022626322690021C4E9002123F0240312
:10F36000D9E71846FFF7E2FAAFE7092243F0400376
:10F370002A60A381C7E700BF80040020844641EAD9
:10F38000000313F003036DD1403A41D351F8043B1D
:10F3900040F8043B51F8043B40F8043B51F8043B6F
:10F3A00040F8043B51F8043B40F8043B51F8043B5F
:10F3B00040F8043B51F8043B40F8043B51F8043B4F
:10F3C00040F8043B51F8043B40F8043B51F8043B3F
:10F3D00040F8043B51F8043B40F8043B51F8043B2F
:10F3E00040F8043B51F8043B40F8043B51F8043B1F
:10F3F00040F8043B51F8043B40F8043B51F8043B0F
:10F4000040F8043B51F8043B40F8043B403ABDD27D
:10F41000303211D351F8043B40F8043B51F8043B1F
:10F4200040F8043B51F8043B40F8043B51F8043BDE
:10F4300040F8043B103AEDD20C3205D351F8043BAE
:10F4400040F8043B043AF9D2043208D0D2071CBF7A
:10F4500011F8013B00F8013B01D30B8803806046A3
:10F46000704700BF082A13D38B078DD010F0030319
:10F470008AD0C3F10403D21ADB071CBF11F8013B89
:10F4800000F8013B80D331F8023B20F8023B7BE7D8
:10F49000043AD9D3013A11F8013B00F8013BF9D203
:10F4A0000B7803704B7843708B788370604670479D
:10F4B00030B5144683B0054608B1036ACBB1A368E2
:10F4C000013B002BA36012DAA269934208DBC8B2A9
:10F4D0000A2805D023685A1C2260197003B030BD79
:10F4E0002246284603B0BDE8304000F005BDC8B252
:10F4F000F0E70191FFF71AFA0199E0E7144B70B5B4
:10F500001E6805460C460EB1336AE3B1A368013BA1
:10F51000002BA36011DAA269934207DBE8B20A2844
:10F5200004D023685A1C22601D7070BD22462946F3
:10F530003046BDE8704000F0DFBC23685A1C2260F2
:10F540001D70E8B270BD3046FFF7F0F9DEE700BF8E
:10F550008004002020B5054682B008B1036A83B15B
:10F560004B68013B002B4B6005DB0B685A1C0A60A3
:10F57000187802B020BD284602B0BDE8204000F057
:10F5800029B90191FFF7D2F90199E9E738B50D4B97
:10F590001D6804460DB12B6A7BB16368013B002BEB
:10F5A000636004DB23685A1C2260187838BD21464A
:10F5B0002846BDE8384000F00DB92846FFF7B6F9F7
:10F5C000EBE700BF800400202DE9F041144641B371
:10F5D0000AB306460D4600F029FD8442074602D8CC
:10F5E000B4EB500F13D821463046FFF7C7FB8046D7
:10F5F00050B1BC422246294628BF3A46FFF7BEFE1C
:10F6000029463046FFF73AFC4046BDE8F081A8465F
:10F610004046BDE8F081A046FFF730FC4046BDE81B
:10F62000F081BDE8F0411146FFF7A8BB704700BF6D
:10F63000704700BF002A3ED030B5844604460843D8
:10F6400080070B462ED1032A07D82BE0043A25D099
:10F650001EF0803F22D1032A22D92068194653F890
:10F66000045BA0F1013EA842A4462EEA000E04F17C
:10F670000404EBD09CF800000C7884421DD1E646CF
:10F6800068B11EF8010F11F8014FA2EB0E03A04262
:10F6900003F1FF3311D11CEB0303F1D1002030BD86
:10F6A000A44619469CF800000C78A04205D1012A16
:10F6B000F4D0E646E4E710467047001B30BD00BFBB
:10F6C00070B5B1F90C300C46990796B007D504F126
:10F6D00047030122C4E90432236016B070BDB4F9B7
:10F6E0000E100029054629DB6A46FBF74BF9002876
:10F6F00022DB4FF480612846019EFFF73FFB88B371
:10F70000A389206043F0800306F47046A381B6F518
:10F71000005F4FF48063C4E90403DED1B4F90E1036
:10F720002846FBF734F90028D7D0A38923F0030338
:10F7300043F00103A381D0E7B4F90C3013F0800F3C
:10F7400014BF40264FF4806631462846FFF716FB6B
:10F7500040B1A389206043F08003C4E90406A3817B
:10F7600016B070BDB4F90C309A05B6D423F003037B
:10F7700004F1470243F002030121C4E90421A381FB
:10F780002260AAE770B50C46B1F90E10002996B0B8
:10F7900015461E460FDB6A46FBF7F4F800280ADB25
:10F7A000019B03F47043A3F50053B3FA83F34FF4C2
:10F7B00080625B0908E0A28912F0800F4FF000031D
:10F7C00014BF40224FF48062002033602A6016B0DC
:10F7D00070BD00BF38B50C46054608B1036A63B179
:10F7E0002146284600F038FC50B9D4E90023511CCA
:10F7F000013BC4E90013107838BDFFF797F8EFE735
:10F800004FF0FF3038BD00BF10B50E4B04461868EE
:10F8100082B008B1036A63B1214600F01DFC68B9EB
:10F82000D4E90023511C013BC4E90013107802B055
:10F8300010BD0190FFF77AF80198EDE74FF0FF3027
:10F84000F5E700BF80040020000000000000000079
:10F8500000000000000000000000000000000000A8
:10F8600002780B78012A28BF9A4240F0D8806DE9CF
:10F87000044540EA0104CDE902676FF0000C4FEA4D
:10F8800044721AB380EA010414F0070F6BD100F040
:10F89000070420F0070004F0030521F007014FEAF8
:10F8A000C505F0E8042314F0040FF1E804670CFA2E
:10F8B00005F462EA040266EA04060BD063EA040374
:10F8C000624667EA0407664604E000BFF0E80423E6
:10F8D000F1E8046782FA4CF582EA0604A4FA8CF493
:10F8E0006CBB83FA4CF583EA0705A5FA8CF595B94C
:10F8F00050E9022351E9026782FA4CF582EA0604D4
:10F90000A4FA8CF483FA4CF583EA0705A5FA8CF582
:10F910002543DBD09CB92DBAB5FA85F424F0070451
:10F9200027FA04F1DDE9026723FA04F303F0FF008C
:10F9300001F0FF01FDE80445A0EB0100704724BA87
:10F94000B4FA84F424F0070426FA04F1DDE902672E
:10F9500022FA04F202F0FF0001F0FF01FDE8044585
:10F96000A0EB0100704714F0030F3CD110F003042A
:10F9700028D150F8082B51F8083B82FA4CF582EA5E
:10F980000305A5FA8CF55DB950F8042C51F8043C38
:10F9900082FA4CF582EA0305A5FA8CF5002DE8D031
:10F9A0002DBAB5FA85F424F0070423FA04F122FAFB
:10F9B00004F202F0FF0001F0FF01FDE80445A0EBB6
:10F9C000010070474FEAC40420F0030050F8082BF0
:10F9D00021F0030151F8083B0CFA04F462EA040236
:10F9E00063EA0403C9E710F003041DD0A1EB04018E
:10F9F00020F00300E40750F8042B06D012D28B78D5
:10FA00005FFAA2F4E41A06D12BB1CB785FFAB2F414
:10FA1000E41A00D133B920465DF8104B7047A2EBD1
:10FA20000300704701F1040150F8042BCC0721F0CA
:10FA3000030151F8043B48D824D222F07F4482FAD3
:10FA40004CF594EA1325A5FA8CF50AD165B951F85D
:10FA5000043B84EA0204B4EB036F0ED150F8042B8C
:10FA6000EBE74FEA132355E035F07F454DD1087899
:10FA7000FDE80445C0F1000070474FEA126203F050
:10FA8000FF0347E002EA1C4482FA4CF594EA13456E
:10FA9000A5FA8CF50AD165B951F8043B84EA020451
:10FAA000B4EB034F0CD150F8042BEBE74FEA1343B0
:10FAB00030E015EA1C4528D10B884FEA124229E0B4
:10FAC0004FEA124203EA1C4324E002F0FF0482FAE8
:10FAD0004CF594EA1365A5FA8CF50AD165B951F88D
:10FAE000043B84EA0204B4EB032F09D150F8042B41
:10FAF000EBE74FEA13630DE015F0FF0F05D10B683C
:10FB00004FEA122223F07F4304E04FF00000FDE8AB
:10FB10000445704712BA1BBA82FA4CF482EA030415
:10FB2000A4FA8CF5B5FA85F402FA04F203FA04F3A8
:10FB30004FEA1260FDE80445A0EB1360704700BF78
:10FB4000032A30B415D941EA0004A40784460B46C1
:10FB500004D0541E0FE0043A032A08D9194660461F
:10FB600053F8044B5CF8045BA542F4D0F1E760461F
:10FB70001946541E7AB1431E0139021901E09A4216
:10FB800009D013F8010F11F801CF6045F7D0A0EBB1
:10FB90000C0030BC7047002030BC70470EB400B57C
:10FBA00082B003AB816853F8042B019300F060F836
:10FBB00002B05DF804EB03B0704700BF0FB400B5AE
:10FBC000074983B004AB086853F8042B816801939C
:10FBD00000F04EF803B05DF804EB04B0704700BFCE
:10FBE000800400209368013B002B936011DA10B46D
:10FBF0009469A34209DB0A2907D01368581C1060D6
:10FC0000197008465DF8044B70475DF8044B00F02E
:10FC100073B91368581C106019700846704700BF0C
:10FC20009BB1F8B5134406460F46541E5D1E01E015
:10FC3000AC4208D014F8011F3A463046FFF7D2FF15
:10FC4000431CF5D1F8BD0020F8BD0020704700BF6F
:10FC5000936810B514461BB918460023636010BDA5
:10FC600000F074FA0023A3600023636010BD00BF9E
:10FC70002DE9F04FA1B08B4691461C46049018B177
:10FC8000036A002B00F01C81BBF80C30180740F110
:10FC90009580DBF81030002B00F090800023CA46DE
:10FCA0000D9343F22003ADF839309AF80030864EB8
:10FCB00007940127002B79D0D14604E019F8013FC1
:10FCC000002B00F08580252BF8D1B9EB0A0840F015
:10FCD000828099F80030002B68D000234FF0FF326B
:10FCE000CDE9092309F1010908930B938DF86330DD
:10FCF0001E9305E0089A07FA03F31A430892A146F7
:10FD00004C46052214F8011B3046FFF779FAA2464B
:10FD1000831B0028EED1089BD90644BF20228DF812
:10FD2000632099F800101A0744BF2B228DF8632036
:10FD30002A2966D1079A1168043200290792C0F275
:10FD40009A800B9199F801102E2970D05F4C0322F4
:10FD50002046FFF755FA38B1089B001B402282402D
:10FD600013430AF1010A08931AF8011B58488DF849
:10FD700038100622FFF744FA002800F08280554B25
:10FD8000002B69D007AA0092534B04985A4608A941
:10FD9000AFF300800390039B013307D00D9B039AC0
:10FDA00013440D939AF80030002B85D1BBF80C302A
:10FDB0005B060AD40D9821B0BDE8F08F049859462F
:10FDC000FFF77AFA00283FF469AF4FF0FF30F2E70F
:10FDD000B9EB0A08EAD00AF1FF35CDF81490A9462C
:10FDE000049D01E0A0453ED94C465A4619F8011F32
:10FDF0002846FFF7F7FE02340130A4EB0A04F1D1E4
:10FE0000D4E7A1F13002092A88BFCA469CD80B9BCF
:10FE100000E00134217803EB830302EB4303A1F1FB
:10FE20003002092AF5D92E290B93A2468ED19AF8D1
:10FE300001102A292FD1079B9AF802101A680992FB
:10FE40000433002A0AF102000793B8BF4FF0FF33D2
:10FE50008246B8BF099379E7079B073323F007036E
:10FE6000083307939AE70D99DDF81490414499F807
:10FE700000300D912FE7494243F002030B910893A4
:10FE800060E707AA0092144B04985A4608A900F0AC
:10FE90006FFB03907FE7A1F130020023092A099349
:10FEA0000AF1010A3FF652AF1AF8011F03EB830370
:10FEB00002EB4303A1F13002092AF5D9099345E782
:10FEC000FEF734FDE0E600BF042E01000C2E010019
:10FED000102E01000000000021FC000010B4054CB1
:10FEE0008446134620685DF8044B0A466146FFF7D6
:10FEF000BFBE00BF80040020F8B50D46144606467C
:10FF000010B1036A002B37D0A389A269A2601A0737
:10FF100019D52369BBB122686169D31AEDB2994240
:10FF20002F4620DD0133A1680139A160511C2160F9
:10FF3000157062699A420DD0A389DB0701D50A2D9D
:10FF400008D03846F8BD21463046FFF7B5F938B934
:10FF50002369E0E721463046FEF762FE0028F0D034
:10FF60004FF0FF37EDE721463046FEF759FE0028F7
:10FF7000F6D122680123D6E7FEF7D8FCC4E700BF1C
:10FF800010B4044C03460A4620685DF8044B194639
:10FF9000FFF7B2BF8004002010B50C46B1F90E1077
:10FFA000FAF7DEFC002803DB636D0344636510BDD4
:10FFB000A38923F48053A38110BD00BF00207047A4
:10FFC0002DE9F0410C46B1F90C101F46CB05054652
:10FFD00016460BD421F48051A1813B46B4F90E1092
:10FFE00032462846BDE8F041FAF7BEBCB4F90E101F
:10FFF00002230022FAF7C1FCB4F90C10EAE700BFB3
:020000021000EC
:1000000010B50C46B1F90E10FAF7B7FCB4F90C3084
:10001000421C0EBF23F4805343F480536065A381D8
:1000200010BD00BFB1F90E10FAF7A2BC51F8043CA4
:10003000181F002BBCBF0B58C01870478B8903F0EA
:100040000903092B01D000207047024B1868FEF706
:10005000E7BD00BF8004002070B50C46054610B116
:10006000036A002B56D0B4F90C3000229E06626061
:100070005DD4580719D4D9065CD51A0739D443F092
:100080000403A3812369002B3FD0B4F90C60B307AC
:100090001ED12269666A6369216A22602846B047D8
:1000A0000028606039DD002070BD616B0029E9D057
:1000B00004F14403994202D02846FEF7DFFE236C88
:1000C000636000226263002BDCD0E36B2360EAE70D
:1000D0000123A3811A4A1B491B48FFF76BF806F05E
:1000E0000903092BA681D4D121462846FEF706FD37
:1000F000CFE721462846FEF793FDC0B9B4F90C308E
:10010000A06023F00803A061B9E721462846FFF765
:10011000D7FABAE7FEF70AFCA5E7B4F90C3017BF27
:10012000002243F0200343F040036260A3814FF0BC
:10013000FF3070BD092243F040032A60A381F6E737
:10014000D00400203D000100840400209368002BAF
:1001500000F0F8802DE9F04FB1F90CC01CF0080F49
:1001600083B0904681460C4631D00B697BB31CF0BE
:100170000207D8F8006038D00027D4F828B0216AE8
:10018000DFF8C4A23D4655452B463A4628BF5346A4
:100190004846C5B1D847002840F3CA80D8F808308F
:1001A0001B1A07442D1AC8F80830002B00F0B6803F
:1001B00055452B46D4F828B0216A28BF53463A4605
:1001C0004846002DE6D1D6E900750836DBE7214622
:1001D0004846FFF771F8002840F0AF80B4F90CC032
:1001E000D8F800601CF00207C6D11CF0010A63D1E8
:1001F0002368A168574618468B46002F58D01CF438
:10020000007F00F0B580B9420A4600F2E1801CF49C
:10021000906F2FD0216962695D1A02EB420202EBF6
:10022000D2726B1C52103B44934292BF93469B4642
:100230001A461CF4806F00F0EA8011464846FEF72B
:100240009DFD002800F0F9802A4621690090FFF703
:1002500095F8A289009B22F4906242F08002A2816C
:100260005819ABEB0505C4F814B02361A5602060F4
:10027000BB463A4651460092FEF75EFEA1682368EF
:10028000009AA1EB0B011A443D46A16022600027B1
:10029000D8F808305B1BAA44C8F80830002B3DD0C2
:1002A0002368A168B4F90CC018468B46002FA6D16C
:1002B000D6E900A708369EE73846BB463D4600977C
:1002C000002D41D0002846D0009A2068A168D4E9CA
:1002D0000473AA4228BF2A46B84204D901EB030A94
:1002E000524500F38580934275DC216AA76A5A461D
:1002F0004846B847B0F1000A1ADD009BB3EB0A0389
:1003000000930FD00120D8F80830A3EB0A03D344A0
:10031000A5EB0A05C8F80830002BD1D1002003B0A6
:10032000BDE8F08F21464846FEF77AFC0028EAD067
:10033000B4F90C3043F04003A3814FF0FF3003B019
:10034000BDE8F08F00207047756833460836002DF1
:10035000FAD0D3F800B02A460A215846FEF750FFDB
:10036000002867D00130A0EB0B0300931A46ACE7DE
:1003700022699A4214D36269BA4211D86FF00043DD
:10038000BB4228BF3B46A56A93FBF2F3216A02FBFE
:1003900003F348465246A847051EC9DD7F1B77E791
:1003A000B94228BF39460D4618460A465146FEF75F
:1003B000C3FDA1682368491B2B44A1602360002969
:1003C000ECD121464846FEF72BFC0028E6D0AFE7EB
:1003D000BB463A464EE759460192FEF7ADFD019AFB
:1003E000A3689B1AA360236813442360924684E7A2
:1003F00059465246FEF7A0FD236853442360214628
:100400004846FEF70DFC00283FF477AF90E74846DA
:10041000FFF7DAF8034600287FF422AF2169484647
:10042000FEF72CFDB4F90C300C22C9F8002023F0A3
:1004300080037FE76A1C009247E70C22B4F90C3076
:10044000C9F8002076E700BF00FCFF7F2DE9F84FD8
:1004500092461F460A698B68DDF828909A42B8BF19
:100460001A46CAF8002091F843300C46064613B1EC
:100470000132CAF80020226891065FD5DAF8003010
:100480000233CAF80030226812F0060F11461DD15F
:10049000E1689942D8BF114618DD4FF0000804F119
:1004A000190B05E0E568DAF80030ED1A45450CDD7A
:1004B00001235A4639463046C847013008F1010841
:1004C000F0D14FF0FF30BDE8F88F216894F8433049
:1004D000003B18BF01238A060AD5E1185A1C3020B8
:1004E00081F84300224494F8451082F84310023307
:1004F00004F1430239463046C8470130E1D0236851
:10050000DAF80050216903F00603042BD4E9022035
:100510001BD08A4220DD4FF00008521A90441A3452
:10052000002501E0454517DA0123224639463046C9
:10053000C847013005F10105F4D1C2E712F0060FFA
:100540000DD0003B18BF0123D2E7401B8A4220EAAE
:10055000E078E2DC0028E2DC0020BDE8F88FE1680A
:10056000DAF800309942D8BF114696DCAEE700BFFA
:100570002DE9F047174684B00A7E0C9D0C460646CE
:10058000984601F1430C002A35D0A2F15803D9B2A4
:10059000202969D8202B67D8DFE813F0E600660031
:1005A000660066006600660066006600660066001B
:1005B0006600AC00700066006600660066007000B1
:1005C000660066006600660021008300C6006600C3
:1005D0006600B6006600830066006600EC002B68CB
:1005E00022686169181D286010061B6802D4520633
:1005F00000F1E08019600023E1462361CDF800801E
:100600003B4603AA21463046FFF720FF013020D0A9
:1006100023694A4639463046C047013019D023681D
:10062000E068DDF80C909B0718D5484516DD0025DD
:1006300004F1190A04E0E068A0EB0903AB420DDD08
:100640000123524639463046C047013005F10105C5
:10065000F1D14FF0FF3004B0BDE8F0874845B8BF96
:10066000484604B0BDE8F08784F84220012004F138
:1006700042090023206184F84330BFE72A682368D9
:10068000111D1806296002D4590600F195801068E2
:10069000014600286268C0F2938054484FF00A0E69
:1006A00015E020682B6810F0800F53F8041B02D16E
:1006B000400648BF89B26F2A4C482B6014BF4FF0E8
:1006C0000A0E4FF0080E0023626884F84330002AB7
:1006D000A26051DB236823F00403236000294BD17F
:1006E000002A7BD1E146BEF1080F56D0ACEB0903DE
:1006F000236183E72B681A6804332B6004F14209F5
:1007000084F842200120B4E72B686268191D296033
:10071000D3F8009000214846FEF772FD002863D010
:10072000A0EB09006060A4E7236843F02003236086
:1007300078222F4884F845202A6813F0800F52F859
:10074000041B03D113F0400F18BF89B22A60DA07E7
:1007500044BF43F02003236019B9236823F020032A
:1007600023604FF0100EAEE7582384F845301F4841
:100770002368E1E72368DBE77546E146B1FBF5F363
:1007800005FB131A0A46AA4210F80A1009F8011DBF
:100790001946F3D2BEF1080FA8D12368DD07A5D50D
:1007A000626823699A42A1DC302309F8013C09F10F
:1007B000FF399BE719801EE7B2F90010084668E789
:1007C0002D20002AA26084F8430002DB23F00403FA
:1007D00023600A2505484942AE46CEE7037884F8EF
:1007E000423004F142097EE7606842E7182E0100BA
:1007F0002C2E0100525820252E2A730A00636F6F99
:100800006B69652067617465776179202852494F6B
:1008100054293A20436F41502073657276657220E7
:100820006F6E202F73656E736F72732F64617461C6
:10083000007363686564756C657228293A20737467
:1008400061636B206F766572666C6F772064657488
:1008500065637465642C207069643D2568690A00CD
:10086000535441434B204F564552464C4F5700730B
:10087000746F70706564007A6F6D62696500736C87
:10088000656570696E6700626C206D7574657800CF
:10089000626C20727800626C2073656E6400626C1A
:1008A000207265706C7900626C20616E79666C00F4
:1008B000626C20616C6C666C00626C206D626F789B
:1008C00000626C20636F6E640072756E6E696E6795
:1008D0000070656E64696E67004641494C4544206E
:1008E000415353455254494F4E2E003078257820BD
:1008F0003D3E20006D61696E28293A205468697375
:100900002069732052494F5421202856657273691B
:100910006F6E3A20323032342E313029006D6169E9
:100920006E002A2A2A2052494F54206B65726E6548
:100930006C2070616E69633A0A25730A0A002A2ADC
:100940002A2068616C7465642E0A00496E736964BC
:1009500065206973722025640A004E4D4920484184
:100960004E444C4552004D454D204D414E4147456A
:100970002048414E444C4552004255532046415573
:100980004C542048414E444C455200555341474534
:10099000204641554C542048414E444C4552004459
:1009A00045425547204D4F4E2048414E444C4552FC
:1009B0000044554D4D592048414E444C4552000A83
:1009C00049535220737461636B206F766572666C55
:1009D0006F77656400537461636B20706F696E7428
:1009E000657220636F727275707465642C20726515
:1009F00073657420746F20746F70206F6620737439
:100A000061636B0061637469766520746872656107
:100A1000643A202568690A000A436F6E7465787429
:100A2000206265666F726520686172646661756CCC
:100A3000743A0020202072303A2030782530386C0B
:100A4000780A20202072313A2030782530386C78AE
:100A50000A20202072323A2030782530386C780A0B
:100A600020202072333A2030782530386C780A0004
:100A700020207231323A2030782530386C780A20C4
:100A800020206C723A2030782530386C780A20208B
:100A90002070633A2030782530386C780A20207036
:100AA00073723A2030782530386C780A0A00465341
:100AB000522F4641523A0020434653523A20307852
:100AC0002530386C780A0020484653523A20307856
:100AD0002530386C780A0020444653523A2030784A
:100AE0002530386C780A0020414653523A2030783D
:100AF0002530386C780A0020424641523A2030783E
:100B00002530386C780A004D4D4641523A203078F5
:100B10002530386C780A004D697363004558435F8F
:100B20005245543A2030782530386C780A004163B9
:100B300074697665207468726561643A2025686915
:100B400020222573220A0048617264206661756C58
:100B500074206F6363757272656420696E204953F7
:100B600052206E756D6265722025640A00417474AE
:100B7000656D7074696E6720746F207265636F6E47
:100B800073747275637420737461746520666F7218
:100B900020646562756767696E672E2E2E00496E48
:100BA000204744423A0A2020736574202470633D34
:100BB0003078256C780A20206672616D6520300AD5
:100BC000202062740A000A49535220737461636BD7
:100BD000206F766572666C6F77656420627920613C
:100BE00074206C6561737420256420627974657368
:100BF0002E0A0048415244204641554C5420484159
:100C00004E444C45520067636F6170002F2E77652C
:100C10006C6C2D6B6E6F776E2F636F7265006572F3
:100C2000726F723A207061636B65742062756666DC
:100C300065722066756C6C006970763600534C41A5
:100C40004143206E6F7420616374697661746564DA
:100C50003B2077696C6C206E6F74206175746F2D0A
:100C6000636F6E66696775726520495076362061DC
:100C700064647265737320666F7220696E74657246
:100C8000666163652025752E0A2020202055736536
:100C900020434F4E4649475F474E52435F495056A7
:100CA000365F4E49425F534C4141433D3120746FA2
:100CB0002061637469766174652E0A002A00646598
:100CC0006661756C742573200025732F25752000CF
:100CD0007669612025732000646576202325750AD6
:100CE000006465762023257520006C6C6164647255
:100CF0002025732000726F7574657200206578700E
:100D00006972657320256C752073656300206465C6
:100D1000707265636174657320256C7520736563FB
:100D200000676E72635F6E657469663A2063616E18
:100D30002774207175657565207061636B6574201B
:100D4000666F722073656E64696E672C20747279A9
:100D50002073656E64696E6700676E72635F6E65AF
:100D60007469663A2063616E2774207175657565D4
:100D7000207061636B657420666F722073656E64AA
:100D8000696E672C2064726F7020697400676E72E0
:100D9000635F6E657469663A20696E6974202575B3
:100DA000206661696C65643A2025640A00416464C8
:100DB000726573732D7265736F6C7574696F6E20D5
:100DC00073746174652D6D616368696E65206E6F03
:100DD00074206163746976617465642E204E656960
:100DE0006768626F72732066726F6D20696E7465DA
:100DF00072666163652025750A77696C6C206E6F79
:100E0000742062652061626C6520746F2072657366
:100E10006F6C766520616464726573732025730A54
:100E20002020202055736520434F4E4649475F4799
:100E30004E52435F495056365F4E49425F415253CE
:100E40004D3D3120746F2061637469766174652E45
:100E50000A004E45544F50545F54585F454E445F0E
:100E6000495251206E6F7420696D706C656D656EAE
:100E700074656420627920647269766572006E72AE
:100E800066383032313534000A2121212120676E45
:100E900072635F6E65747265673A20696E69746922
:100EA000616C697A65206D65737361676520717522
:100EB000657565206F6620746872656164202575AC
:100EC000207573696E67206D73675F696E69745F03
:100ED0007175657565282920212121210A0A0036AE
:100EE0006C6F00FF7F3F1F0F07030100676E726387
:100EF0005F736F636B3A2064726F70706564206D0E
:100F000065737361676520746F2025702028776191
:100F1000732066756C6C290A00676E72635F736F6D
:100F2000636B3A2074696D656F757420213D2030C4
:100F30002077697468696E20746865206173796EC2
:100F40006368726F6E6F75732063616C6C6261634E
:100F50006B206C65616420746F20756E65787065B8
:100F6000637465642064656C617973207769746863
:100F7000696E20746865206173796E6368726F6E44
:100F80006F75732068616E646C65722E0075647095
:100F900000303132333435363738394142434445F5
:100FA0004600303132333435363738396162636464
:100FB0006566006C327574696C3A2063616E2774E3
:100FC00020636F6E766572742068617264776172F7
:100FD00065206164647265737320746F20455549A0
:100FE0002D363420666F72206465766963652074DF
:100FF0007970652025640A006C327574696C3A203A
:1010000063616E277420636F6E7665727420494940
:101010004420746F20686172647761726520616436
:10102000647265737320666F7220646576696365A8
:1010300020747970652025640A006C327574696CBF
:101040003A2063616E27742067657420616464725E
:10105000657373206C656E6774682066726F6D20AF
:101060004E4450206C696E6B2D6C61796572206105
:10107000646472657373206F7074696F6E20666F3D
:1010800072206465766963652074797065202564D3
:101090000A0051005F006E616D650009706964208F
:1010A0007C20252D3231737C20252D397351207CF5
:1010B00020707269207C20737461636B202028206B
:1010C00075736564292028206672656529207C2057
:1010D00062617365206164647220207C2063757294
:1010E00072656E7420202020200A000920202D2007
:1010F0007C206973725F737461636B2020202020F1
:10110000202020202020207C202D20202020202076
:1011100020202D207C2020202D207C202536692099
:101120002825356929202825356929207C20253165
:101130003070207C20253130700A00092533686921
:10114000207C20252D323073207C20252D387320E3
:10115000252E3173207C20253369207C202536758F
:10116000202825356929202825356929207C202536
:10117000313070207C2025313070200A007C0053F3
:10118000554D000925357320252D3231737C2531CD
:1011900033732536732025366920282535692920A3
:1011A00028253569290A007368656C6C3A20696ED8
:1011B000636F72726563742071756F74696E670016
:1011C000436F6D6D616E6420202020202020202040
:1011D00020202020204465736372697074696F6EEB
:1011E0000A2D2D2D2D2D2D2D2D2D2D2D2D2D2D2D52
:1011F0002D2D2D2D2D2D2D2D2D2D2D2D2D2D2D2D1F
:101200002D2D2D2D2D2D2D2D00252D32307320250A
:10121000730A007368656C6C3A20636F6D6D616E64
:1012200064206E6F7420666F756E643A2025730AB1
:10123000007368656C6C3A206D6178696D756D201E
:101240006C696E65206C656E67746820657863658F
:1012500065646564002028445550212900257520C7
:1012600062797465732066726F6D2025732525255C
:10127000753A2069636D705F7365713D25752074E3
:10128000746C3D2575002575206279746573206640
:10129000726F6D2025733A2069636D705F7365719D
:1012A0003D25752074746C3D257500207472756E33
:1012B00063617465642062792025642062797465B5
:1012C0000020636F72727570746564206174206FA2
:1012D00066667365742025750020727373693D25F9
:1012E00068642064426D002074696D653D256C75ED
:1012F0002E2530336C75206D73006572726F723AF3
:101300002025640A0063616E2774207265736F6C18
:1013100076652025730A0070696E672073697A65A7
:101320002073686F756C6420626520696E2072613D
:101330006E676520302D36353532372E0025732007
:101340005B2D63203C636F756E743E5D205B2D6882
:101350005D205B2D69203C6D7320696E746572762B
:10136000616C3E5D205B2D73203C7061636B657426
:1013700073697A653E5D0A0020202020205B2D7471
:1013800020686F706C696D69745D205B2D57203C1F
:101390006D732074696D656F75743E5D203C686F78
:1013A00073743E5B25253C696E7465726661636586
:1013B0003E5D0A002020202020636F756E743A2065
:1013C0006E756D626572206F662070696E6773203E
:1013D0002864656661756C743A20332900202020EA
:1013E00020206D7320696E74657276616C3A207787
:1013F00061697420696E74657276616C206D696CC8
:101400006C697365636F6E6473206265747765657C
:101410006E2073656E64696E672028646566617509
:101420006C743A20313030302922002020202020D6
:101430007061636B657473697A653A206E756D626D
:101440006572206F6620627974657320696E20650D
:1014500063686F207061796C6F61643B206D757398
:1014600074206265203E3D203420746F206D6561DC
:101470007375726520726F756E6420747269702066
:1014800074696D65202864656661756C743A2034F2
:1014900029002020202020686F706C696D69743AE3
:1014A00020536574207468652049502074696D6507
:1014B00020746F206C6966652F686F706C696D6948
:1014C00074202864656661756C743A20696E746571
:1014D000726661636520636F6E666967290020200C
:1014E0002020206D732074696D656F75743A2054E7
:1014F000696D6520746F207761697420666F722052
:101500006120726573706F6E736520696E206D69FE
:101510006C6C697365636F6E6473202864656661C3
:10152000756C743A2031303030292E205468652093
:101530006F7074696F6E2061666665637473206F87
:101540006E6C792074696D656F757420696E2061A9
:101550006273656E6365206F6620616E79207265C7
:1015600073706F6E7365732C206F74686572776922
:101570007365207761697420666F722074776F20BD
:1015800052545473000A2D2D2D2025732050494E9E
:10159000472073746174697374696373202D2D2DF2
:1015A0000A256C75207061636B65747320747261B9
:1015B0006E736D69747465642C20256C7520706180
:1015C000636B6574732072656365697665642C204E
:1015D00000256C75206475706C6963617465732C8B
:1015E0002000256C752525207061636B6574206C67
:1015F0006F73730A00726F756E642D747269702058
:101600006D696E2F6176672F6D6178203D2025759D
:101610002E253033752F25752E253033752F2575E2
:101620002E25303375206D730A0075736167653A36
:10163000202573202573205B73686F777C61646459
:101640007C64656C7C68656C705D0A0020202020DD
:10165000202020257320257320616464203C696666
:101660006163653E203C6970763620616464723E39
:10167000205B3C6C3220616464723E5D0A00202075
:10168000202020202025732025732064656C203CB9
:1016900069666163653E203C6970763620616464EA
:1016A000723E0A0020202020202020257320257350
:1016B0002073686F77205B69666163655D0A00204F
:1016C00020202020202025732025732061646420A1
:1016D0003C69666163653E203C7072656669783E70
:1016E0005B2F3C7072656669785F6C656E3E5D204D
:1016F0005B3C76616C696420696E207365633E5D56
:10170000205B3C7072656620696E207365633E5D88
:101710000A0020202020202020257320257320640B
:10172000656C203C69666163653E203C707265664D
:1017300069783E5B2F3C7072656669785F6C656E98
:101740003E5D0A00202020202020202573202573C4
:1017500020616464203C69666163653E203C707270
:10176000656669783E5B2F3C7072656669785F6C70
:10177000656E3E5D203C6E6578745F686F703E20DC
:101780005B3C6C74696D6520696E207365633E5DBA
:101790000A0075736167653A202573207B6E656961
:1017A00067687C7072656669787C726F7574657C39
:1017B00068656C707D202E2E2E0A006E6569676844
:1017C0000073686F770061646400496E74657266C7
:1017D00061636520257520646F6573206E6F7420CA
:1017E00065786973740A00556E61626C6520746F68
:1017F000206164642025732525257520746F206E73
:1018000065696768626F722063616368650A006476
:10181000656C0070726566697800726F757465003A
:1018200064656661756C740075736167653A20253F
:1018300073203C69665F69643E20736574203C6B6D
:1018400065793E203C76616C75653E0A002020205B
:101850002020205365747320612068617264776171
:1018600072652073706563696669632076616C7563
:10187000650A2020202020203C6B65793E206D6188
:1018800079206265206F6E65206F66207468652020
:10189000666F6C6C6F77696E670A202020202020AD
:1018A000202A20226164647222202D2073657473C3
:1018B000202873686F727429206164647265737381
:1018C0000A202020202020202A2022616464725FC8
:1018D0006C6F6E6722202D2073657473206C6F6EA1
:1018E0006720616464726573730A202020202020C1
:1018F000202A2022616464725F73686F72742220F0
:101900002D20616C69617320666F722022616464AE
:1019100072220A202020202020202A2022636361B6
:101920005F7468726573686F6C6422202D20736524
:1019300074204544207468726573686F6C64206419
:101940007572696E672043434120696E2064426D61
:101950000A202020202020202A2022667265712261
:10196000202D20736574732074686520226368617C
:101970006E6E656C222063656E746572206672659A
:101980007175656E63790A202020202020202A208E
:10199000226368616E6E656C22202D2073657473FE
:1019A00020746865206672657175656E6379206361
:1019B00068616E6E656C0A202020202020202A207D
:1019C000226368616E22202D20616C69617320663C
:1019D0006F7220226368616E6E656C220A2020207F
:1019E000202020202A2022636865636B73756D2296
:1019F000202D2073657420636865636B73756D6D4E
:101A0000696E67206F6E2D6F66660A202020202089
:101A100020202A202263736D615F7265747269658C
:101A20007322202D20736574206D61782E206E75D1
:101A30006D626572206F66206368616E6E656C20F2
:101A400061636365737320617474656D7074730A88
:101A5000202020202020202A2022656E63727970A9
:101A60007422202D207365742074686520656E6370
:101A700072797074696F6E206F6E2D6F66660A20C2
:101A80002020202020202A2022686F705F6C696D42
:101A9000697422202D2073657420686F70206C6932
:101AA0006D69740A202020202020202A2022686CC2
:101AB00022202D20616C69617320666F722022687C
:101AC0006F705F6C696D6974220A202020202020CD
:101AD000202A20226B657922202D207365742074C2
:101AE000686520656E6372797074696F6E206B65CE
:101AF0007920696E2068657861646563696D616CE1
:101B000020666F726D61740A202020202020202A18
:101B100020226D747522202D2049507636206D616B
:101B200078696D756D207472616E736974696F6E1A
:101B300020756E69740A202020202020202A20226F
:101B40006E696422202D207365747320746865208B
:101B50006E6574776F726B206964656E746966690F
:101B6000657220286F72207468652050414E2049AC
:101B700044290A202020202020202A20227061676A
:101B80006522202D20736574207468652063686168
:101B90006E6E656C2070616765202849454545205B
:101BA0003830322E31352E34290A202020202020B2
:101BB000202A202270616E22202D20616C696173C1
:101BC00020666F7220226E6964220A202020202065
:101BD00020202A202270616E5F696422202D2061FE
:101BE0006C69617320666F7220226E6964220A201C
:101BF0002020202020202A20227068795F627573BF
:101C00007922202D207365742062757379206D6FA1
:101C10006465206F6E2D6F66660A202020202020CC
:101C2000202A2022706F77657222202D20545820A0
:101C3000706F77657220696E2064426D0A202020E3
:101C4000202020202A202272657472616E73222067
:101C50002D206D61782E206E756D626572206F6625
:101C60002072657472616E736D697373696F6E73E0
:101C70000A202020202020202A20227372635F6CFB
:101C8000656E22202D20736574732074686520733F
:101C90006F757263652061646472657373206C652F
:101CA0006E67746820696E20627974650A2020204E
:101CB000202020202A2022737461746522202D2088
:101CC0007365742074686520646576696365207344
:101CD00074617465002873686F727429206164648C
:101CE00072657373006C6F6E6720616464726573F4
:101CF0007300736F757263652061646472657373DA
:101D0000206C656E677468006368616E6E656C0058
:101D10006672657175656E6379205B696E20487ABD
:101D20005D007061676500686F70206C696D697433
:101D3000004D5455006E6574776F726B2069646551
:101D40006E74696669657200545820706F776572A9
:101D5000205B696E2064426D5D006D61782E20729B
:101D6000657472616E736D697373696F6E7300432E
:101D7000534D41207265747269657300434341207D
:101D80007468726573686F6C64205B696E2064426E
:101D90006D5D00656E6372797074696F6E00757346
:101DA0006167653A202573203C69665F69643E205F
:101DB0005B2D5D7B007D006572726F723A20756EDF
:101DC00061626C6520746F2070617273652061645C
:101DD00064726573732E0A4D757374206265206F8B
:101DE0006620666F726D6174205B302D39612D66DF
:101DF000412D465D7B327D283A5B302D39612D6661
:101E0000412D465D7B327D292A0A2868657820703D
:101E1000616972732064656C696D697465642062C0
:101E20007920636F6C6F6E7329006572726F723AFE
:101E300020756E61626C6520746F2073657420007C
:101E4000737563636573733A207365742000646F00
:101E5000776E006572726F723A20756E61626C65A2
:101E600020746F20736574206C696E6B2025730A73
:101E7000006572726F723A20756E61626C652074D3
:101E80006F2070617273652076616C75652E0A4DE6
:101E900075737420626520612031362D626974206B
:101EA000756E7369676E656420696E7465676572C7
:101EB0002028646563206F7220686578290020748B
:101EC0006F200030782530346C780A00256C750A54
:101ED000000A202020202020202020200020746FB5
:101EE0002025690A00776972656400776972656CFC
:101EF000657373004966616365202000204857615F
:101F00006464723A2025732000204368616E6E6518
:101F10006C3A202568752000204672657175656EE3
:101F200063793A20256C75487A20002050616765F6
:101F30003A202568752000204E49443A2030782503
:101F40006878200020525353493A2025642000200D
:101F50005048593A2025732000204C696E6B3A2076
:101F6000257320004C6F6E67204857616464723A95
:101F700020002054582D506F7765723A20256869EB
:101F800064426D20002053746174653A20257320EB
:101F900000206D61782E2052657472616E732E3A46
:101FA00020257520002043534D41205265747269ED
:101FB00065733A202575200050524F4D49534320F8
:101FC00020004155544F41434B20200041434B5F7B
:101FD0005245512020005052454C4F414420200092
:101FE0005241574D4F44452020004D41435F4E4FD5
:101FF0005F534C45455020200043534D4120200065
:102000004155544F43434120200049515F494E56AA
:1020100045525420200052585F53494E474C4520AA
:1020200020004348414E5F484F502020004F54410C
:10203000412020004C322D5044553A25687520200F
:10204000004D54553A256875202000484C3A2575B6
:102050002020005254522020005254525F414456D6
:10206000202000364C4F20200049504843202000BB
:10207000536F757263652061646472657373206C5D
:10208000656E6774683A20256875004C696E6B2030
:10209000747970653A20257300696E657436206125
:1020A0006464723A20002573202073636F70653A70
:1020B00020006C696E6B007369746500676C6F62F9
:1020C000616C00756E6B6E6F776E00205B616E7970
:1020D000636173745D002020544E545B25755D0070
:1020E000202044505200202056414C002020554EC4
:1020F0004B00696E6574362067726F75703A2025E3
:10210000730075736167653A2025730A0075736102
:1021100067653A2025732068656C700A00757361E5
:1021200067653A202573203C69665F69643E205BE1
:1021300075707C646F776E5D0A0075736167653AD0
:10214000202573203C69665F69643E2061646420D9
:102150005B616E79636173747C6D756C74696361C6
:1021600073747C756E69636173745D203C6970760D
:10217000365F616464723E5B2F7072656669785F7A
:102180006C656E5D0A0075736167653A2025732082
:102190003C69665F69643E2064656C203C697076CA
:1021A000365F616464723E0A00756E002D2D6865AD
:1021B0006C70006572726F723A20696E76616C693C
:1021C0006420696E7465726661636520676976650F
:1021D0006E006164647200616464725F73686F7240
:1021E0007400616464725F6C6F6E67006363615F4B
:1021F0007468726573686F6C64006672657175658A
:102200006E63790066726571006572726F723A2052
:10221000756E61626C6520746F20706172736520E9
:1022200076616C75652E0A4D757374206265206148
:102230002033322D62697420756E7369676E656430
:1022400020696E74656765722028646563206F720B
:102250002068657829006368616E0063736D615F53
:102260007265747269657300686C00686F705F6C8A
:10227000696D6974000A4E6F746963653A2073650D
:102280007474696E6720353620626974206B6579D5
:102290002E000A4E6F746963653A20736574746921
:1022A0006E6720363420626974206B65792E000ACF
:1022B0004E6F746963653A2073657474696E672044
:1022C00031323820626974206B65792E000A4E6FB6
:1022D000746963653A2073657474696E6720313977
:1022E0003220626974206B65792E000A4E6F746922
:1022F00063653A2073657474696E672032353620E1
:10230000626974206B65792E000A4E6F746963658B
:102310003A2073657474696E6720353132206269C2
:1023200074206B65792E006572726F723A20696E47
:1023300076616C6964206B65792073697A652E001B
:102340006572726F723A20756E61626C6520746F8F
:10235000207061727365206B6579006572726F72AF
:102360003A20756E61626C6520746F20736574200D
:10237000656E6372797074696F6E206B6579007336
:102380007563636573733A2073657420656E637259
:10239000797074696F6E206B6579206F6E20696E3D
:1023A00074657266616365200025303278006D7453
:1023B00075006E69640070616E0070616E5F6964C3
:1023C00000706F7765720072657472616E7300736E
:1023D00072635F6C656E006F6666004F4646005321
:1023E0004C4545500069646C650049444C450052B9
:1023F0005800747800545800726573657400524533
:10240000534554007374616E646279005354414EB5
:102410004442590075736167653A206966636F6E5F
:10242000666967203C69665F69643E207365742055
:102430007374617465205B6F66667C736C65657030
:102440007C69646C657C72787C74787C7265736579
:10245000747C7374616E6462795D006572726F7210
:102460003A20756E61626C6520746F20736574200C
:10247000737461746520746F2025730A007375632B
:10248000636573733A207365742073746174652097
:102490006F6620696E746572666163652000616EA7
:1024A000796361737400756E69636173740065723A
:1024B000726F723A20756E61626C6520746F207065
:1024C0006172736520495076362061646472657369
:1024D000732E006572726F723A20756E61626C6560
:1024E00020746F206A6F696E2049507636206D75B2
:1024F0006C7469636173742067726F7570006572C4
:10250000726F723A20756E61626C6520746F206123
:102510006464204950763620616464726573730088
:10252000737563636573733A206164646564202521
:10253000732F256420746F20696E74657266616301
:102540006520006572726F723A20756E61626C650B
:1025500020746F206C656176652049507636206D59
:10256000756C7469636173742067726F7570006550
:1025700072726F723A20756E61626C6520746F20A2
:1025800072656D6F7665204950763620616464729D
:1025900065737300737563636573733A2072656D59
:1025A0006F76656420257320746F20696E74657280
:1025B0006661636520006572726F723A20756E61A4
:1025C000626C6520746F20736574206F7074696F1E
:1025D0006E00737563636573733A20257373657456
:1025E000206F7074696F6E0A0044495341424C4534
:1025F00044004250534B0041534B004D522D4F2D40
:102600005150534B004D522D4F46444D004D522DCD
:1026100046534B0061636B5F7265710067747300B2
:1026200070616E5F636F6F7264006175746F616378
:102630006B006175746F6363610063736D61006546
:102640006E6372797074006D61635F6E6F5F736C3F
:102650006565700066776400697068630070726514
:102660006C6F61640070726F6D697363007068797C
:102670005F6275737900726177007274725F616472
:10268000760069715F696E766572740072785F7347
:10269000696E676C65006368616E5F686F70006388
:1026A0006865636B73756D006F746161006C696E52
:1026B0006B5F636865636B0075736167653A2025BE
:1026C00073205B7B616464203C302D31353E203CBF
:1026D0007072656669783E2F3C7072656669785FD6
:1026E0006C656E3E203C6C74696D6520696E206D72
:1026F000696E3E7C64656C203C6374783E7D5D0A47
:1027000000202020202020206064656C60207769F4
:102710006C6C206F6E6C7920696E76616C69646197
:1027200074652074686520636F6E746578742066C4
:102730006F7220636F6D7072657373696F6E2E2098
:1027400049742063616E20626500202020202020D3
:1027500020726561737369676E6564206166746574
:10276000722035206D696E2E006369647C7072651D
:102770006669782020202020202020202020202072
:102780002020202020202020202020202020202049
:1027900020202020202020207C437C6C74696D65E3
:1027A000002D2D2D2D2D2D2D2D2D2D2D2D2D2D2D86
:1027B0002D2D2D2D2D2D2D2D2D2D2D2D2D2D2D2D49
:1027C0002D2D2D2D2D2D2D2D2D2D2D2D2D2D2D2D39
:1027D0002D2D2D2D2D2D2D2D2D2D2D2D0020253266
:1027E000757C253339732F252D33757C25787C2511
:1027F00035756D696E0A005741524E494E473A2071
:10280000636F6E746578742064697373656D696E47
:102810006174696F6E206279206E6F6E2D364C4246
:1028200052206E6F7420737570706F7274656400DF
:102830002F004552524F523A207072656669785F98
:102840006C656E203C2031207C7C2070726566694E
:10285000785F6C656E203E20313238004552524F11
:10286000523A20707265666978206D6179206E6FCA
:1028700074206265203A3A004552524F523A206322
:10288000616E206E6F742061646420636F6E746586
:10289000787400436F6E7465787420257520616CC0
:1028A0007265616479206D61726B656420666F7218
:1028B0002072656D6F76616C0A0055736167653AC9
:1028C0000009706D206F66663A2063616C6C207041
:1028D0006D5F6F6666282900323032342E31300049
:1028E00023080100020000000101000000000000B8
:1028F0006F080100770801007E08010087080100C9
:1029000090080100960801009E080100A708010038
:10291000B0080100B9080100C1080100C9080100A0
:10292000D10801003031323334353637383941423D
:10293000434445460C0C01000100000099210000B1
:1029400000000000293A1100095B0000A95E0000A8
:10295000655F0000E9520000D95900000000000046
:1029600000007484630B8AF3FFFFFF020000000085
:1029700000000000000000000002FF020000000054
:1029800000000000000000000001FF020000000045
:10299000000000000001FF000000FE8000000000B9
:1029A0000000000000000000000000000000000027
:1029B0000000000000000000000100000000000016
:1029C0000000000000000000000001005BA6000005
:1029D00000000000D3A4000071A60000B5A500000F
:1029E00071A50000DDA6000033A5000003A50000CE
:1029F000FFFF0000FF000000FFFFFF00FFFFFFFFE1
:102A0000009000400303090000A0004003030A00F7
:102A100000A0014005031A0000B0014005031B009F
:102A200000000100E84300000DB4000049B00000C0
:102A3000D1B20000B1B2000041B4000045B00000C6
:102A400051B30000B5B1000011B0000055B0000056
:102A500039B100000000000015B10000DDB0000039
:102A600085B00000C1B00000842A0100742A010072
:102A70006DBE000050696E67207669612049434D44
:102A80005076360070696E6700000000BC2A0100B5
:102A9000982A010035C20000436F6E66696775723F
:102AA00065206E65696768626F7220696E666F7215
:102AB0006D6174696F6E2062617365006E6962009A
:102AC000E92A0100CC2A010025D00000436F6E6680
:102AD0006967757265206E6574776F726B20696EB9
:102AE0007465726661636573006966636F6E6669BB
:102AF00067000000E9250100F2250100F72501002B
:102B0000FE250100FB250100052601000D26010020
:102B1000DB230100DF230100EA230100EF23010092
:102B2000F5230100FE2301000C240100DF0E01004B
:102B30004000000014260100170000001C260100C0
:102B40007200000020260100700000002A2601000B
:102B500015000000322601001F0000003A26010087
:102B6000220000003F2601002D0000004726010042
:102B700026000000542601000E0000005826010027
:102B8000410000005D2601001300000065260100E1
:102B9000140000006D2601004500000076260100AB
:102BA0001B0000007A2601000F00000082260100B1
:102BB0003F0000008C26010038000000962601002E
:102BC000360000009F26010044000000A8260100F6
:102BD00065000000AD260100680000000B2C01001C
:102BE000E82B010049D80000364C6F5750414E2069
:102BF000636F6E7465787420636F6E666967757253
:102C00006174696F6E20746F6F6C00366374780046
:102C10003F2C01001C2C0100DDD90000696E746599
:102C2000726163742077697468206C61796572657C
:102C30006420504D2073756273797374656D0070F4
:102C40006D0000007A2C0100502C010019DA000000
:102C50005072696E747320696E666F726D6174690B
:102C60006F6E2061626F75742072756E6E696E672B
:102C700020746872656164732E0070730000000038
:102C8000A82C01008C2C01002DDA00005072696E16
:102C900074732063757272656E742052494F545F6D
:102CA00056455253494F4E0076657273696F6E00F8
:102CB000CC2C0100BC2C010023DA00005265626FAD
:102CC0006F7420746865206E6F6465007265626F52
:102CD0006F740000F5DB0000B9DB0000AFDB000023
:102CE00050420020580400204DDF000049DF000062
:102CF00045DF0000C3DF0000BDDF0000B5DF0000DE
:102D000000202020202020202020282828282820BB
:102D100020202020202020202020202020202020B3
:102D2000208810101010101010101010101010101B
:102D3000100404040404040404040410101010100B
:102D400010104141414141410101010101010101D5
:102D50000101010101010101010101011010101027
:102D600010104242424242420202020202020202A7
:102D700002020202020202020202020210101010FB
:102D80002000000000000000000000000000000023
:102D90000000000000000000000000000000000033
:102DA0000000000000000000000000000000000023
:102DB0000000000000000000000000000000000013
:102DC0000000000000000000000000000000000003
:102DD00000000000000000000000000000000000F3
:102DE00000000000000000000000000000000000E3
:102DF00000000000000000000000000000000000D3
:102E000000000000232D302B20000000686C4C00D7
:102E10006566674546470000303132333435363712
:102E200038394142434445460000000030313233D6
:102E300034353637383961626364656600000000F6
:102E400009DF0000BDB80000C96500000569000089
:102E50003D2B0000698E0000611B0000913A0000CC
:102E60004D610000DC2B0100C02A01008C2A01000A
:102E7000682A0100102C0100442C0100B02C010034
:042E8000802C0100A1
:082E840030B2FF7F01000000E5
:102E8C001000000000000000017A5200027C0E01CC
:102E9C001B0C0D001C00000018000000D8BAFFFF2E
:102EAC00D800000000410E088501840202490A4A3C
:102EBC00C5C4410B380000003800000038C3FFFFC8
:102ECC009E00000000510E108404850386028701C9
:102EDC005BC7C6C5C40E004C0A420B0A420B0E104F
:102EEC00840485038602870151C7C6C5C40E000041
:102EFC00140000007400000078C4FFFF34010000CF
:082F0C000002710A430B0000F2
:102F1400E0280100010000000100000000000000A2
:102F24000000000000000000000000001C0400205D
:102F3400000000000000000000000000000000008D
:102F4400000000000000000000000000000000007D
:102F5400000000000000000000000000000000006D
:102F6400000000000000000000000000000000005D
:102F7400000000000000000000000000000000004D
:102F8400000000000000000000000000000000003D
:102F9400000000000000000000000000000000002D
:102FA400000000000000000000000000000000001D
:102FB400000000000000000000000000000000000D
:102FC40000000000000000000000000000000000FD
:102FD40000000000000000000000000000000000ED
:102FE40000000000000000000000000000000000DD
:102FF40000000000000000000000000000000000CD
:1030040000000000000000000000000000000000BC
:1030140000000000000000000000000000000000AC
:10302400000000000000000000000000000000009C
:10303400000000000000000000000000000000008C
:10304400000000000000000000000000000000007C
:10305400000000000000000000000000000000006C
:10306400000000000000000000000000000000005C
:10307400000000000000000000000000000000004C
:10308400000000000000000000000000000000003C
:10309400000000000000000000000000000000002C
:1030A400000000000000000000000000000000001C
:1030B400000000000000000000000000000000000C
:1030C40000000000000000000000000000000000FC
:1030D40000000000000000000000000000000000EC
:1030E40000000000000000000000000000000000DC
:1030F40000000000000000000000000000000000CC
:1031040000000000000000000000000000000000BB
:1031140000000000000000000000000000000000AB
:10312400000000000000000000000000342901003D
:10313400010000000000000000000000000000008A
:10314400A51700000000260200000000FC43002038
:1031540006000000104200204000000000000000B3
:10316400000000000000000000000000000000005B
:10317400000000000000000000000000000000004B
:103184000000000000000000000000000A00000031
:103194008404002000000000B842002020430020E6
:1031A4008843002000000000000000000000000030
:1031B400000000000000000000000000000000000B
:1031C40000000000000000000000000000000000FB
:1031D40000000000000000000000000000000000EB
:1031E4000000000003000000B84200202C21000071
:0400000300000F6D7D
:00000001FF
