:1000000000020020FD1000009910000055100000B3
:10001000A9100000B9100000C91000000000000085
:100020000000000000000000000000003910000087
:10003000D910000000000000ED0F0000E9100000E2
:1000400063A500004DB30000E9AD0000F11400000D
:100050000D15000063A5000063A5000063A5000066
:1000600063A50000D1AB0000D7AB000063A5000082
:1000700063A5000063A5000063A5000063A5000060
:1000800063A50000EDA8000063A5000063A50000C3
:1000900063A5000063A5000063A5000063A5000040
:1000A00063A5000063A50000DDAB0000E3AB00002A
:1000B00063A5000063A50000000000000000000030
:1000C00063A5000063A5000063A5000029150000DA
:1000D00063A5000063A5000063A5000063A5000000
:1000E00063A5000063A5000063A5000000000000F8
:1000F0000000000063A5000000000000451500009E
:100100004269013201D00BF084BC83685B681847F8
:100110002DE9F0472DED048B7648774DE8B00CF0D3
:10012000FFF8002004F03BFF48B974497448754F4C
:100130000BF016FB10B374480CF0F2F820E0082323
:100140004FF40171B0F966010022CDE9003140ABF6
:10015000032104F03FFD0128E7DD00F5D0730DEB2E
:100160000304284614F8A21C01F076FB14F8A11C25
:10017000A81C01F071FB00232B71D6E701233B7013
:10018000624B9FED638A1E683046FFF7B9FF97F810
:1001900000900446B9F1000F00F0A780584820AA4B
:1001A0000AA90BF059FA002840F09880BDF9803078
:1001B0009FED587A07EE903ABDF82830F8EEE77ACE
:1001C000C7EE878A07EE903AF8EEE77A87EE879ACD
:1001D0003046FFF795FF504B504ACDE90053A0EB56
:1001E00004082346A02140A80DF00CF90446B9F1FB
:1001F000000F18D040AB03EB0009C0F1A00A19EEC4
:10020000100A0BF0FFFECDE9020118EE900A0BF088
:10021000F9FE434ACDE90001514648460DF0F2F897
:1002200004449F2C54DC3F4B009340A84346C4F148
:10023000A00120443C4A0DF0E5F80444631E9E2BC7
:1002400046D840A80CF06CF84FF00C088022374BD1
:10025000CDF804800DEB020100930AA8022301F0FF
:10026000EBFD0A9A137823F0300343F01003137068
:10027000414632220AA809F068FE01210AA809F0C5
:1002800073FEB0F1000823DBBDF834309C421FD868
:10029000224640A90B980CF05DFD0021122205A812
:1002A0000CF0DAF904230493214941F2336305A8E1
:1002B000ADF8263009F0F6F950B100230122CDE95E
:1002C0000132009304AA08EB040120A801F0F4FD18
:1002D00047F2305130460BF003FD55E7B0EE489A37
:1002E000F0EE488A4FF0000972E7B0EE489AF0EE5F
:1002F000488A6DE738E400000002002094EC00001A
:10030000C4040020C004002061E40000FCED0000F3
:10031000000000000000C8425DE4000093E400001B
:10032000C5E4000002E50000E5E4000007E5000088
:1003300014E5000070B5064E064CA41BA408002569
:10034000AC4200D170BD56F8253098470135F7E72B
:1003500058EE00007CEE000008B503212A200AF0C8
:1003600003F903212F200AF0FFF8054B4FF48062B8
:10037000C3F80C254FF40042C3F80C2508BD00BF9C
:100380000003005070B50144044618468C4200D169
:1003900070BD14F8013B0825584046B24300002EBA
:1003A000D8B2B8BF5040013DF7D1EFE72DE9F04793
:1003B00004460E461746EFF3108872B60568C5B9B5
:1003C000DFF88890051DD4E90331A2689A1A8A42A1
:1003D00022DC1D4A12883280581C6269E0600B40A2
:1003E00096E8030002EBC30383E8030088F3108858
:1003F00010E055F80C390360D1E900012B6983E85E
:10040000030028460C2100F0D3FA687988F310889D
:1004100000F00EFB012714E08FB1D9F800A00921EC
:10042000504600F0C5FA5146284600F085FB88F397
:10043000108800F061FBEFF3108872B6C3E788F311
:1004400010883846BDE8F087A0050020140500207C
:1004500070B50B4604461046EFF3108672B6D4E929
:10046000022191421DD0501CA0602069616965681D
:10047000024001EBC20292E8030083E803001DB9C9
:1004800086F31088012070BD55F80C39636028464A
:100490000C2100F08DFA687986F3108800F0C8FA14
:1004A000F0E778B1094A156809212B61284600F068
:1004B0007FFA2946204600F03FFB86F3108800F0C3
:1004C0001BFBDFE786F31088DDE700BF1405002083
:1004D000F8B50446EFF3108672B6334F3B685A6A9C
:1004E000002A5BD0D3E90620904257D0501C986177
:1004F000186A024039B9596929B9511C03D186F3E8
:1005000010881046F8BD002A4CDB596A01EBC20185
:1005100003C984E803005D699DB9002A2CDA04212F
:10052000184600F045FA86F31088204B4FF08052B1
:100530005A60BFF36F8F3B681B79042B1ED100F00C
:1005400015FC55F80C195961002A0DDBD3E9072079
:1005500099695C6A511A8842A9BF511C4FF0FF3259
:100560000240D96104EBC2042B6993E8030084E8DC
:1005700003002B79062B03D186F310880122C0E7F4
:10058000002328462B610C2100F012FA687986F3CB
:1005900010880E28F2D800F04BFAEFE74FF0FF3248
:1005A0000029A8D01C61B6E71405002000ED00E08A
:1005B0000346D0E9072010B59C69141BA04201DA5C
:1005C000002010BD541C0240DC61F9D4586A00EBD5
:1005D000C20203C982E803001A896FEA42426FEA45
:1005E00052421A81184600F05BFB0120E9E7000047
:1005F00008B50E4B53F82130A3B11A79042A0BD158
:1006000003C81A6982E8030018460C2100F0D0F9EB
:10061000074B0120186008BD01461846BDE8084098
:10062000FFF7C6BF4FF0FF30F5E700BF1C05002005
:10063000100500202DE9F0411D46294B53F82140BB
:10064000284B1B880380064690462CB985F31088FA
:100650004FF0FF30BDE8F081234B1F682379042B56
:1006600034D001462046FFF7A3FF78B185F3108808
:100670003B79062B02D01D4B1B682BB11C4B4FF056
:1006800080525A60BFF36F8F0120E3E7B8F1000F8B
:1006900002D185F31088DDE73B793E61062B14BF5C
:1006A00005210621384600F083F904F1140039468B
:1006B00000F042FA23896FEA43436FEA53432381F0
:1006C000204600F0EDFA85F31088D7E7D0E9000165
:1006D000236983E803000C21204600F069F9F2E762
:1006E0001C050020A0050020140500201005002096
:1006F00000ED00E010B50146EFF3108472B6054B33
:100700001B880380044B1868FFF752FF84F310889E
:1007100010BD00BFA0050020140500202123038088
:10072000FFF766BFEFF30583DBB20BB1FFF7F6BF50
:10073000064B1B881BB2994201D1FFF7DBBFEFF3D9
:10074000108372B60122FFF775BF00BFA00500201D
:1007500010B4EFF3058212F0FF0203D05DF8044BF2
:10076000FFF7DCBF074B1B881BB2994203D15DF832
:10077000044BFFF7BFBFEFF3108372B65DF8044B75
:10078000FFF758BFA0050020104B1B881BB29A42F0
:100790002DE9F04106460C46154601D100F0E6FA77
:1007A000EFF3108872B60A4B1F680621384600F036
:1007B000FFF896E803003C61434684E80300012209
:1007C00029462046BDE8F041FFF734BFA0050020D0
:1007D0001405002038B5EFF3108572B60F4BB0F951
:1007E000002053F822400CB900F0C0FA2379062B00
:1007F00004D085F310884FF0FF3038BD03C923695A
:1008000083E8030020460C2100F0D2F8607985F3DC
:10081000108800F00DF90120EFE700BF1C05002053
:100820000021FFF755BE0121FFF752BE08B5064B68
:100830004A1E1B681140586201D000F097FAC3E9C4
:1008400006111A6208BD00BF1405002070B50446E9
:100850000846EFF3108672B6236833B94FF0FF33C2
:10086000236086F31088012070BD11B986F31088CB
:10087000FAE70F4B1D680DB900F078FA03212846FE
:1008800000F096F8236801330DD105F10C032360C5
:100890000023EB6086F31088064B4FF080525A60BD
:1008A000BFF36F8FDFE72946204600F045F9F1E7F7
:1008B0001405002000ED00E038B50446EFF3108584
:1008C00072B6006810B985F3108838BD431C02D198
:1008D00000232360F7E750F80C3923600C2100F067
:1008E00067F8236813B94FF0FF33236085F310884E
:1008F000034B4FF080525A60BFF36F8FE5E700BFA4
:1009000000ED00E008B503790B2B04BF0C23037145
:10091000836A1A68934208D0B0F9061003480CF0B5
:10092000F7FD03490D2000F059FA08BD1CE5000051
:100930004BE5000070B5184C184E2368356843BB72
:1009400015B12846FFF7DEFF00F07EFB2368002B81
:10095000FAD00020124B00221A602368114AB3FA21
:1009600083F352F823301C680C3C0B23AC422371F8
:100970000DD008B1FFF7C6FF0B4BA16AB4F90620F2
:100980001A801F31094A3460022000F0BFFA204665
:1009900070BD2846DEE700BFCC040020140500200F
:1009A00010050020D0040020A00500200800061635
:1009B0000A2930B503791AD90A2B14D842791A4B6F
:1009C00053F8225000F10C047DB12D68C56053F836
:1009D00022502C6043F82240144C4FF00043D34087
:1009E000226813432360017130BDC460F2E70A2B13
:1009F000F9D945790C4A52F825303BB11C68A3421D
:100A00000BBF0023246842F825301C60437952F85C
:100A10002320002AE7D1054C4FF00042DA4023683A
:100A200023EA0203DEE700BFD0040020CC0400204C
:100A30000B4B1B685A791B790A2B01D990420DD2B6
:100A4000EFF30583DBB21BB1064B01221A6070473E
:100A5000054B4FF080525A60BFF36F8F704700BF55
:100A6000140500201005002000ED00E008B5EFF3AC
:100A7000108372B6084B094A1B88094C1BB200212F
:100A800042F82310074A20681368013B1360FFF700
:100A90008FFF216000F094FAA00500201C050020C3
:100AA0001405002018050020431E9BB21F2B05D8FB
:100AB000034B53F8200010B1C06A70470020704704
:100AC0001C05002010B5EFF30583DBB27BB9EFF313
:100AD000108472B6064B02211868FFF769FF84F391
:100AE0001088044B4FF080525A60BFF36F8F10BDD7
:100AF0001405002000ED00E0EFF3108072B60B4B00
:100B00001B681A790A2A07D95A79094B53F8221017
:100B100011B1096843F8221080F31088054B4FF09B
:100B200080525A60BFF36F8F704700BF14050020DA
:100B3000D004002000ED00E038B50B790A2B01D974
:100B400000F014F94C7901F10C020346006818B169
:100B500010F8075CA542F8D9C8601A6038BD0000DB
:100B60000F2A2DE9F84F05468A469046994632D815
:100B700010F003031DBFC3F10402043B5B180B46D6
:100B8000A3F1340318BFAD1823F0030319F0080FC5
:100B900005EB030416D02D60EFF3108B72B6284AD4
:100BA0000126114652F8047FC7B10136212EF9D132
:100BB0008BF310886FF08A063EE012600432A24286
:100BC000FBD3E9E72A46FAE702212046FFF7F0FEC9
:100BD0008BF3108830E06FF015062DE036B22A4610
:100BE00041F82640DDE90A01E68000F0B5F90C9BEA
:100BF000144AE3624FF0FF33C4E9083713682060FA
:100C0000013319F0010FC4E90377C4E90577A56240
:100C1000C4F830A084F805802771E7611360D3D150
:100C20000C212046FFF7C4FE19F0040FD0D18BF33E
:100C300010884046FFF7FCFE3046BDE8F88F00BF45
:100C40001C0500201805002010B50346EFF31084A2
:100C500072B6028902EA010022EA01021A8184F3D3
:100C6000108810BD0C4A034610B51068EFF31084CD
:100C700072B6028913420CD103610721FFF798FE77
:100C800084F31088054B4FF080525A60BFF36F8F8A
:100C900010BD84F31088FBE71405002000ED00E090
:100CA00010B50379048A072B03D0082B0CD000243D
:100CB00008E003891C4005D00C21FFF779FE054BA5
:100CC00001221A60204610BD03899C43EFD1012404
:100CD000F2E700BF1005002038B5054B1D6804463B
:100CE000FFF7C0FF21462846BDE83840FFF7ACBFFC
:100CF0001405002010B5EFF3108472B60389027951
:100D00001943072A038A018104D0082A13D084F3E7
:100D100010880FE01942FAD00C21FFF749FE074B6B
:100D200001221A6084F31088054B4FF080525A60FC
:100D3000BFF36F8F10BD8B43E9D1EDE710050020A5
:100D400000ED00E008B5EFF30583DBB243B9EFF344
:100D500010832BB904480BF0E3FAFFF7B3FEFCE76E
:100D60000149032000F03AF85AE5000008B5714641
:100D700002480CF0CDFBFFF7E5FF00BF6CE500007B
:100D800008B5FFF7D7FA03480BF0CAFAFFF7C0F926
:100D9000002008BD75E500001FB5EFF3108372B6A3
:100DA000074B029300230193064B00930722042371
:100DB0004FF4C0610448FFF7D3FE00F001F900BF13
:100DC0009EE50000810D0000A205002008B50AF094
:100DD000DFFBBDE808400AF036BD704708B50B4B95
:100DE0001A680C4652B901221A60FFF7F6FF08484C
:100DF00021460CF08DFB07480BF092FAEFF31083BD
:100E000072B600F093F809F029FD00BFA40B002092
:100E1000A3E50000BFE5000070B50D4600210446C3
:100E2000FFF714FD0D4E70B9BFF35B8FE288BFF37F
:100E30005B8F338812B21BB29A4204D06DB9012184
:100E40002046FFF703FD3388BFF35B8FE380BFF3DA
:100E50005B8FA3880133A380012070BDA005002013
:100E60000021FFF7D9BF000008B50F4BBFF35B8F20
:100E7000C188BFF35B8F1B8809B21BB2994201D0B6
:100E8000FFF774FF8388002BFAD0013B9BB283806D
:100E900043B9BFF35B8FC380BFF35B8FBDE80840EE
:100EA000FFF70ABD08BD00BFA00500200C4B0D4A8E
:100EB00010B540219A600C4CE02283F82220D977AB
:100EC0000022A0180132302A80F80013F9D11A69E3
:100ED00042F010021A615A6942F400725A6110BD60
:100EE00000ED00E00000000000E100E0064BD3F858
:100EF000942042F00502C3F894205A6A42F48032EA
:100F00005A620020704700BF00ED00E0064B21F060
:100F10001F0142F00102C3F89800C3F89C100020A2
:100F2000C3F8A020704700BF00ED00E008B5EFF364
:100F30000581C1F3080119B1054810390CF0E8FA30
:100F4000044BD3F8F030DB0700D500BE08BD00BF6E
:100F5000CCE5000000ED00E01A4422F0030210B5D9
:100F60004FF0773442F8044C540758BF4FF08834A0
:100F7000A2F104035CBF42F8084CA2F108034FF051
:100F8000807243E902020D4A43F80C2C0020032230
:100F900043E9052043F8201C01220224194643E9B5
:100FA00007246FF0020241F8242D0B2241F8042D92
:100FB000013A032AFAD1A3F1440010BD6D0A0000E2
:100FC0000023E1EE103AEFF3148323F0040383F3DC
:100FD0001488BFF36F8FEFF3108362B6024B4FF0AC
:100FE00080525A60BFF36F8F00ED00E0114910B5D9
:100FF0000C6872B6FFF79EFC62B6A04208BF10BD37
:101000002146BDE8104049B1EFF309821EF0100FF0
:1010100008BF22ED108A22E9F04F0A600068B0E8AC
:10102000F04F1EF0100F08BFB0EC108A80F3098853
:101030007047000014050020024B4FF080525A60A8
:10104000704700BF00ED00E030BF62B6BFF36F8FA6
:1010500072B670470D4B0E4A0E496846904203D84F
:10106000984201D9002102E009468D460121042061
:101070007246024202D1EFF3088001E0EFF30980EB
:101080002DE9F00F6B4600F08FF800BF58010020EB
:10109000000004200002002008B502490620FFF7E6
:1010A0009DFE00BFDBE5000008B502490520FFF703
:1010B00095FE00BFE7E5000008B502490820FFF7EC
:1010C0008DFE00BFFAE5000008B502490920FFF7D0
:1010D00085FE00BF0CE6000008B502490A20FFF7B4
:1010E0007DFE00BF20E6000008B502490B20FFF797
:1010F00075FE00BF32E6000070477047204AD2F804
:10110000883043F4700310B5C2F88830FFF7F4FF5D
:101110006A461C4B1C491C4693422DD31B4B1C4852
:10112000DA1C121AC11E22F00302994288BF002263
:1011300018490BF00FFE184B1848DA1C121AC11E82
:1011400022F00302994288BF002200210BF084FAAA
:1011500024B1134A13490120FFF7D8FEFFF7C6FE5A
:10116000FFF7CBFF00F020F9FFF7F6F80BF068F877
:10117000BDE81040FFF710BE43F8041BCCE700BFEA
:1011800000ED00E000000020FEE7FEE7BC040020C8
:10119000000200200CEF0000BC430020C00400202F
:1011A000080006161F0000202DE9F04F9A46564B06
:1011B0008FB093469A6B03925A6B0492D3F82880AF
:1011C000DA6A05921A6BDB6B0793504B06921A682A
:1011D0004F4B9A4204460E4602D04E480BF0A0F800
:1011E000002E62D04C480BF09BF84C4B4C481988B1
:1011F00009B20CF08DF900252F464A480BF090F803
:10120000414649480CF084F9059948480CF080F9AA
:10121000069947480CF07CF9079946480CF078F994
:1012200018F4004F03D0039943480CF071F918F0FB
:10123000800F03D0049941480CF06AF940480BF044
:101240006FF8404859460CF063F9002E29D11BF085
:10125000080F53D0314B1E8836B23046FFF724FCBE
:101260003146024638480CF053F938480BF058F82C
:10127000394637480CF04CF96946364BC91A03D544
:10128000354849420CF044F920468268C368016938
:101290008C4641698E46AD46514691E8F00F416853
:1012A00000682E490720FFF799FDD4E90230D4E900
:1012B0000679D4E9001208902069099060690A90C3
:1012C00019F4007F26480B91CDE90C230CBF04F1E3
:1012D000200504F124050BF023F8089B0B990093DB
:1012E0002048DDE90C230CF013F9DDE90912CDF8F3
:1012F00000903B461C480CF00BF97EE7217F1B4811
:1013000010390CF005F9B0E700ED00E00000002016
:10131000FEE7FEE740E6000056E60000A0050020DC
:1013200085E600002FE7000038E7000048E70000EE
:1013300058E7000068E7000078E7000088E7000051
:1013400098E700009DE70000AFE70000EEE700002F
:101350001FE800005801002047E8000074E8000082
:1013600099E60000B4E60000F1E60000C8E70000DE
:101370004FF0704393F8E02F062A12D1D3F8E40F10
:1013800010F00F000DD1D3F8E82F02F0F002302A50
:1013900008D1D3F8EC3F13F0F00F0CBF0120002070
:1013A000704700207047000008B5FFF7E1FF30B13B
:1013B000134AD2F8FC3023F08073C2F8FC30FFF7F8
:1013C000D7FF20B14FF080430322C3F8A025FFF7D9
:1013D000CFFF30B14FF080430022C3F80C21C3F897
:1013E000102100F0BDF8074B0122C3F84025FFF79C
:1013F0005DFDFFF7EBFCBDE808400AF0BFB800BF99
:1014000000ED00E000E00140044B1B682BB1044BF1
:101410004FF080525A60BFF36F8F70471005002065
:1014200000ED00E008B50C4B98420CD0B0F1402F15
:101430000BD003F50033984209D003F5404398429E
:1014400007D0FFF793FC002008BD0120FCE7022035
:10145000FAE70320F8E700BF0030004038B50D463A
:101460001446FFF7DFFF0A4B43F82050094B43F8BF
:101470002040094B1B56002B08DB0122590903F0C1
:101480001F0302FA03F3054A42F8213038BD00BFBA
:10149000C80B0020B80B00209CEC000000E100E02D
:1014A000FFF7DCBF70B50E461546FFF7BBFF0446DD
:1014B0000648012100EB8400FFF7C8F9044B43F80C
:1014C0002460044B43F8245070BD00BFA80B0020DB
:1014D000C80B0020B80B002008B5FFF7A3FF034B93
:1014E00003EB8000BDE80840FFF7E6B9A80B002039
:1014F00008B5044A044B10681B689847BDE80840CB
:10150000FFF782BFB80B0020C80B002008B5044AC3
:10151000044B50685B689847BDE80840FFF774BF0C
:10152000B80B0020C80B002008B5044A044B906893
:101530009B689847BDE80840FFF766BFB80B0020DE
:10154000C80B002008B5044A044BD068DB689847F4
:10155000BDE80840FFF758BFB80B0020C80B0020BB
:1015600070470000EFF3108172B6094A1368013327
:10157000012B136009D14FF080420020C2F8000116
:101580001360D2F80031002BFBD081F31088704734
:10159000DC0B0020094A08B513680BB9FFF7E6FB1E
:1015A000EFF3108172B61368013B13601BB94FF063
:1015B000804301225A6081F3108808BDDC0B0020B3
:1015C000084A107868B94FF080430121C3F8181514
:1015D000C3F804019960D3F804110029FBD001235A
:1015E00013707047D80B002008F0C9B9D0E9023059
:1015F0001847000070B50E4615460021102204461B
:101600000BF02AF8024BE560C4E9013670BD00BF5B
:10161000ED1500000346006838B10268904219BF1A
:1016200013680360002119601046704708B500B1C7
:1016300009B9FFF79BFB4B68002BFAD0EFF3108240
:1016400072B60B6833B903686BB11B680B60036833
:1016500019600160406882F3108830B1BDE808402D
:101660000121FFF747BB0960F3E708BD10B5EFF3B1
:10167000108472B6FFF7CEFF84F3108808B1002300
:10168000036010BD2DE9F0410D46044600B109B9D3
:10169000FFF76CFBEFF3108872B6002726467368DD
:1016A000002BF5D03046FFF7B5FF50B90137BD42EA
:1016B00006F10806F3D188F310880120FFF70CFB30
:1016C000E8E788F3108800220260BDE8F081D0E9E5
:1016D0000501FFF7ABBF000001600349C0E9052326
:1016E000C0E90310704700BFCF1600000A4619B9C1
:1016F000D0E90501FFF79ABF011D00680AF0DFB9C4
:101700000146006810B104310AF0C0B9704700000A
:1017100038B58569044685B10A4B186843690133B9
:101720000CD00AF076F923696A68C11A8A4226BF8A
:101730009B181B1A00236B60206138BD83685B68AF
:101740009847F0E7FCED00008369084A10B50446AD
:1017500010682BB15A6821460AF0B1F9206110BD1A
:101760002146BDE810400AF091B900BFFCED000031
:101770008369002210B504465A60A06930B14368FD
:1017800023B90368A36163699847F6E72046BDE87B
:101790001040FFF7D9BF000070B505460C46EFF3C7
:1017A000108672B6FFF7B4FF05F118000368BBB9E5
:1017B00023600460AB69A34206D10F4B62681868CE
:1017C00029460AF07CF9286186F310880B4B1B68C8
:1017D0002BB10B4B4FF080525A60BFF36F8F70BD2F
:1017E00061685A68914203D3891A61601846DDE73F
:1017F000521A23605A60DCE7FCED0000100500205F
:1018000000ED00E070B504460D46EFF3108672B6A9
:10181000FFF77EFFA36904F118022BB92046FFF7FA
:1018200093FF86F3108870BD9D4202D01A461B6854
:10183000F3E72B681360002BF0D05A6869680A44FC
:101840005A60EBE7034B4161C0E90230002383613A
:10185000704700BF7117000038B1054B0A0901F04D
:101860000F019A5C5B5C027043700220704700BFFE
:10187000A0EC000088B1E9B1002340EA0102D207E0
:101880000DD5C2070FD5CA070FD5814222BF0A4620
:1018900001461046421A0AD199400846704740084E
:1018A00049080133E9E74008EBE74A0801460846E2
:1018B0001146E8E70146F0E72DE9F84306460D46F4
:1018C00014460AB9FFF752FA11462846FFF7D2FF2D
:1018D000A042F7D8A84239D8B5FBF0F1B4FBF0F23A
:1018E0000025B1FA81F44FF0004EC4F120002EFA29
:1018F00004FEC4F15F0C2B462C462F46DB1847EB49
:10190000070811EA0E0F18BF43F00103934278F164
:10191000000947464FEA44044FEA5E0E0FD39B1A74
:1019200068F1000744F00104002C0BDA3B4300D0BF
:101930000134C0F1200333713460BDE8F883002C1A
:10194000F2D1013801356545D8D1EFE700200446D2
:10195000EFE700000D4A10B5D2F83C4100230360C8
:101960001CB1D2F84441A14207D0D2F860315BB13A
:10197000D2F86831994207D101235B4203F0240376
:1019800003F59E731A44026010BD00BF08020020D8
:10199000F8B5054616460C4669B108B9FFF7E6F9F1
:1019A00003688B42FAD8426803EB02129142F5D2E7
:1019B000CC1A241101346B68A34201D800200AE03C
:1019C0002868314600EB0410270108F07AF8002857
:1019D000F0D128683844F8BDF0B593B015462F23F0
:1019E000009306460C46402302AA0B21284608F025
:1019F0006BF900281BDD2B685B7803F01F03013BAC
:101A000001259D400023ADB223600227216802AA70
:101A10003046FFF7BDFF206010B9384613B0F0BD67
:101A200083881D424FF00107F0D00027F5E7022719
:101A3000F3E7000070B5164CA36805460E4683B167
:101A4000E36801330BD104F110035B88B34208D182
:101A50001048294609F0DAFE18B1002314E0236982
:101A6000F3E7236F0BB9002070BD636F013314BF20
:101A7000A36F094B5B88B342F5D10848294609F0AA
:101A8000C5FE0028EFD068230833E018ECE700BF5C
:101A90000802002024020020800200208C02002086
:101AA0001FB514461A460378012B0AD10023CDE94D
:101AB00001314068069B039401A906F0C5FE04B0FD
:101AC00010BD4FF0FF30FAE70A4B10B50446186816
:101AD000436901330AD009F09CFF20F07F42626520
:101AE00020460621BDE8104008F02FBA83685B68E5
:101AF0009847F2E7FCED00001FB54268002A034654
:101B000011DB82687AB11068516801AC03C4906837
:101B10000021117001AA044603CA4FF0FF329860F9
:101B2000D9601C615A6004B010BD30B50368013B38
:101B3000012B97B004461CD8C56A042303609DB1ED
:101B4000502200210DEB03000AF086FD4FF0FF3319
:101B500015936368013314BFA36804F1080300936D
:101B6000002269462046A8472046FFF7C5FF00230C
:101B7000236017B030BD43685A1C012A13B50446D0
:101B800005D8204602B0BDE81040FFF7CEBF013BAC
:101B9000436040F6B831C3F104034FF4FA60994052
:101BA000984009F037FD014604F13400FFF79EFD2F
:101BB0002368022B0BD000230093D4E9021204F116
:101BC000140304F16000FFF76BFF0028D9DD02B0B9
:101BD00010BDF8B504682568002306460F4603606B
:101BE0002DB1204609F012FE4FF0FF3538B9A36938
:101BF00043B118343946204609F008FE00B134607C
:101C00002846F8BD0125FBE7014B0360FFF7E1BF64
:101C1000E402002010B586B01222002101A80AF0CB
:101C20001BFD0423009341F23363ADF8163000230B
:101C30000E481A46694606F0FFFC002810DB0C4BE4
:101C40000C4C1A6809480023C4E9003221460A4AAC
:101C500009F0C2FD01212046FFF714FD034610B92B
:101C6000002006B010BD5B689847F3E7E00B00204A
:101C700014050020280D0020252100002DE9F8433F
:101C8000184C06460F46154604F1D009A368FBB16F
:101C9000E368013314BF216904F1100104F108085D
:101CA0000B7803F00F03AB4212D12A4604313846B9
:101CB0000BF0F0FB60B9314604F11C0009F0A6FD01
:101CC00058B9E369042B0BD194F82030FF2B04D0D2
:101CD00068344C45DAD14FF000084046BDE8F8833F
:101CE000FFF744F8080200202DE9F74F994600233A
:101CF000CDE9003305461446036011B16846FFF78D
:101D000083FF2CB1214B0193214601A8FFF761FF0E
:101D1000DFF87C80DDE900AB00244FF0FF3647465A
:101D2000D8F83C312BB9264608F12408BCB9012467
:101D3000F6E7534502D0BAF1000FF5D1D8F840319B
:101D40005B4502D0BBF1000FEED1B9F1000F0AD113
:101D5000644204F0240404F59E743C442C60304634
:101D600003B0BDE8F08FD9F80010D8F854210B78F3
:101D700003F00F039A42D7D1002AD5D0043108F5D9
:101D8000A4700BF087FB0028CED1E1E714030020FC
:101D9000080200207FB51B4EB6F9004074BB1A4BF9
:101DA0001A481B4DCDE901431A4B009306222346E6
:101DB0004FF48B61FEF7D4FE30802846D0222146B6
:101DC00040F8084B0AF048FC3022214605F1DC00BF
:101DD0000AF042FC4822214605F59E700AF03CFCC0
:101DE0008022214605F5C2700AF036FC09F0EEFBB0
:101DF000C5F8D800B6F9000004B070BD6FF010004F
:101E0000FAE700BF8811002087E80000300D0020AD
:101E100008020020151C0000064BBFF35B8F53E83F
:101E2000000F421C43E800210029F8D1BFF35B8F6B
:101E300080B27047E00200202DE9FF47DDE90C6920
:101E400005460F4690461C4626B133782F2B01D00D
:101E5000FEF78CFF2F60FFF7DFFF824634B309F0F7
:101E6000B5FBCDE9004AADF80C00022303AA01211D
:101E7000286807F05FFF4246044603463946284675
:101E800007F0BDFF002C0CDD5EB1B9F1000F08D0EA
:101E90002F23009332464B460B21284608F025F8A5
:101EA000044604EAE47004B0BDE8F087CDE90040E0
:101EB000234622462146DBE72DE9F04F8FB0057817
:101EC00003930DF1140B89460021189B0591804660
:101ED000CBF80410C5F3011592460AB9FEF746FF88
:101EE0009DF86820012A4ED801228DF814206F4AEF
:101EF000069213B9002D40F0CF806D4E189301214A
:101F00003046FEF7A3FCB768189B3FB1326F22B191
:101F10003046FEF7D1FC002637E00127682202FB9D
:101F200007627C42536304F06804199B93630221A7
:101F3000916004F11C02534632440AF1180C1868EF
:101F40005968164603C6083363453246F7D19BE805
:101F50000300574B682607FB06621A4482E8030019
:101F600045B1012D00F08580682202FB0732002573
:101F7000956027E07E43B9F1800F1E4409D91846C9
:101F8000B560FEF799FC6FF0150630460FB0BDE85E
:101F9000F08F93F884213561002AE5D103F5C270F2
:101FA0004A46414630610AF0D5FE042240F6B83177
:101FB0004FF4FA60F260C6F8149009F02BFB01228E
:101FC0000546B2603A48FEF777FC394B682202FBBF
:101FD0000737BA68002A9ED008341C4401238DF8C4
:101FE0001430324B0693ACB104F13406002D56D0B8
:101FF00004F150072F4922463846FFF7FBFA2E49D5
:102000002E4A096830463B46FFF766FB29463046B4
:10201000FFF76CFB07AE1C22002130460AF01CFBC8
:10202000039B6BB1374603F1180C186859683A46A0
:1020300003C2083363451746F7D108238DF83430BF
:10204000009653464A4641465846FFF729FD061E6C
:102050009BDC4CB12046FFF74FFD1DB104F134006D
:10206000FFF74EFB0023236016F1800F7FF453AF80
:102070008BE706FB07364FF0FF32F260D8F800001E
:10208000D8F8041004F110021A4403C2D8F808006A
:10209000106041F2883595E71D461C469EE71C22DC
:1020A000294630460AF0D8FAB4E700BFE00B00201A
:1020B00008020020771B0000FCED0000280D002026
:1020C000F7B50E46002719461546134600973246C7
:1020D000044607F04AFE00280DDD636DE7810644E3
:1020E0002D1A6660A58113B1002003B0F0BD204613
:1020F000FFF7EAFCF8E74FF0FF30F6E710B50B46C4
:10210000802207490446FFF7DBFF014620B920463D
:10211000BDE8104007F028BF4FF0FF3010BD00BFF2
:10212000A80C00202DE9F047CA06B8B081464AD570
:10213000002514AF1C22294638460395A84C0AF006
:102140008BFA01238DF868302E460EAB0093019771
:10215000002303AA02A9484606F0DAFAB0F1000803
:1021600031DB0FD008EB0503802B88BFC5F1800859
:1021700004EB05000299424688BF012645440AF057
:10218000E9FDE2E7BC46BCE80F001BAC0FC4082326
:102190009CE803008DF88430149B042B84E8030032
:1021A00014D19DF854308E49CDF824901BACFF2BF0
:1021B00008BF44462A46012322A88DF8203007F0A4
:1021C000E1FC002804DA38B0BDE8F087FEF7CEFD68
:1021D000229A137803F03003302B56D151880EA881
:1021E000FFF728FC054628B13430FFF789FA284666
:1021F000FFF79BFC229B0EA906A8B3F80280FFF70D
:1022000003FD069D002D40D07648D0F83C1198FA89
:1022100098F2002392B2079329B1A94203D1B0F8F2
:102220005011914209D0D0F8601169B1A9420BD187
:10223000B0F87431934207D101235B4203F02403C9
:1022400003F59E7303440793DDF81C80B8F1000F7B
:102250001BD04FF000094B46D8F80420C8F8009076
:1022600049460AA8FFF740FD0A9B1BB9D8F804307D
:10227000C3F8009000231A46C8F80490294607A81E
:10228000FFF732FD079B03B92B6022994A784FEA8A
:102290005218B8F1020F20D01AD8B8F1000F92D11D
:1022A0000B78002A6ED113F0300FC3F301154ED115
:1022B0000321229A137823F0300343EA011323F019
:1022C0000F030021137051700EAB009404226BE1D8
:1022D000A8F10403012B3FF676AF11F8042B0EA8EA
:1022E00002F00F02FFF7CAFC229B0546002800F00F
:1022F00062811A7812F0300FC2F3011300F0598195
:10230000013B012B3FF65FAF4FF0FF37AB6C1BB1CA
:1023100005F13400FFF7F4F9002E0CBF0323062368
:102320002B60EB6A379E1BB10EAA22A9284698475C
:102330002846FFF7E1FB013602D0B8F1020F01D0C9
:1023400000232B6001373FF43EAF0221B1E7022D9D
:102350007FF439AF49880EA8FFF76CFB04460028CC
:102360003FF431AF436801333FF42DAFC36A0560DA
:10237000002B7FF428AF3430FFF7C2F92046FFF777
:10238000D4FB20E79B063FF51EAF26B18D2122A886
:10239000FFF7B4FE7CE0DFF84C80CDE90466CDE9C0
:1023A0000666D8F804504FF0020955B9B9F1010F8B
:1023B0003CD0B9F1020F3BD0B9F1000F17D0A021EA
:1023C000E5E76B690A9622AA0AA9284698470228D7
:1023D00001D12D69E9E7012806D12D698146E4E79D
:1023E000A80C0020080200200028E8D10A9D2946F8
:1023F00007A8FFF7AFFADDF8DC90B9F1000F40F065
:102400009F8022AB4A460EA906A8FFF76DFCDDE9C6
:10241000063A0646BAF1000F3ED05BB19A4515D098
:10242000CDF818904FF0FF3337930FE08521AEE7DA
:102430008421ACE79AF81C30012B2FD1DAF8001078
:102440000EA809F0E3F948B3CDF818A0069B8BB1AC
:10245000229F9D603A78DDE9080102F00F0203F146
:102460001C069A6186E8030022B1391D03F10C00B5
:102470000AF070FC0EABCDE90B3401230A950D93E5
:10248000AD6852490AAB802222A8A847002896DBF3
:1024900000283FF498AE84E0002BD7D1379B01335E
:1024A000D4D0002EBEDBBAF1000FBBD10EA904A818
:1024B000FFF7AAFB049B33B90028A1BF182303FB35
:1024C0000080DC300490424B0593214605A8FFF7BD
:1024D00080FB059B3BB90028A1BF182303FB0083A9
:1024E00003F586730593049A002A9BD0DDF814C087
:1024F000BCF1000F96D00DF1380996464B4603CB40
:10250000BB42CEF80000CEF8041099460EF1080E3A
:10251000F4D1A646674604F11809734603CB4B4530
:10252000386079609E4607F10807F6D1242373438B
:1025300003F59E7141444344C3E94F2C069185E75E
:10254000B9F1010F27D122AB00220EA906A8FFF78F
:10255000CBFB069FDFB100233B601A460EA90AA8F9
:10256000FFF7C2FB0A9E36B90EA904A8FFF74CFB81
:10257000049B03B11E60002319467A680AA8FFF77E
:10258000B3FB0A9B0BB97A68136000237B604FF0A2
:10259000FF3337936EE7B9F1FF3F3FF46BAF4FF076
:1025A000FF3000940EAB0246084908A8FFF778FAFE
:1025B00009E60227AAE61B7813F0300F3FF478AE45
:1025C000379B01337FF474AEFDE500BFA80C0020FB
:1025D00014030020282A2DE9FF4105460F4601D0AB
:1025E000FEF7C4FB164B01925C680123ADF80C307A
:1025F00000261CB9304604B0BDE8F081E36823B181
:10260000002362680293934201D32469F1E72068B2
:10261000D4F80C8000EB031001AB75B1BA1BA919FB
:10262000C0470028F1DDBDF80C3023F00103ADF800
:102630000C30029B06440133E3E72A462946EFE7C4
:1026400008020020F8B504461E464523FFF738FD72
:1026500028220C21204607F078FC0121204607F0B3
:1026600083FC054630466768A48907F092FC28225F
:10267000C3B221463846FFF7ADFF2844F8BDF8B590
:10268000048906460F46154600200DB1B54218D103
:1026900032897168002306F0F0FE04F13A03034426
:1026A000B3F5803F24BF013080B2796820443A30CE
:1026B00000232022083180B206F0DFFEC04380B242
:1026C000F8BD23462A89696806F0D7FEAB682D68F5
:1026D00023449CB2D9E72DE9F8430E4681460321F5
:1026E000304603F09DFD044608B9FEF73FFB02218A
:1026F00003F096FD07460028F7D0A368032B05D802
:1027000030460021BDE8F84303F092BD0146324651
:102710002046D4F80480FFF7B2FF0028F0D198F8E3
:102720000050892D0FD8842D11D8802D16D098F8FF
:102730000010334640F20122032002F077FA00280D
:10274000DED0BDE8F8836335EDB2012DEFD8A36884
:1027500079684246484601F081FCE8E723897968B8
:102760004246484600F048F8E1E738B50D461446C1
:1027700000211A46032303F09DFE28B1436800227E
:102780001D705C709A70DA7038BD10B5044660B187
:1027900090F91030032B0BD10268FFF770FF50B196
:1027A000636840BA5880002010BD6FF00D00FBE751
:1027B0006FF04C00F8E76FF00100F5E72DE9F0410C
:1027C000DDF81880154600220E461F46014608F126
:1027D00008031046FFF7C9FF044650B1406876BAB7
:1027E0006DBA8680C58027B14246394608300AF066
:1027F000B1FA2046BDE8F08173B506460C46002AC2
:102800003ED0072B3CD99188D088083B40BA49BAC2
:10281000009389B202F1080382B28120FFF7CEFF54
:10282000054668B3237EFF2B04F1080214BF04F1B0
:102830001801002100F055FB044610B90146284656
:1028400009E000231A461946184603F007FA054620
:1028500030B90146204602B0BDE8704003F0E8BC44
:1028600043680EB1B6F966615E8006492C602B465E
:1028700040F20222022002F0D9F901460028DED0FF
:1028800002B070BD0000FFFF002103F0D1BC0000CA
:1028900008B5044910220AF0FDFDB0FA80F04009A5
:1028A00008BD00BF26ED000010B50A490822044605
:1028B0000AF0F0FD48B12378FF2B08D1607800F0D2
:1028C0000F00831E5842584110BD0120FCE7002034
:1028D000FAE700BF16ED000070B51E46CBB200212E
:1028E00015460246084603F0B9F9044620B92846C1
:1028F000FFF7CAFF204670BD43681E710560F9E707
:1029000038B50B680C46054608B9FEF72FFA4A6839
:10291000B0F86611518000224BB9B5F8A03093424F
:1029200009D220467A21BDE8384003F081BC99687D
:102930001B680A44F0E7284602F026FB60B10B4909
:10294000234640F20222012002F070F968B92046C5
:10295000BDE83840FFF798BFB5F9660140F20222A2
:10296000214602F058F90028F1DD38BD0000FFFFD4
:102970002DE9F8430E46D1E9001405460A46002326
:102980002ABB5BBAA380A379FF2B02D119BB3B23DF
:10299000A371E37913B94DBB4023E37104F1080738
:1029A0003E49102238460AF075FD04F118098046A8
:1029B00078BB4846FFF76CFF0246D0B11022414673
:1029C000384609F049FE0123E37534464FE090682C
:1029D00012680344D4E70B7C023BDBB2022BD6D84F
:1029E0002F4AD35CA371FF2BD3D1D0E795F8643184
:1029F000D3E74946284602F0F7FC03460028E4D016
:102A000000F1100253F8041B47F8041B9342F9D15C
:102A1000DBE7284602F0DDFA4846FFF739FF98B1B8
:102A20000024284602F0DCFA002CCED003213046E8
:102A300003F0F6FB28B143681B7803F0FD03852BF8
:102A4000C3D06FF07C0022E03946284602F0B8FC83
:102A50000028E5DB2844047D04F01F04103C18BF67
:102A60000124DEE703F042FD98B12060044694F9AA
:102A70001030022B02D120680028F3D131462046C5
:102A800003F0BDFB002807DA831C08BF0020BDE867
:102A9000F8836FF00B00FAE70020F8E736ED00004E
:102AA000C0EC000080B590B01022002105A809F00C
:102AB000D3FDAD4B0693AD4BAD481B88ADF8203030
:102AC0000821FDF7B3FE05A9022003F03FFBA94F43
:102AD00040F20523ADF80E3001A8FDF7A4FEBDF8C5
:102AE0000620B2F5017F2CD840F202239A4200F270
:102AF000B48140F201218A4239D09A42ECD1029E3F
:102B000096F91030013340F0EF8074688CB3B4F95B
:102B1000020002F053FA0546304694F8048003F0B0
:102B2000E5FC08F03F08014600283DD003F0AAFB71
:102B3000064696F91030022B00F0DA801621304656
:102B40004DE0A2F59F43403B9BB2152BC4D88A4968
:102B5000012098400140002940F08781152B00F0AA
:102B60008981142BB8D1029801F024F9B4E7029EB0
:102B70000EB9FEF7FBF84FF0FF31304603F050FB83
:102B8000054638B14368002BF3D0B3F9020002F0D8
:102B900015FA054673683BB1B268272A04D91B7839
:102BA00003F0F003602B01D030460EE0304603F016
:102BB0009DFC04460028F7D00222282103F0B8FC2F
:102BC00000232374034618B92046FFF75DFE83E710
:102BD000D0F8048098F8072022B97421204603F029
:102BE00027FB79E7B8F8041098F806608AB249BA6A
:102BF00089B20AB93B2EE7D19C42A2685AD08A42D8
:102C000057D9204603F0FCFC08F118084046FFF7AE
:102C10003FFE70B94046FFF747FE08B1002D58D17E
:102C2000404602F0BDFC0546B0FA80F0400900289D
:102C3000CAD1292E51D03A2E51D0A6F111025342B9
:102C400053419B0023743146022003F0C0FA002850
:102C500001DC3A2E45D10121204603F0A1FB4FF0C3
:102C60000108414994F91000234640F2012201F085
:102C7000DDFF10B92046FFF707FEB8F1000F10D0B6
:102C80003A2E03D10121204603F08AFB234640F26D
:102C900001223146022001F0C9FF10B92046FFF79A
:102CA000F3FD3A2E7FF418AF21462846FFF713FDB7
:102CB00012E7234600209A68104493F91020022A54
:102CC00002D01B68002BF6D1283888429CD21621EE
:102CD00084E7404602F064FCA6E70223B2E7032340
:102CE000B0E74FF00008BCE74FF00008454620E78A
:102CF00070681022394618300AF0CCFB00283FF4E7
:102D00001DAF304603F0F2FB044600283FF44CAF01
:102D10004668337EFF2B54D185BB02F042F9002870
:102D20003FF452AF411E204603F03AFB48F0400802
:102D3000284602F034F9054600283FF4CDAE20467F
:102D400003F0D4FB064600283FF43EAF0146284678
:102D5000FFF70EFE002827DAB4423FF435AF3046C5
:102D6000FFF792FD30E700BF0000FFFFA005002045
:102D70008C11002036ED0000EFFB060001462846CE
:102D8000FFF7F6FD0028FFF61FAF002148F04003D3
:102D900022460846FFF7A0FD014600283FF49CAEFE
:102DA0002846FFF7ADFD97E6002108464346324628
:102DB000FFF792FD01460028BAD02846FFF7A0FD94
:102DC000B6E71836304602F0EBFB8542814606D066
:102DD0003046FFF769FD002818BF4FF00009304664
:102DE000FFF756FD10B9B9F1000F17D0214648463C
:102DF000FFF7BEFD0028FFF6E7AE204603F05AFAC3
:102E000000287FF4E1AE1D49234640F20122022052
:102E100001F00CFF00287FF45FAED5E609AB224637
:102E20002946304601F038F80028FFF655AEBDF8C7
:102E30003C00C0F3041002F0C1F8054600283FF43E
:102E400098AE2146FFF794FD0028FFF6BDAE9DF831
:102E50003E10434622460DA89CE76FF0850303A968
:102E600001A80493FDF7B6FC36E60298114601F07E
:102E7000B3FB31E6029800F0C7FF2DE60000FFFF2C
:102E80001FB50A4CB4F900305BB9094A0948CDE9CD
:102E90000132094A00924FF470710422FDF760FE7E
:102EA0002080B4F9000004B010BD00BF8A110020DA
:102EB0009FE80000CC110020A52A000008B50221DF
:102EC00003F0AEF960B143680BB9FDF74FFF8268BC
:102ED000272AFAD91A7802F0F002602AF5D11846AA
:102EE00008BDF8B50C46174602232822002103F03E
:102EF000E1FA064608B3456805F10800FCB1214631
:102F000004F1100351F8042B40F8042B9942F9D135
:102F100005F11800C7B1394607F1100351F8042B29
:102F200040F8042B9942F9D1602200232A70FF2235
:102F30006B70AB70EB70AA71EB713046F8BD10226C
:102F4000214609F089FBE3E71022394609F084FBAA
:102F5000012385F82730E7E7F8B5044615460E4605
:102F600009B90020F8BDD1F8A470FA04F9D51949BF
:102F700008220AF08FFA38B12378FF2BF1D1637859
:102F800003F00F03022BECD1FB0701D4FDF7EEFE9B
:102F900096F8650105F1100204F1080106F08EFCB7
:102FA00010F0FF00DDD0A8762B4604F1100254F893
:102FB000041B43F8041B9442F9D1B6F866311B0197
:102FC00003F4F87343F4806343F006032B8301207A
:102FD000C8E700BF16ED00002DE9F843054602F0F2
:102FE000DFFA0446002859D001F0F3FFB4F9661166
:102FF000002000F065FB002843D00368B4F9661197
:103000009A8EC2F30412914201D0FDF7AFFE043351
:1030100018462A46214600F0FCF82946204602F0D0
:10302000CFF90028F1DB21180B7D03F01F02102AD5
:1030300031D003F00702013A012A27D80133D4F82E
:1030400098800B75050105F17806154B1548B3F905
:10305000009026443146FEF7D5FB05F116076019AE
:103060000023C0E91E38274444F6CF73A0F882300D
:10307000C0F88470A0F8809031460A48FEF78CFBB7
:1030800004E084F89C00204601F060FA2046BDE888
:10309000F84301F0A5BF4EF66028D3E7BDE8F883FA
:1030A0008A1100208C1500202DE9F3470D461F469C
:1030B000044608B9FDF75AFED0F8A430D90403D469
:1030C000042002B0BDE8F08779780229F8D112789F
:1030D000882AF5D1DB07F3D590F8C0206B4600F1C4
:1030E000B80102F02DFD0828EAD1DDE90002B96837
:1030F000FB689A4208BF8842E2D1BB78012B41D0DD
:10310000022B45D0CBBB05F118012046FE8802F00A
:1031100057F900281FFA86F8D2DBB8F5807F2ED049
:1031200076BAB6B24EF660235E43A6F56A46603EB6
:1031300022180501137D254823F01F0343F01003D7
:1031400005F178081375A044214B4146B3F900A05E
:1031500005F11609FEF756FB60190023C0E91E367B
:10316000A14444F6CF73A0F88230C0F88490A0F850
:1031700080A041461548FEF70FFBB878A1E747F25B
:103180003056D5E705F11801204602F0D5FAF4E7EC
:10319000B4F9661105F1080000F092FA064600281D
:1031A00088D000F055FA002000F074FA28B984F8AD
:1031B0009C00204601F0CAF9DFE73368002B3FF49A
:1031C00079AF05F11800FFF707FFD6E78C1500204F
:1031D0008A11002013B58A784878412A34BF022327
:1031E0000323984212D1CC88C87864BAC0F3001384
:1031F000A4B200930831234600F00F0003F028FC2E
:103200004EF6602303FB04F002B010BD4FF0FF3018
:10321000FAE7F0B5074685B015461E460C4609B9D3
:10322000FDF7A4FDB1F96611002000F049FA45B39D
:10323000D4F8A430DA0424D518B30068B4F96621B0
:10324000838EC3F304139A421BD13146043006F037
:1032500057F9B0B1D4F8A430DB0710D594F8C020EA
:1032600002AB04F1B801204602F06AFC082806D13E
:10327000002302AA0F21184605F049F810B905B03D
:10328000F0BD0020009033462A462146384601F022
:1032900073FBF4E72DE9F04117469846054608B957
:1032A000FDF764FD01F10806B0F96611304600F043
:1032B000AFF8044628B190F8363013F0010F08BF7C
:1032C0000024D5F8A430DA07EAD595F8650141461F
:1032D00006F00AFB00281ADB74B9B5F9661103225F
:1032E000304600F0E5F8044688B13B78872B02BFF2
:1032F000838E23F00803838694F83630DB0706D5E7
:103300003B78862B05D1A38E43F00803A386BDE846
:10331000F081872BFBD0A38E23F00803F6E730F96A
:10332000081FFDF7FBB9000008B5044910220AF098
:10333000B1F8B0FA80F0400908BD00BF36ED0000DA
:10334000054A106838B10368984219BF1A680260CC
:1033500000211160184670477C17002090F8361045
:1033600011B9382209F078B9704770B50446104693
:103370000E461546FFF7F2FF4CB123462A1D04F115
:10338000100153F8040B42F8040B8B42F9D11F2EA5
:1033900001D9FDF7EBFCAB8E23F4F87343EA061179
:1033A000A98670BD01490248FEF74CBA1F330000E0
:1033B0008C1500200148FDF753BD00BFA815002063
:1033C0000148FDF751BD00BFA815002070B50F4C96
:1033D000A38EC3F30413994205460E460FD150B98C
:1033E000201DFFF7A1FF50B12846084A3146FFF7DC
:1033F000BCFF064870BD211D06F082F8F3E794F883
:103400003630002BF0D00020F4E700BF4417002036
:1034100008B50B46014638B9FDF7A8FC0A4806F086
:103420006FF878B109480EE0084A92F8360048B1C2
:10343000928E12F4F87FC2F30410EFD0002BEDD07F
:103440008342EBD0002008BD48170020441700201D
:1034500010B590F8363023F0010300F1240180F814
:10346000363004461048FEF7CDF910490A6822B1FB
:1034700013689C4206D1FFF763FF2046BDE8104069
:10348000FFF76CBF13461B681868844202D09A424B
:10349000F9D1F2E7002BF0D022681A600A68944252
:1034A00008BF0B60E9E700BF8C1500207C170020E7
:1034B0002DE9F8438846074608B9FDF757FC02F0A6
:1034C00007052B1F022BF8D9FFF780FF002839D101
:1034D000FFF736FF814660B3284E044694F8363035
:1034E000012B29D8A38E03F4C0632BBB2046FFF722
:1034F000AFFF384622464146FFF737FFA38E2B43E6
:10350000A386012384F8363020463368B3B11B68A4
:10351000236033681C60346060B9FFF711FF814598
:103520000446DBD133685BB11B6803603368186005
:1035300034600020BDE8F8830020E6E72460EAE775
:103540002060F5E790F83630DA0708D4828E22F052
:103550000702154343F00103858680F8363003687F
:10356000002BE7D1054B1A682AB1126802601A686D
:1035700010601860DEE70060FBE700BF7C170020EA
:1035800070B50C46054600B109B9FDF7EFFB0A46D8
:10359000031D00F1140153F8040B42F8040B8B4295
:1035A000F9D1A88E2083C0F3041001F007FD104963
:1035B00006460822204609F06DFF38B12378FF2B1C
:1035C000E3D1637803F00F03022BDED1002EDCD0B1
:1035D000D6F8A430DB0705F10C0104F11002D4D5B4
:1035E00096F8650106F06AF90028A8BFA07670BDBC
:1035F00016ED0000F8B5154E346807460D4694B137
:10360000A38EC3F3041399420BD1211D05F078FF5B
:1036100038B194F8363043F0080384F836300B485C
:10362000F8BD0020FCE7FFF7D1FE0246306000281D
:10363000F7D029463846FFF798FE326892F83630C0
:1036400043F0080382F83630E9E700BFB0150020E8
:10365000036810B504468BB1011D0C48FEF7D2F883
:10366000206890F8363023F0080380F83630FFF7F2
:1036700075FE14220021204608F0EEFF044B1A6864
:10368000A24204BF00221A6010BD00BF8C150020AA
:103690008017002028B11430074A904203D300203D
:1036A00070470648F8E703681BB193F83630002BE3
:1036B000F6D11430F1E700BFC4150020B01500208A
:1036C00010B520B10D4B1C682CB900200FE000296B
:1036D000F8D1FDF74BFB21B1A38EC3F3041399423C
:1036E000F3D128B994F836301B07F2D5034810BD42
:1036F000211D05F005FF0028E7D0F3E7B0150020F5
:1037000010B5124C2168B1B10B689B8E03F0070312
:10371000013B012B0DD80020FFF7BCFF68B908461C
:10372000FFF7B8FF01B110B90020FFF7B3FF206029
:103730000146084610BD0846EEE703689B8E03F07D
:103740000703013B012BF2D8E6E700BF80170020FA
:1037500038B50C46054610B1036803B109B9FDF749
:1037600005FB10220021204608F076FF114A12685E
:103770000023AA4284F8203008D12B689B8E03F0E6
:103780000703013B012B94BF0023012384F8213060
:103790002B6804F110011A1D143352F8040B41F880
:1037A000040B9A42F9D12B689B8EC3F304136384F4
:1037B00038BD00BF801700202DE9F84F0546894627
:1037C0001F4690463AB11046FFF7AEFD044610B9C9
:1037D0007B1E7F2B01D9FDF7C9FADFF8E4B08246E2
:1037E0009BF82420DBF80060DAB9002C08BF5C46A7
:1037F0000AF1010ABAF1080F0BF1300BF0D174B1E4
:103800002368002B45D149462846FFF7DFFD0146D6
:10381000206000283DD13022204608F01DFF002402
:103820002BE09BF825209742E2D141460BF10400A2
:1038300005F07CFE8742DBD8002ECCD0B28EC2F3DE
:1038400004129145D4D104363046FFF76DFDB8B16E
:103850003DB105F1100255F8041B46F8041B9542D2
:10386000F9D1302202FB0AF2154B995891F8362013
:1038700042F0400281F836205C462046BDE8F88FD1
:10388000002DB5D03146284605F03AFE0028AFD0CD
:10389000DFE7226849462846FFF767FD2046FFB26A
:1038A00050F8042B92F8363043F0400382F836305B
:1038B00041463A4605F059FE84F82570DDE700BF21
:1038C000C415002010B590F824300446FBB90068F8
:1038D000D0B920463022BDE81040002108F0BCBE1F
:1038E0003033013A04D09C42FAD019688842F7D1AB
:1038F000074A9342EDD390F8363023F0400380F826
:103900003630FFF72BFDE4E7024B0922E9E710BD53
:1039100044170020C415002028B13030064B9842CF
:1039200003D3002070470548F8E790F82420002AC8
:10393000F8D13030F3E700BF44170020C415002051
:1039400038B50B4610B1026802B109B9FDF70EFA9D
:10395000021D00F1140452F8045B41F8045BA2421A
:10396000F9D190F8252083F82020002183F8211038
:103970000268948EC4F304145C8490F82400042834
:1039800003F1100004D1BDE83840102208F064BEF5
:10399000131D143253F8041B40F8041B9342F9D151
:1039A00038BD00002DE9F8431646074600B10AB9B4
:1039B000FDF7DCF9184D0024A04605F5C07995F80F
:1039C00024305BB13946281D05F0B0FD404505D9CE
:1039D00095F8253083429CBF80462C4630354D45B6
:1039E000EDD134B194F82430042B0FD1E38CDB07F4
:1039F0000CD4FFF785FE18B944B96FF0710003E0ED
:103A00003146FFF7A5FE0020BDE8F8833146204689
:103A1000FFF796FFF7E700BFC415002010B5044676
:103A200000F114010648FDF7EDFE94F8243023F070
:103A3000040384F824302046BDE81040FFF742BF5D
:103A40008C1500202DE9F843044600F114011748B5
:103A5000FDF7D8FE2368988EC0F3041001F0AEFA8B
:103A60000546D8B100F1160604F10409494630466E
:103A700094F8257005F05AFD05F12608874249465D
:103A8000404694BF94F82570002605F04FFD87420C
:103A900009D91EB13146284601F04EFE2046BDE848
:103AA000F843FFF7BBBF4646F4E700BF8C15002084
:103AB0002DE9F8431F4613460A4601460020089E9A
:103AC000FFF77AFE044600283DD090F82430B74234
:103AD00043F0040380F8243001D2FDF747F907EAE8
:103AE0000605681C36D01D4B1868436901332DD07C
:103AF00007F08FFF711C05461CD0194B1948B3F90C
:103B0000009004F114084146FDF77CFE0023C4E94F
:103B1000053644F6CC731348E3832462A4F81C9062
:103B20004146FDF739FEB21C04D07319013308BFBA
:103B300001362E44FB1C0FD87B19013308BF013717
:103B40003D44C4E90A562046BDE8F88383685B68B3
:103B50009847CFE72E46F4E73D46F2E7FCED00003C
:103B60008A1100208C15002010B50A4B9B69024673
:103B7000002013B94FF0FF3010BD5C6820445C8911
:103B80008C4204D1002AF7D0DC689442F4D01B6840
:103B9000EFE700BF8C150020F0B5044685B00E4657
:103BA000174600211022684608F056FDD4F8A430CC
:103BB000D90406D4B4F96611234809F0A9FC05B06C
:103BC000F0BDDA07FBD594F8C02002AB04F1B801D0
:103BD000204602F033F80028F1DB3A4631466846C9
:103BE00005F0C3FC6946204601F0EAFB051E29DA10
:103BF00007233A466946204601F046FB051EDEDBF8
:103C00000127D4F8A430DB04D9D510490822304666
:103C100009F040FC38B13378FF2B0BD1737803F0F7
:103C20000F03022B06D16219137D23F01F0343F00B
:103C300010031375002FC2D004EB05101630FFF7E8
:103C4000CBF9BCE70027DCE7A4E8000016ED000094
:103C500010B50A490822044609F01CFC48B1237833
:103C6000FF2B08D1607800F00F00831E58425841A6
:103C700010BD0120FCE70020FAE700BF16ED0000B0
:103C8000002102F0D5BA08B5FFF7C2FB28B190F8C1
:103C9000363013F0010F08BF002008BDF8B5044608
:103CA000174606981A460D46A9B191F865310A2BB8
:103CB00011D1134604F1100154F8040B43F8040B1E
:103CC0008C42F9D1B5F866311B011383002393763A
:103CD00001263046F8BD78B929462046FFF73CF961
:103CE00006460028F4D1D5F8A41011F4805107D06D
:103CF0003846FFF7C5FFECE71146FFF741FCE7E761
:103D00000DB1B5F9661102222046FFF7D1FB00285C
:103D1000EED0002FDDD07621384602F089FAD8E7C0
:103D200038B505685DB195F836301B0707D5FFF744
:103D30008FFC00242046FFF7EFFD044600B938BD94
:103D400023689D42F6D1FFF7BDFDF3E72DE9F84367
:103D5000DFF834801F460B4B144605460E4640469E
:103D60001146B3F90090FDF74DFD0023C4E900377B
:103D70006681E560A4F8089021464046BDE8F84316
:103D8000FDF70ABD8A1100208C15002038B5084CBB
:103D9000FFF710FBA16929B10D682046FDF732FD40
:103DA0002946F8E7FFF7FEFABDE83840FFF708BB01
:103DB0008C15002038B5044608B9FCF7D7FF00255C
:103DC00001F007F90E49A4F89C50204601F0FFFBD2
:103DD000402220460B49FFF7DFFE4FF47A71284658
:103DE00007F018FC04F16802034644F6C37120464C
:103DF000FFF7ACFF2046BDE8384001F0F1B800BF46
:103E0000F6EC000016ED000038B5044608B9FCF7E2
:103E1000ADFF01F0DEF804F11605104804F1680169
:103E2000FDF7F0FC2846FFF713FF18B1294620469E
:103E300001F082FC04F126052846FFF709FF18B1BE
:103E40002946204601F078FC2046054901F015FC82
:103E50002046BDE8384001F0C3B800BF8C150020F3
:103E6000F6EC000010B5044608B9FCF77FFF01F03E
:103E7000B0F84FF47A73C4F8983094F89E3043F059
:103E80000103204684F89E3001F078FE2046BDE80C
:103E9000104001F0A5B800002DE9F0470C468CB0A9
:103EA000054608461746994601F093F8FFF782FA4F
:103EB000002C3ED0B4F966112846FFF7E4FE064612
:103EC000002838D0B0F83480C8F304182846FFF72B
:103ED000BFFE00285FD1B8F1000F5CD0204601F092
:103EE0007FF8404601F06AF80446FFF769FA204679
:103EF00001F06FF8FFF75EFA002C4ED0B4F96611AE
:103F00002846FFF7C0FE064600964B463A46214635
:103F10002846FFF7C3FE00280CBF6FF07506002689
:103F2000FFF74EFA204601F05BF830460CB0BDE8D2
:103F3000F0872146C0E72846FFF78AFEB0460028F2
:103F4000C4D1B2465046FFF7E7FC824678B9B8F1D3
:103F5000000F2BD098F824305A0727D5B8F8263010
:103F6000DB0723D5D8F80030B3F83480ACE70AF18A
:103F70000401284605F0DAFA9AF825309842E1D390
:103F8000B8F1000F05D098F825209A4238BFD046E6
:103F9000D8E7D046D6E7002CB6D11FB176213846F7
:103FA00002F046F96FF075060024B9E703AA394616
:103FB0002846FFF7F7FC061E35DB2749102207A825
:103FC00009F068FA78B976BB2846FFF741FE50B38E
:103FD00007AA05F1100C28686968134603C3083561
:103FE00065451A46F7D1BDF82E3024BBBDF92E0029
:103FF00000F0E4FF0446FFF7E3F9204600F0E9FF94
:10400000FFF7D8F924BB214607A8FFF73CFE4B4633
:1040100000903A46214607A8FFF740FE002808BF57
:104020006FF075067CE71FB17221384602F000F987
:104030006FF0710674E7B4F966219A4208D0204601
:1040400000F0CEFFB4F96621BDF82E309A42CDD1F2
:10405000B4F96611D8E700BF36ED00002DE9F04F46
:104060000F4689B015469846044608B9FCF77EFE0F
:1040700000F0AFFFFFF79EF92B78872B00F05481FB
:10408000882B00F01D82862B40F0AB8107F10809D8
:104090004846FFF7DDFD002800F0A381FB79FF2BE8
:1040A00040F09F816B78002B40F09B81B8F10F0F9F
:1040B00040F29781D4F8A430DA0407D4EB885BBAD5
:1040C0009BB242F22832934200F28B81A8F1100B8E
:1040D00005F1100632465B46002B59D1B5F8068033
:1040E000B4F966111FFA88F34846002B5CD0FFF73D
:1040F00081FA8146002800F0748198FA98F84FF40C
:104100007A731FFA88F803FB08F84346021D44F649
:10411000CD71FFF71BFE2B790BB184F86431EB688E
:1041200013B11BBAC4F89830B9F1000F13D0D4F80A
:10413000A430DB040FD5237D13F0EF0F03D004F17F
:104140001600FEF749FF637D13F0EF0F03D004F173
:104150002600FEF741FFBBF1000F2FD1B9F1000F90
:1041600000F03F8104F16805A2482946FDF74AFBAB
:10417000D4F8A430DE0440F134814FEA980303EB15
:1041800043032A4644F6C3712046FFF7DFFD28E1CA
:104190009845C0F026815178002900F02281A3EBD8
:1041A000C10302EBC10297E7FFF78AFA08B1FFF7F4
:1041B000B7FD4FF0FF384FF00009ACE73378052B1F
:1041C0001BD009D8012B11D0032B24D07378ABEB73
:1041D000C30B06EBC306BEE7222BF7D131462846B8
:1041E000FEF7F8FF804528BF8046EFE733462A46B2
:1041F00039462046FFF74EF8E8E77378012BE5D102
:104200002B78862BE2D173681BBAB3F5A06FDDD390
:10421000A4F8A030DAE773680493B3680593737861
:10422000042B05D04FF0FF33984528BF9846CDE7C3
:104230002B78862BF6D106F1100318460293FFF770
:1042400007FD0028EED1049B059A1BBA92FA82FA68
:104250005345E7D3D4F8A410F278C80401D5110669
:10426000E0D4500606D5B278029903932046FFF7B2
:1042700093FC039BF2783F2AD4D9B27803927268F8
:10428000E2B9924613E09AF8243059070FD59AF80C
:104290002530039A93420AD102990AF1040005F0ED
:1042A00045F9039B984202D35046FFF7CBFB50469B
:1042B000FFF732FB82460028E5D1B3E7049A0132CA
:1042C00007D04D4A93429ABF4FF47A7253436FF02E
:1042D0000103059A013208D0474A92459ABF4FF42C
:1042E0007A7202FB0AFA6FF0010ACDF800A0DDE94C
:1042F0000212B4F966010493FFF7DAFB002891D0AB
:1043000096F90320F178049B002ABEBFC28C42F0CC
:104310000102C2844A0642BFC28C42F00202C28439
:10432000534528BF53467FE7FB79FF2B59D16B7864
:10433000002B56D1B8F1170F53D92B7AFF2B50D041
:1043400007F108092D491022484609F0A3F838B9A9
:104350002B490D2207F1180009F09CF8002840D1E4
:1043600005F1080B5946204601F02AF8031E029376
:1043700037DBA8F1180605F1180A5246334673B91F
:104380001E4903931022484609F084F8039B78B92C
:1043900000934A462146584600F04AFB21E09845E2
:1043A0001FD35178E9B1A3EBC10302EBC102E6E7E9
:1043B000D4F8A430D80705D4B4F9661103224846CE
:1043C000FFF776F8F6B9029B23441B7D990670D55A
:1043D000B4F966115846FFF756FC054618BBFFF7BF
:1043E0004FFCFEF7EDFF204609B0BDE8F04F00F0AE
:1043F000F7BD00BF8C1500203789410036ED000065
:1044000006ED00009AF80030012B05D153462A46EC
:1044100039462046FEF73EFF9AF80130A6EBC30668
:104420000AEBC30ACEE73B7EFF2B1FD194F8C07086
:1044300004F1B8013A4606A808F08CFCB7B1324640
:10444000394606A800F08DFA06460028C7D040215C
:104450003246584600F024FA074648B14A46002141
:10446000FEF73FFD804628B93846B8E76021EFE700
:104470003046B4E74368FF22DA7100231A46194632
:10448000184601F0EBFB064608B94046A7E743682B
:10449000B4F866215A804FF47A71C0F80080002089
:1044A00007F0B8F805F12402034644F6C27130461D
:1044B0006BE63B7E0096A3F1FF025342534168E74F
:1044C000FB79FF2B8DD16B78002B8AD1B8F1170FB8
:1044D00087D92B7AFF2B84D03B7EFF2B03D12B79FE
:1044E0005B063FF57EAFA8F1180905F118063246C4
:1044F0004B46F3B9B4F9661105F10800FFF7C3FBA9
:10450000804600283FF46DAFB9F1000F3FF469AF6A
:104510003378212B07D1CDE9006833462A46394646
:104520002046FEF7C1FD7378A9EBC30906EBC3066D
:10453000EAE79845FFF455AF517800293FF451AFB1
:10454000A3EBC10302EBC102D3E700BF38B50446B9
:1045500000F03FFD44F6C3712046FFF705FBD4F899
:10456000A430DA0423D594F89C30022B42F2107563
:104570000AD9033B4FF47A6202FA03F31D444EF664
:1045800060239D4228BF1D46A8420BD911492046F1
:1045900000F0D2FA94F89C30092B0BD9D4F8A4304F
:1045A000DB040DD42046BDE8384000F019BD4FF4BF
:1045B0007A65E9E70133DBB2022B84F89C30EDD851
:1045C0002B4604F1680244F6C3712046FFF7BEFB98
:1045D000E8E700BFE6EC0000F8B50D460446FEF73C
:1045E000E9FEA5F59F4142390D2914D8DFE801F015
:1045F000071713131313131313131B69136D354983
:10460000234640F20222022000F010FB18B90921D3
:10461000204601F00DFEBDE8F840FEF7D1BE204671
:10462000FFF794FFF7E72368988EC0F3041000F0BB
:10463000C5FC05460028EED0274B186843690133B6
:104640000FD007F0E6F90646284600F0C2FCA36A40
:10465000B3420AD82046FFF7F5F9284600F0C0FC1F
:10466000D9E783685B689847EDE7E36AB342F4D81B
:10467000271D394605F1160004F058FF94F825303F
:1046800083429FBF2B7D23F01F0343F008032B754C
:10469000394605F1260004F049FF94F8253083429D
:1046A0009FBF6B7D23F01F0343F008036B75A36A64
:1046B00004F114029B1B44F6CC712046FFF746FB25
:1046C000CBE72046FFF72CFBA5E72046FEF784FC4E
:1046D000A1E700BF0000FFFFFCED00002DE9F04363
:1046E00087B00C46054616460021102202A8DDF8C8
:1046F00038901F4607F0B0FF0CB9FCF737FB802E4F
:10470000B04628BF4FF080085FFA88F2214602A821
:1047100004F02BFF2449102202A808F0BBFE002859
:104720003FD022490822204608F0B4FE002838D0A5
:104730002378FF2B35D0B94533D8FEF73BFE214611
:10474000CDF800903B4642462846FFF7B1F90446B3
:1047500030B9FEF735FE6FF00B0007B0BDE8F0830F
:1047600028B200F02BFC054618B9FEF729FE002000
:10477000F3E700F02EFCD5F8A430DA045EBFE38C3A
:1047800043F00103E38495F89E30DB0705D57F2EC7
:104790009EBFE38C43F00203E384284600F020FC34
:1047A000E3E76FF01500D8E736ED000016ED0000E6
:1047B0002DE9F0410C6807460E461546FEF7FAFD56
:1047C0002046FFF7A9F8044630B3D4F80080B8F1CA
:1047D000000FF5D094F824305B07F1D52FB1B8F86D
:1047E0003430C3F304139F42EAD194F825302B747C
:1047F00010220021284607F02FFF94F82520211DC4
:10480000284604F0B2FEB8F83430C3F304136B82C8
:10481000A36A6B61E36AAB61FEF7D2FD201E3460D0
:1048200018BF0120BDE8F08138B504461846FEF7F0
:1048300058FB054668B14368FF22DA7100231A4627
:104840001946184601F00AFA28B92946284601F007
:1048500019FD002038BD43680CB1B4F966415C8095
:104860000560F7E710B50446084614B12378FF2B1E
:1048700001D1FCF77BFA182300228721FDF775FF91
:1048800068B14368216800221A715A719A71DA710D
:104890006268DA609960A168E2685A61196110BDC6
:1048A00038B504460D46104614B12378FF2B01D1CC
:1048B000FCF75CFA182300228821FDF756FF78B137
:1048C0004368002225F01F051D71DA719A715A7133
:1048D00021686268DA609960A168E2685A611961CA
:1048E00038BD08B5002208238521FDF73EFF28B119
:1048F000436800221A715A719A71DA7108BD10B5B5
:10490000002304461046CA1D02F0F802194601F0C1
:10491000D1FD20B1426814708368DB08537010BD6C
:1049200070B506460D4618460231FFF7E8FF04460B
:1049300058B1436882680233023A0021184607F0F2
:104940008BFE2A46314608F005FA204670BD10B5A8
:1049500000B109B9FCF70AFABDE810400123FFF7DE
:10496000DFBF10B500B109B9FCF700FABDE810408F
:104970000223FFF7D5BF00002DE9F7430A9D0C463F
:1049800016469846074610B10378FF2B01D1FCF775
:10499000EDF90029FBD0B8F1000FF8D0084600F07F
:1049A00018FB36B932463946204600F01DFD064652
:1049B000B8B11D491022304608F06CFD88B194F85A
:1049C000C09004F1B8014A46684608F0C3F9B9F14D
:1049D000000F06D02A4649466846FFF7B8FFE8B1FF
:1049E000054638462946FFF73DFF0746B0B1034666
:1049F000424631462046FFF717FF054668B1034699
:104A00000A4940F20222022000F010F930B120469B
:104A100000F0E6FA03B0BDE8F0833D4600212846E9
:104A200001F006FCF3E700BF36ED00000000FFFFD9
:104A30002DE9F04387B00D460E9E14469946074671
:104A400010B10378FF2B01D1FCF790F90029FBD0BE
:104A5000002AF9D0084600F0BCFA3946284600F092
:104A6000AFFCB0F100085CDB30491022204608F0B2
:104A700011FD30BB2E4B02AC03F1100C18685968C5
:104A8000224603C2083363451446F7D1002495F843
:104A9000C09005F1B8014A46684608F05BF9B9F1E3
:104AA000000F3BD0324649466846FFF75AFFC0B375
:104AB000A84498F814309B0601D444F0200406461C
:104AC0000FE0224602AB04F1100C106851681C463E
:104AD00003C4083262452346F7D14024B9F1000FE0
:104AE000D5D1214632463846FFF7DAFE0446C0B13A
:104AF000034602AA00212846FFF796FE064678B133
:104B000003460C4940F20222022000F08FF840B127
:104B1000284600F065FA07B0BDE8F0833046CEE7DE
:104B200026460021304601F083FBF1E736ED000018
:104B3000F6EC00000000FFFF2DE9F3410E460546AC
:104B400008B9FCF713F9214B002908BF1E4600F0F5
:104B500040FA00223146284600F046FC8046A0B1CB
:104B600095F8C04005F1B8012246684608F0F2F811
:104B700064B1214600226846FFF7E9FE044628B9E1
:104B80000021204601F054FB17E004462046FFF7C1
:104B9000A8FE07460028F3D0034632464146284681
:104BA000FFF742FE044670B10346094940F2022273
:104BB000022000F03BF80028E2D0284602B0BDE811
:104BC000F04100F00DBA3C46DAE700BFE6EC000029
:104BD0000000FFFF00B589B006930A9BADF81C30BA
:104BE000BDF82C308DF81410ADF81620ADF8063055
:104BF000024605AB03A901A80293FBF7C5FDBDF86A
:104C00000E2040F205239A4201D0FCF7AFF8049839
:104C100009B05DF804FB07B5019101466846ADF89F
:104C20000220FBF795FD03B05DF804FB2DE9F3418D
:104C30000446884617461D4601F052FA4146204672
:104C400001F0C5FA064648B14146204601F0BAFADD
:104C5000711E0446284601F0A3FB2CB901F05AFA54
:104C6000304602B0BDE8F081237A012B0FD0022B31
:104C700016D003BBB4F90C003A462946FFF7CBFF28
:104C8000002813DC0521284601F0D2FA0EE0E06886
:104C9000ADF80270002269460195FBF787FBEFE74C
:104CA000E3682946D3E900823846C047204601F030
:104CB000A0FA0446D1E78C21E5E71FB50024039450
:104CC000ADF80C30436801941B698DF80410029212
:104CD00001A9984704B010BD50F8A80C03681B69DF
:104CE0001847000008B50449102208F0D3FBB0FAB9
:104CF00080F0400908BD00BF36ED000010B50A493C
:104D00000822044608F0C6FB48B12378FF2B08D1DF
:104D1000607800F00F00831E5842584110BD0120FA
:104D2000FCE70020FAE700BF16ED000070B58568CB
:104D3000044600F0E9FE2B6801465E6904F1B80202
:104D400008232846B04710F1860F08D0D4F8A430C5
:104D5000002843F00103C4F8A43006DC70BD94F8C9
:104D6000C030002BFAD0FCF701F884F8C000F5E75A
:104D7000F8B5044608460E461546FFF7B3FF98B946
:104D80005DB104F1360503270024314605EB04101C
:104D900004F0B6FB28B12046F8BD04F11605022741
:104DA000F2E70134BC42F0D14FF0FF30F4E7037872
:104DB000FF2B10B5044603D1407800F00F0010BD62
:104DC000FFF79CFF60B9208840BA20F03F00000444
:104DD000000C4FF6C06398420CBF05200E20EEE792
:104DE0000220ECE770B504460D4616467AB908B9BC
:104DF000FBF7BCFFD0F8C8304BB100F031F82946C2
:104E0000204601F0D5F830B3134807F089FA0121A4
:104E1000284601F0C5FA636829465B682046984732
:104E2000103016D12946204666B101F0FDF806463D
:104E30008EB10A4807F074FA0C212846BDE870408C
:104E400001F0F6B901F0B4F80646204601F0CEF8BC
:104E5000EEE70021F1E770BD23E900005BE9000007
:104E600010B5044608B9FBF781FFD0F8C8307BB114
:104E70001A685968C0F8C82000221A605A6039B10F
:104E80000122FFF7AFFF2046BDE8104001F0AEB8A9
:104E900010BD000037B5846841B904F1B00104F1D8
:104EA000A80003B0BDE83040FCF7C0BB02390729B9
:104EB0000ED8DFE801F0110D2C2C2C2C040F174B11
:104EC000CDE90034164B6846B3F90010FBF72AFC15
:104ED00003B030BD134BF3E7636820469B689847E7
:104EE00005462046FFF7BCFF002DF1D00E4995F98D
:104EF00010002B4640F20122FFF798FE01460028E1
:104F0000E6D1284603B0BDE8304001F091B9204613
:104F100003B0BDE83040FFF7A3BF00BF0000D44F8F
:104F20008A1100200000D54F0000FFFFF0B589B0C6
:104F30001E4687680023C0E90333109B43600C467C
:104F400015460FB1FBF712FF0F9B8360CDE90507F4
:104F5000012106A8FBF77AFC0E9B029305AB019397
:104F6000084B009332463B4629462046FBF7F8FDA6
:104F70000028E7DD012106A8FBF768FC079809B0C7
:104F8000F0BD00BFF14F000090F865310B2B9DBFC5
:104F90004FF43760D84000F001000020704705F062
:104FA00093BA10B500242046FFF7F9FF08B9204650
:104FB00010BD4368002BF7D00134F5E710B5044667
:104FC0000020FFF7ECFF18B1B0F96631A342F8D129
:104FD00010BD20B1436813B10C30FBF741BF7047DF
:104FE00020B1436813B10C30FBF73EBF704700009F
:104FF0002DE9FF410468DFF808810546002640F2EC
:1050000005232046CDE90066ADF80230FFF7E1FF49
:10501000B8F80030A4F86631364BC4F8B430364BDB
:105020001B68C4F8AC30102104F1E400C4F8A86097
:10503000FBF7FCFB636820461B689847A860281DA7
:10504000FBF73AFCAA68B24204F1A80748DB204605
:10505000FFF7C6FF41F233263846FCF707FB05464B
:1050600048B902A8FBF7DCFB002809DC48F2010084
:10507000FBF732FEF0E76B68002BEDD09847EBE7CB
:10508000BDF80A30B3F5017F27D00FD840F20222D5
:10509000934211D040F20322934213D063685B69BC
:1050A000002BD9D002A920469847D5E7B342F5D1C5
:1050B0002046FFF7D5FECFE703992A462046FFF7A3
:1050C00091FEC9E763681B690399204698476946C2
:1050D000019002A8FBF77EFBBEE76368DB68F3E79D
:1050E000B8F80010054809B208F012FA304604B0CA
:1050F000BDE8F081D94C0000140500208FE90000C4
:10510000A00500202DE9F8430E460546FFF761FF94
:1051100033783489112B0CD8062B0FD9073B0A2B77
:105120000CD8DFE803F01F89260B50690B0B0B0B23
:105130009A00402B0BD0412B00F09B80A86872682E
:10514000036831785C693389A047044635E0012C57
:1051500001D0FBF70BFE2846FFF716FF73681870A7
:1051600001242AE0012CF4D1736895F864211A70A7
:10517000F6E70F2CEDD92C7D73688CB105F1160282
:10518000194605F1260052F8044B41F8044B8242BF
:10519000F9D13289102A03F110034FF010040CD911
:1051A0006A7D52B105F1260205F1360152F8040B71
:1051B00043F8040B8A42F9D110342846FFF710FF58
:1051C0002046BDE8F883002CC3D0726805F11303B4
:1051D00005F1150000243189A142EEDD834203D19F
:1051E00014F1860FAAD0E8E713F8011F0029F2D0C6
:1051F00002F8011B0134EEE70F2CAAD9D6F804807F
:1052000005F1360705F1660900243389A342D4DD90
:10521000B945D2D03846FFF765FD07F1100348B90C
:10522000424657F8041B42F8041B9F42F9D1103440
:1052300008F110081F46E8E7072C8AD9D5F8A42002
:105240007368D2077FF57AAF95F8C02005F1B801F1
:10525000284600F0F3FC0446C2E77388022B7FF473
:105260006DAF022C7FF475AF7368B5F8A0201A807B
:10527000A3E7012C7FF46DAFD5F8A4307268C3F3B7
:10528000002313706CE700002DE9F0470D468AB04B
:1052900091461F46044600B109B9FBF767FD0B783C
:1052A000FF2BFAD00846FFF71DFD0028F5D1414934
:1052B0001022284608F0EEF80028EED009F1FF335E
:1052C0007F2BEAD82046FFF784FE07F01F03072B49
:1052D00008BF07F0F807294604F1160008BF47F099
:1052E000010704F00DF9B8B9267D2946003E04F106
:1052F000260018BF012604F003F97642804688B9DB
:1053000096B1637D002B4AD02046FFF769FE6FF00F
:105310000B000AB0BDE8F08700262046FFF760FECC
:105320003046F6E70126F8E70646D4F8A430DB0459
:105330000BD4282229462048B4F966A104F0C4F908
:10534000514602461D4808F0E3F8A11904EB061384
:105350000F752A46163305F1100052F8047B43F806
:10536000047B8242F9D10B7D03F01F03102BD4D1B3
:1053700000230293B4F9660103AA02A9FFF718FA01
:10538000074670B9B8F1000FC7D14FF0FF33009353
:10539000B4F966014A462946FFF7A0F9BDE70126A0
:1053A000C3E7294603A804F0C1F8484528BFB8461A
:1053B000E0E700BF26ED000085170020AFE9000000
:1053C00038B50D46044600B109B9FBF7CFFCFFF72D
:1053D00000FE294600222046FFF7CAFC054620466B
:1053E000FFF7FEFD284638BD2DE9F04F8FB0174678
:1053F0000191044600B109B9FBF7B8FCFFF7E9FDDC
:10540000257D002D47D06A0744D1002F46D004F1F6
:105410001600FFF773FC00280BBF002580254FF016
:10542000FF360026637D002B41D05B073FD1002F64
:1054300037D145F04005764200270198ADF8147049
:10544000FFF7B5FC04F116084FF0FF3102460DF1ED
:10545000140943460091BB468BF00701012000FA76
:1054600001F1294246D00199039218469A460293C7
:1054700004F046F8002875D1029B1846FFF797FC08
:10548000039A99F80010029B824218D111440F31FF
:10549000C9B219E000254FF0FF36C3E780253E462C
:1054A000C0E704F12600FFF729FC0028C1D1002E37
:1054B000C2D04FF0000A5CE04FF0010BCCE75FD2A6
:1054C0000F31101A0844C1B204F1140089F8001019
:1054D00010F80B0000F01F0008281CBF013189F8EC
:1054E000001099F800100098B94288BF5846009003
:1054F00088BF0F4609F101091033BBF1000FDBD063
:105500004FF000094D4605AB5B5DBB4220D10199D0
:10551000404604F00BF8029082464046FFF7EEFB4F
:1055200000283AD106908346B4F9660107AA06A975
:10553000FFF73EF940BBBBF1000F04D0029B5B4577
:1055400028BF5B469A46D1453CBF5FFA8AF9009571
:1055500008F11008B5B1009B002B06DB04EB031328
:1055600003F1160ABAF1000F03D104EB061606F197
:10557000160A2046FFF734FD50460FB0BDE8F08F05
:10558000014485E70125BEE7414607A803F0CEFFA9
:10559000584588BF9DF82CB0C6E74FF0400BCDE7CB
:1055A00038B5054600242046FFF7F9FC044660B1F3
:1055B00000222946FFF7DCFB002806DA01222946F3
:1055C0002046FFF7D5FB0028EDDB204638BD2DE94E
:1055D000F34105466A4690F865010E4604F09AF9D3
:1055E00004462846FFF7F5FC002C1DDDA3B26A46F1
:1055F0006E212846FFF761FB10F1860F044601D0AB
:10560000002814DB05F1360800274FF0FF3431463F
:10561000404603F075FF70B12846FFF7E1FC3C46B9
:10562000204602B0BDE8F08114F1860FEAD028468A
:10563000FFF7D6FCF4E7621C05D14046FFF752FBAA
:10564000002818BF3C460137032F08F11008DED1AF
:10565000631C05D12846FFF7C3FC6FF00B04DFE79E
:1056600005EB04133146363306F1100251F8040BF2
:1056700043F8040B9142F9D1D9E72DE9FF478A4657
:10568000044600B109B9FBF771FB90F865016A4661
:1056900004F040F9051E02DA15F1860F2FD12046DD
:1056A000FFF797FC002704F13608B9464FF0FF36A4
:1056B000002D13DD4046FFF715FB78B994F865011E
:1056C00002AA414604F026F9854207D12A466946D6
:1056D00002A807F0DFFE08B909F10109404651466A
:1056E00003F00EFF002818BF3E460137032F08F1D4
:1056F0001008DDD1002E05DA2046FFF771FC04B05A
:10570000BDE8F08715F1860F02D0B9F1000FBAD0CD
:10571000B9F1010F05D1ABB26A466F212046FFF700
:10572000CCFA04EB061010220021363006F094FF6C
:10573000E2E70000000000002DE9F04F2DED028BA4
:105740000E468BB0044600B109B9FBF70FFB9FED85
:10575000288B4B7B8DF815304FF08079CB89CDF8B5
:1057600010904FF0FF0A8DED028B8DF814A0ADF86C
:105770001630FFF72EFC04F1160504F1140804F1AD
:10578000360B01273146284603F0BAFEC0B100218E
:1057900088F800101022284606F05EFF10355D459F
:1057A00008F10108EED11FB102A92046FFF765FFFD
:1057B0002046FFF715FC0BB0BDEC028BBDE8F08F67
:1057C0008DED068BCDF820908DF824A06A7B8DF8A6
:1057D0002520EA89019002A906A8ADF8262003F049
:1057E0008FFE019B002818BF1F46D7E7AFF300804C
:1057F000FF0200000000000070B50E460546FFF7EE
:10580000E8FB327833891B2A11D8062A11D9073AC6
:10581000142A0ED8DFE802F01F0D293B0D474E0D6C
:105820000D0D550D0D0D0D0D0D0D0D0D6F00412ABA
:1058300052D0A8687268036831789C693389A047A0
:10584000041E2BDD3378052B67D8012B26D928467B
:10585000FFF76CFA22E0012B01D0FBF787FA73689F
:105860001B7885F86431012418E0102BF5D172887B
:10587000716802F0E00343F01003120A2846FFF7B4
:1058800003FD041E09DA14F1860F07D1D1E7102BAE
:10589000E3D171682846FFF74FFF10242846FFF731
:1058A0009FFB204670BD102BD7D171682846FFF7AB
:1058B0008EFEE6E7102BD0D171682846FFF7DDFE9B
:1058C000EBE77288022AB4D1022BC6D17268128823
:1058D000A5F8A0201C46E1E7012BBED17268D5F8DF
:1058E000A4301278012A0CBF43F4807323F4807330
:1058F000C5F8A430B7E77268D5F8A410107801286D
:10590000A8680CBF41F4803121F48031C5F8A4109F
:1059100001688C691B21A047A5E7572BBED12846FB
:1059200000F051F9BAE7000070B5744B8568C5E91D
:1059300001302B6886B0DB6804462846984700286B
:10594000C0F28A80204604F0ADFD01238DF81030AE
:105950002A681E215669284604AAB047012803D1A7
:105960009DF81030012B02D0654806F0D9FCA068E4
:1059700003680DF106025D6928210223A847022869
:1059800001D0FBF7F3F9BDF8063084F86531204605
:1059900000F019F92046FFF7C9F90023CDE90433D7
:1059A0004FF480730022ADF804300023CDE90223C8
:1059B00094F86521D31E082BE3D8DFE803F00551E6
:1059C0000579935189930500D4F8A430D907D8D527
:1059D00094F8C030062BD4D1052AB4F8A03006D0F4
:1059E0000B2A40F2DC5239D1934203D9C9E7B3F50F
:1059F000A06FC6D1D4F8A430D90720D594F8C02020
:105A000002AB04F1B801204600F018F98630B8D096
:105A1000D4F8A430DA07B4D594F8650101A903F0ED
:105A200063FF8630ADD0D4F8A430DB07A9D594F855
:105A3000650104AA02A903F041FF8630A1D0314DCF
:105A400001232B70402384F864312046FEF70AFAC4
:105A50002B78002B95D0002006B070BD9342C8E78C
:105A6000D4F8A430DB078CD594F8C030022B01D0D9
:105A7000082B86D1B4F8A030B3F5A06F81D1A0680F
:105A800003680DF103025D6919210123A8478630DF
:105A90003FF477AF94F86531042BABD1A06803686D
:105AA00004AA5D6903210823A8478630A2D168E7CC
:105AB000D4F8A430DE077FF564AF94F8C030012B32
:105AC0007FF45FAFB4F8A0204FF6FF739A42EDE782
:105AD000D4F8A430DD077FF554AF94F8C030033B11
:105AE000022B82E7D4F8A430D8073FF54AAF94F8E8
:105AF000C030002B3FF47EAF43E700BF954E00005F
:105B000054EA00008417002013B590F86531043B77
:105B1000012B13D8806803680DF106025C6905212A
:105B20000223A047022801D0FBF720F9BDF8063078
:105B3000082B0CBF0320022002B010BD0220FBE79F
:105B400030B41D46D0F8A430DB07044612D590F8D7
:105B5000650104280AD1022A08D1A06803685C699B
:105B60002A46A446082330BC032160472B4630BC9C
:105B700003F04ABE6FF0850030BC70471FB590F847
:105B80006531052B044616D0082B14D0042B18D1F0
:105B90000823ADF8023000230193039305238DF809
:105BA00004300DF1020302930223ADF80C30436878
:105BB00001A91B699847D4F8A43043F48053C4F872
:105BC000A43004B010BD37B50446806803685D6931
:105BD00094F86531043B072B22D8DFE803F0042159
:105BE00004210404210AD4F8A43043F48073C4F8D7
:105BF000A43002230DF106021121A847022801D08A
:105C0000FBF7B4F84FF4A063A4F8A030BDF8063059
:105C1000B3F5A06F28BF0023A4F8C23003B030BD95
:105C200002230DF106021121A8470028ACBFBDF8E0
:105C300006304FF6FF73A4F8A030EFE710B4D0F8A9
:105C4000A440E40705D590F865015DF8044B03F026
:105C5000F1BD6FF085005DF8044B70472DE9F04110
:105C6000174603F108020A440E46002180461C46EE
:105C700008464FF0FF3300F01DFC0546F0B14068C8
:105C80000022428082804FF4004206704470C2803D
:105C9000B8F1000F05D026B132464146083007F072
:105CA00059F85FB154B168684378A34206D10378CC
:105CB000083322463946184407F04CF82846BDE818
:105CC000F081002100F0B4BAF0B5866891B0758C0F
:105CD000738AADF8183005F028050C4681B391F9A8
:105CE0001030013349D149680B79DF0654BF45F0C4
:105CF000010545F011053F2B9BBF0B7891F801C0C2
:105D00001F4B083394BF5B184FF0020C2A071CD5B9
:105D100006F116010822B07F471CB777CDE9035082
:105D20000AAFBDF81800ADF80800ADF80400CDF8D2
:105D300000C0384602F088FF80B92046FFF7C1FF57
:105D40006FF01505284611B0F0BD0A780AB1083188
:105D5000E1E790F8C02000F1B801DCE72368CDE965
:105D600007373368C0B209901B6807A930469847C7
:105D700005462046FFF7A5FFE4E76FF04C05E1E795
:105D8000E4EC00002DE9F04F866833689C6800233E
:105D900087B005461A4619463046A04702280746EE
:105DA00040F3A980002302461946184600F082FB02
:105DB0003368044650B99D68014603463A4630466A
:105DC000A8470024204607B0BDE8F08FD3F808802C
:105DD00041683A4601AB3046C047071E03DC204607
:105DE000FFF76FFFEDE7D5F8A430D9031DD50023E9
:105DF0001A4619461846FFF731FF0028EFD04368CE
:105E00009DF806205A71BDF80420DA800DB1B5F96D
:105E100066515D8023461A461B68002BFBD110603B
:105E20003946204600F0ECFBCCE7606802F094FFB6
:105E3000D4F804B081460028D1D08742CFD36A4637
:105E400004A9584603F009F86A46824602A9584652
:105E500002F0B5FFBAF1000FC1DB0028BFDDC1B20F
:105E60005FFA8AF304AA02A8FFF7F8FE804600282A
:105E7000B5D0BAF1020F43680AD19DF810209DF801
:105E800011100A40FF2A02BF1A7962F07F021A71CC
:105E90009BF80020D20642BF1A7942F010021A7114
:105EA0009DF806205A71BDF80420DA800DB1B5F9CD
:105EB00066515D80336804F110025D691921012388
:105EC0003046A84749460022204600F031FB0146F3
:105ED00020B92046FFF7F5FE404681E7836820465B
:105EE000FF1A00F0CFF923461A461B68002BFBD19E
:105EF000C2F8008094E700287FF763AF33689C689E
:105F00000023024619463046A0475AE71FB5054C04
:105F10000294079C0194069C0094FFF707F804B0D4
:105F200010BD00BFC4EC000013B50C4C0823A381C6
:105F300005F0E2F9204604F0A1FA04F1280005F08A
:105F40000BFB074B00930749019402234FF4607247
:105F50000548FFF7DBFF02B010BD00BFB0170020FF
:105F600080EA00008819002020180020FFF7DCBF1D
:105F700038B5012105460B48FAF768FC0A4A0023A8
:105F800052F83300D90038B9084C0C446560054814
:105F9000FAF792FC204638BD0133102BF0D10024D3
:105FA000F5E700BF881D00200C1D0020081D002003
:105FB00010B5044608460CB9FAF7D8FE0029FBD004
:105FC000FFF7D6FF70B100230360D4F8C83033B1B7
:105FD0001A461B68002BFBD11060002010BDC4F8CE
:105FE000C800FAE74FF0FF30F8E7000013B508B932
:105FF000FAF7BCFE41F23323A0F8CE30EFF3108461
:1060000072B6B0F96631009300F1D40100F1CC030F
:10601000044841F28832006805F084FE84F3108859
:1060200002B010BD00EE000010B5044608460CB9E1
:10603000FAF79CFE0029FBD0FFF79AFF30B1D4F8A5
:10604000C8300360C4F8C800002010BD4FF0FF3016
:10605000FBE70121FAF7FABB70B50B4D0B4E0C4C68
:106060000948FFF7F6FF336823B9BDE870400848D8
:10607000FFF7EFBF2846FAF71FFC2046FFF7E9FFBE
:106080002046FAF719FCEBE7941D0020901D002034
:106090008C1D002070B504460E480D461646FFF7CD
:1060A000D8FF0D4B1B680BB9FAF760FE0948FAF7E9
:1060B00003FC64B9EBB2042B01D9204670BD074B39
:1060C00053F82540002CF8D06368B342F5D024681B
:1060D000F8E700BF941D0020901D0020981D0020AF
:1060E00010B5094C0948FFF7B4FF236813B90848F5
:1060F000FFF7AFFF236805485A1C1CBF013323601C
:10610000BDE81040FAF7D8BB901D0020941D002078
:106110008C1D002008B50A48FFF79BFF094A136849
:106120000BB9FAF723FE591C05D0013B136013B9D4
:106130000548FAF7C1FBBDE808400148FAF7BCBBC7
:10614000941D0020901D00208C1D002070B50B7A3E
:1061500006460D4653B9B1F90C104A1E92B21F2AD9
:106160009CBF134B53F821305B6A2BB1F3B2042B65
:1061700007D96FF0150015E00E4807F0C9F9FAF7D6
:10618000F5FDFFF769FF0C4B53F82620144654B970
:106190002A600A4843F82650FAF78EFB0848FAF7B7
:1061A0008BFB204670BDAC42E9D02468EFE700BF0E
:1061B0001C0500208AEA0000981D00208C1D00208C
:1061C000941D00200A4601460020FFF763BF70B50A
:1061D00005460E46FFF784FF002004463246294656
:1061E000FFF758FF18B9FFF795FF204670BD01343F
:1061F000F4E718B142680021FFF74CBF704761B166
:1062000090F91030032B04D0042B04D06FF0010060
:106210007047FCF7BABA02F0C9BC6FF015007047BE
:1062200018B190F910308B4200D170470068F7E741
:1062300038B5012104461248FAF708FB24B9BDE835
:1062400038400F48FAF738BB204600F0BDF808B9CF
:10625000FAF78CFDE368002BFAD0012B25680BD1EF
:106260000023D4E90101E36000F0BCF814212046CA
:1062700000F0B8F82C46E1E7013BE360FAE700BF25
:10628000AC1D002003468B4210B5084606D10C68B1
:1062900000210160FFF7CCFF204610BD31B11A4646
:1062A00022B11168884203D1016811601C46EFE7F2
:1062B0000A46F5E770B5866804460346002173B9BF
:1062C0008E420AD0204600F09BF938B9256855B9AE
:1062D00020682946FFF7ACFF2560002070BD9A6852
:1062E0001B681144EBE76068D5E90112304406F001
:1062F00031FDAB682D681E44E9E7000070B5184C0D
:1063000003460733206823F00703002188B1426861
:106310009A420FD3D21A072A124E03440FD80268AA
:1063200059B92260104A9B1B11889BB2994238BF11
:10633000138070BD01460068E8E70A60F2E79D1B24
:106340000835B5F5C05F05D9002121600168C3E9B2
:106350000012E7E709B92360F8E70B60F6E700BF32
:10636000B41D0020B81D0020B01D002010B5094C40
:1063700001212046FAF76AFA074A084B1360002108
:106380004FF4C0522046BDE81040C3E90012FAF7AE
:1063900093BA00BFAC1D0020B41D0020B81D002022
:1063A00038B504460D4607480121FAF74FFA24B9DB
:1063B000BDE838400348FAF77FBAE3682B44E3604E
:1063C0002468F4E7AC1D0020054B834206D803F592
:1063D000C053834294BF00200120704700207047C3
:1063E000B81D002070B51D4D02462C68FFF7ECFF6C
:1063F00010BB70BD234624680CB19442FAD3073118
:1064000021F0070116485618801B072898BF091865
:10641000C2E9004193B92A6013461A68002AE8D0FD
:1064200059681944511A0729E3D811681960D11A1B
:1064300052680A445A60DCE70023DDE759681A60B5
:106440001944511A0729E7D80AB9FAF78FFC1168DD
:106450001960D11A52680A445A60DEE7B41D002060
:10646000B83500202DE9F843814614200F46154623
:106470009846FFF743FF044648B1CDB12846FFF7E1
:106480003DFF064638B914212046FFF7ABFF002434
:106490002046BDE8F8831FB12A46394606F05AFC6B
:1064A0000123C4E90096A56084F81080E360EFE75B
:1064B0002E46F5E7B2F5C05FF8B505460E46144620
:1064C0001F460FD801210848FAF7C0F922463B467B
:1064D00031462846FFF7C6FF04460348FAF7ECF9B1
:1064E0002046F8BD0024FBE7AC1D002038B5012193
:1064F00004460E48FAF7AAF91CB90C48FAF7DCF979
:1065000012E0E368012BF8D9D4E9011294F91030B4
:106510002068FFF7A7FF054610B1E368013BE36081
:106520000248FAF7C9F92C46204638BDAC1D0020B8
:106530002DE9F8430D460446012130489146FAF70B
:1065400085F935B12CB1D4F80880A84501D363682A
:1065500033B92A48FAF7B0F900263046BDE8F88387
:106560001420FFF7CBFE06460028F2D0A8453DD008
:10657000EB1D23F007039D423CD22846FFF7BEFEE9
:10658000074620B914213046FFF72CFFE1E7A8EBBE
:106590000500FFF7B3FE804630B914213046FFF7FF
:1065A00021FF29463846EFE761682A46384606F05B
:1065B000D1FBD4E9011240462944521B06F0CAFB24
:1065C000D4E90101FFF70EFFA368C4F804805B1B48
:1065D000A36023680948B560C6E90037012386F83F
:1065E0001090F3602660FAF767F9B6E767684FF036
:1065F0000008E9E7676807EB0508E5E7AC1D002040
:10660000F8B504460D4625480121FAF71FF90CB9E3
:10661000FAF7ACFBD4E901261EB9002AF8D14DB136
:1066200017E0002AF4D01046FFF7CEFE0028EFD086
:10663000AE4204D11948FAF73FF9002012E035B90B
:1066400031461046FFF7CEFE6560A560F2E7AE4228
:1066500017D22846FFF752FE074620B90F48FAF72F
:106660002BF90C20F8BD616829B1AE42324628BF33
:106670002A4606F06FFBD4E90101FFF7B3FE67601D
:10668000E3E7E81DF31D20F0070023F0070398421D
:10669000DBD2311A1044FFF7A5FED6E7AC1D00206F
:1066A0000021FFF7C5BD00001FB50A4CB4F900007A
:1066B00000280CDC084B094A02930023009208488A
:1066C000019303224FF47071FAF74AFA208004B064
:1066D00010BD00BFB8390020E1EA0000B567000036
:1066E000F835002010B503460446064940F2012261
:1066F0000220FEF79BFA20B92046BDE81040FFF7C4
:10670000CFBF10BD0000FFFF10B590F9103001336E
:10671000044601D0FAF72AFB4368B3F90200FEF7FA
:106720004DFC40F20222B0F966012146FEF773FAF1
:10673000002804DC2046BDE81040FFF7B1BF10BDC3
:106740002DE9F04188461F46044608B9FAF70EFBCA
:10675000002AFBD0066800235EB9B2F8C2200AB155
:106760009A420AD33A4620460021BDE8F041FFF79D
:10677000CBBFB16836680B44EEE7B8F5006F17D2AF
:1067800000F0E8FA054628B90C212046BDE8F041A2
:10679000FFF74EBD0460A0F8048000F0E3FA2E81FC
:1067A000E8803A4629462046BDE8F04100F0E5B9C8
:1067B0007A21EAE780B5102288B00DEB02000021B3
:1067C00005F04AFF604B0593604B61481B88ADF8AC
:1067D0001C300821FAF72AF804A90120FFF7B6FCBB
:1067E00040F20523ADF80A3040F202266FF085072B
:1067F0006846FAF718F8BDF80230B3F5017F1DD8E6
:10680000B34200F2958040F20122934221D0B3427C
:10681000EED1019D1DB3AB68072B20D92B68F3B1D6
:1068200093F91030022B1AD12846FFF75FFE044679
:10683000A8B14368002B4CD1FAF798FA40F2252210
:1068400093427BD040F226229342D1D100F0CCFA81
:10685000CEE7019D2846FFF749FE044618B92846B1
:10686000FFF71EFFC4E70121FFF7DAFC08B18268D9
:106870000AB92046F4E743681B78412B15D1FFF78E
:1068800035FE05460028F4D001221146FFF750FEE0
:1068900001460028EDD02046FFF7F4FC0223002239
:1068A0002B741146FFF71EFFA2E703F0D802C02A9F
:1068B00009D003F0E003602BDBD100221146204613
:1068C00001F0A4F994E700221146204600F019FADD
:1068D0008EE7B3F90200FEF771FB256880464FF0A2
:1068E000000965B9B8F1000FC3D0D8F8A430DB05B2
:1068F00009D52A462946204601F08FFB78E7AB6888
:106900002D689944EDE701231A4629462846FFF7EA
:10691000D1FD0028ADD02368036043682060412288
:106920001A7049462B4642462046FFF709FF5FE7AB
:1069300002A968460397F9F74DFF59E7002201992C
:10694000104600F01AF953E70000FFFFA0050020F1
:10695000B835002008B5084B18684369013306D0E4
:1069600005F057F84EF66023B0FBF3F008BD8368DE
:106970005B689847F6E700BFFCED000038B50C4CAB
:10698000142303FB00440546638A23B9637C23F088
:106990001003637438BDFFF7DDFF064B53F8253055
:1069A000834202D800236382F0E71B1A6382F1E777
:1069B000003A0020C03900202DE9F0410121804635
:1069C0001048114CF9F742FF00252F462E46F0B231
:1069D000FFF7D4FF237C53B14146204602F0A6FDC9
:1069E000237C834203D8A84284BF2746054601364C
:1069F000102E04F11404EAD10248F9F75DFF38467D
:106A0000BDE8F081BC390020003A00200F2838B5DD
:106A1000044616D801210C480C4DF9F717FF204603
:106A2000FFF7ACFF142303FB045307481B7C33B16F
:106A300004EB8404F9F740FF05EB840038BDF9F757
:106A40003BFF0020FAE700BFBC390020003A0020DD
:106A50002DE9F8430F289DF8205006468846144635
:106A60001F4639D8AAB301211C48F9F7EFFE1C4B89
:106A7000002F4FF0140909FB063908BF0025802CB0
:106A800028BF802489F810406D4206EB860403EB92
:106A9000840405F01005414635432046A9F81270DC
:106AA00089F8115002F02CFD014648B91022204609
:106AB00005F0D2FD99F810204146204602F055FD20
:106AC000FFF748FF074B0744044843F82670F9F7DF
:106AD000F3FE2046BDE8F8830024FAE7BC39002025
:106AE000003A0020C03900202DE9F04180460D46D3
:106AF00016461C460DB1B44202D32046BDE8F081D3
:106B0000AB686968371B9F4228BF1F4608EB04002B
:106B1000BAB23C4406F01EF9A4B22D68EAE7F8B513
:106B20000E460178934228BF134601F10802024441
:106B300005461F46083010F8073CFFF78FF804465B
:106B400078B142682B6813606B6853600021084677
:106B500001233A46FFF7AEFC014628B92046FFF76D
:106B600067FB00242046F8BDB38842685BBA1380F7
:106B7000F3885BBA53802060F4E72DE9F74F0C46A9
:106B800009B9FAF7F3F80A6813680027002B51D106
:106B9000824201D00028F4D15368002BF1D0B3F920
:106BA0000200FEF70BFA2589D4F800B0002D45D17C
:106BB000A38890F8C260DBF80400DB1B06FA83F6BA
:106BC000043E26F00706F61AB6B23A46331D2146B1
:106BD000FFF7A5FF0746002800F08A8003687A685F
:106BE0005868037863F03F0300F8043B137943F0DF
:106BF00010031371DBF8001032462B46FFF774FFC9
:106C00002A46064629463846FFF77EFD002E6FD0FD
:106C1000238901941E44268140F225236846ADF85D
:106C20000230F9F767FD002862D003B0BDE8F04FED
:106C3000F9F762BF99681B680F44A7E7BD4257D2B6
:106C4000B0F8C290DBF80400A9F1050929F00709A2
:106C50001FFA89F909F10503C5F105029BB23A440F
:106C60002146FFF75CFF8046002841D003685A6840
:106C7000924600211AF8053B63F01F031370A388A6
:106C8000DB1B2B44DB101371DBF8006076B38D4205
:106C900001D1002314E0B368CA1892B2954222D2FF
:106CA000691A89B25B1A4B4528BF4B469B467368ED
:106CB0005A461944504606F04DF836681FFA8BF3D1
:106CC0004A4631465046FFF70FFF0544AF4281BFA9
:106CD000D8F80420137943F01003137100220646FC
:106CE0001146404690E736681146CFE73346E7E75E
:106CF00020680021FFF79CFA0023236003B0BDE861
:106D0000F08F436819782DE9F04101F0F801066829
:106D1000C029D6F804800446174619D0E02912D1BC
:106D20001D79ED0001213046FFF73AFB3B462A462C
:106D30002146404600F00EFA10B1414600F024FA18
:106D40000021304600E00021BDE8F041FFF770BAB5
:106D50000025E7E702480368002B18BF00207047B2
:106D6000443B0020024B1888013080B218807047E5
:106D7000403B00204269013201D004F04ABE8368E2
:106D80005B6818470021FFF753BA000007B5074BAF
:106D900007481B88074A084900681BB20093074B45
:106DA00004F0C0FF03B05DF804FB00BFA0050020A5
:106DB00000EE0000C0C62D00503B0020240400203F
:106DC000002203680BB9038370471968C3E90022E6
:106DD0000160F6E710B508B9F9F7C8FFFFF7F0FF53
:106DE0000023036210BD0000F8B50C4B0C4C186872
:106DF0000C4FFFF7BFFF04250646206A40B1E36948
:106E0000F31ABB4204D9FFF7BDFF2046FFF7E2FFAC
:106E1000013D04F12404F0D1F8BD00BF00EE0000F4
:106E2000603B0020C0C62D002DE9F04F16468BB008
:106E30000246099312F8083B05920833C3180493DD
:106E40004B681A7802F0F802C02A04460D4602D1B7
:106E50004EB1F9F78BFFE02AFBD11A79B6EBC20FDE
:106E6000F7D15A1D00E01A1D0092AA68002E76D1B3
:106E7000032A08D82846FFF785FF4FF0FF34204645
:106E80000BB0BDE8F08F00990978412969D0A2F1D3
:106E9000040BBBF1000FEDD01A8852BAC2F30A02FC
:106EA00003925B885BBAADF81E309BB20893FFF784
:106EB0009BFF2378019363780293A14BA14C186840
:106EC000FFF758FF4FF0000806904746C246236A76
:106ED000A146002B00F0CD80E38A089A934240F04F
:106EE000CB80238B039A9A4240F0C680237D019A7F
:106EF0009A4240F0C180637D029A9A4240F0BC8081
:106F0000019A0599201D06F0C5FA002840F0B480CA
:106F1000029A049904F10C0006F0BCFA002840F033
:106F2000AB80884B242202FB0A33069ADA61FFF712
:106F30002DFF5446DFF80CC22420604300EB0C0701
:106F400006EB0B033A8B934210D9386AFFF71AFF0E
:106F50002846FFF717FF3846FFF73CFF8DE7042A66
:106F600088D9A2F1050B94E7C846B0E7B1B25CF846
:106F700000804A1E5A44434692B25BBB4A1E12FA34
:106F80008BF292B2DFF8C49101921FFA8BFA39F8B2
:106F900033204FEAC30E7ABBDFF8B491019ACE4496
:106FA0004CF800E0AEF80410AEF8062049F8338043
:106FB0007B8BDFF8908153447B837EB3242303FBD8
:106FC00004880099D8F8203058685A46304405F0B3
:106FD000C1FE1FE0B3F804E0724509D3B3F8069090
:106FE000494505D8714540F09F804A4540F09C8056
:106FF00076450FD01B68C0E70133342BC7D124235B
:1070000003FB04C34FF0FF34186AFFF7BBFE38469A
:10701000FFF7E0FE2846FFF7B5FE30E7009B1B7840
:1070200003F0E002602A1ED16B681B7803F0D803DE
:10703000C02B04D0242303FB0483186A86E70122B3
:1070400004212846FFF774FA0028F3D03246394667
:10705000284600F0DBFD242303FB04831B6A002B7E
:107060007FF40DAF09E7412B02BF009B0133009372
:10707000A4E7002F08BF2746B8F1000F09D0E26946
:10708000D8F81C309B1A6FF00042934234BFA146DF
:10709000C1460AF1010ABAF1040F04F124047FF495
:1070A00063AF57B9D9F8200000283FF4D2AEFFF7FC
:1070B00069FE4846FFF78EFE4F46099B039AB3FAD6
:1070C00083F300215B095B000846FFF7F3F93862A0
:1070D00000283FF4CFAE436813B100221A605A6013
:1070E000039B3B83069BFB61019A0599381D05F0C4
:1070F00031FE029A049907F10C0005F02BFE019B6A
:107100003B75029B7B75BDF81E30FB8200237B83A1
:10711000FFF73CFE0B4B0C4AFB1A9C10002B02FBAA
:1071200004F4BFF607AFA5E6242303FB04C36FF006
:107130000104186AFFF726FE3846FFF74BFE9EE66D
:1071400000EE0000603B0020398EE338F63B002063
:10715000F03B0020F8B51F4604460D461646FFF7E3
:1071600063FE831C05D13B46324629462046FFF785
:107170005BFE0028A3BF034B242202FB003000204B
:10718000F8BD00BF603B002038B50D46044608B985
:10719000F9F7ECFD0029FBD0428B038B9A422ED1EC
:1071A000437D017D00F10C020430FEF757FD40B92C
:1071B000206AFFF7E7FD2046FFF70CFE4FF0FF3097
:1071C00038BD4368B5F902205A802A791A716A7964
:1071D0005A71B5F90620DA80226A32B1134619468F
:1071E0001B68002BFBD1086010460022206211466C
:1071F000FFF778FA2046FFF7EDFD0120E0E70020D9
:10720000DEE700003C280ED8282805D868B11128F0
:1072100014BF002001207047054B2938C0B2C3407D
:1072200003F0010070478728F2E70120704700BF94
:107230000D000800024A13680360536843607047FA
:1072400016ED000008B508B9F9F790FDBDE8084053
:10725000B0F90200FDF7B2BE1022002105F0FCB922
:107260000021FEF7E5BF70B505460E46144622B173
:107270001046FFF7A5FD002323623046FFF7F0FF1D
:107280002846BDE87040FFF7EBBF000010B50A4983
:107290000822044606F0FEF848B12378FF2B08D1F7
:1072A000607800F00F00831E5842584110BD012045
:1072B000FCE70020FAE700BF16ED00002DE9F341DE
:1072C00088461A4903460868496815466A4603C253
:1072D000184623B35E7C16F0100625D11C7C802C4A
:1072E00020D0402C20D9E708F91F781CC7F10F02E5
:1072F0002944404406F0CEF8B0B93D4418F80720C0
:1073000015F8083C04F00704534004F108020DEBA3
:10731000020414F8082C13420CBF0120002002B014
:10732000BDE8F0810120FAE70020F8E7E5EA000077
:1073300010B50446084611468368934203D90022DB
:10734000FFF7F6F820B101462046FEF79BFF01202B
:1073500010BD00002DE9F04F8B4687B01D469246C8
:107360000AB9F9F703FD0368002B00F00C815E6891
:10737000BE4960232B7006F1080700236B701022B2
:10738000384606F087F8002840F091804FF0000959
:10739000337EFF2B00F0158206F118042046FFF71C
:1073A0000BFB8046002800F00C82437CDB0640F19A
:1073B0000882214602F0BAF83F2840F20282B9F171
:1073C000000F40F0038298F81130180700F009828E
:1073D0006B7863F07F036B700023AB70032433681A
:1073E0007278307823F4704323F0FF03110902010F
:1073F000002B7AD10A43D2B22B78002A69D143F00C
:1074000018032B70B2791046FFF7FCFE002800F03D
:1074100094802B7843F004032B70F379402B00F019
:107420009080FF2B00F09180012B40F092802B7810
:1074300043F001032B708D491022384606F02AF8DC
:10744000002840F08A806B7843F040036B70337EF5
:10745000FF2B40F053816B7843F008026A70728B07
:107460002F19002A40F01A81F269002A40F0168193
:10747000328C002A40F01281727E022A40F0DD80B8
:10748000326A002A40F0D980B28C002A40F0D580C0
:1074900096F82620002A40F0D08043F00B036B7052
:1074A00096F827303B700134A4B220466CE0384691
:1074B000FFF782FA814600283FF468AF437CDA0682
:1074C0007FF564AF394602F031F83F287FF65EAFB2
:1074D0005EE743F010032B70337871781B01621C58
:1074E00043EA11132B5594B28CE702F03000631C71
:1074F00008439BB218D12A7842F008022A703268F9
:107500003178C2F30322891042EA81122A55326887
:1075100012BAC2F30B22EA549C1C326801339BB2AC
:1075200012BAEA54A4B26DE70A432A55326802340B
:10753000C2F30322EA54A3B2E9E7631C2A559CB2C2
:107540006BE72B7843F0020374E72B7843F00303D7
:1075500070E7621C2B5594B26DE7B9F1000F16D19C
:107560003846FFF793FE00285CD0002200235046E7
:10757000CDE90223FDF72DFDDAF8A430DA0713D4A4
:107580005046FDF72DFD002007B0BDE8F08F6B7869
:1075900043F040036B7099F8112011071EBFAB78C0
:1075A00043EA0213AB70E0E79AF8C02002AB0AF19D
:1075B000B8015046FEF742FB0028E1DB5046FDF7DC
:1075C0000FFD33690093DDE90213726900989A4256
:1075D00008BF88426B7807D002AA39464846019313
:1075E000FFF76CFE019B10B143F030032EE70099CA
:1075F000B1F17F4F05EB040224B20AD1B18AFE2912
:1076000007D143F020036B70F38A13800234A4B2D5
:107610001DE743F010036B703369136073695360A7
:107620000834F4E72B1907F1100257F8041B43F84C
:10763000041B9742F9D11034E9E7718C22B2B9B931
:1076400096F82410A1B943F00A036B70737E3B7067
:107650000134A3B2B6F82510E95215FA84F496F86D
:107660002730A370043294B21FE700BF36ED00004C
:1076700096F82210002940F0988043F009036B70BF
:10768000737E3B700134A3B2D6F82310E95015FA8B
:1076900084F496F8273023710632E4E7B38BADF813
:1076A0000830F38BADF80A30338CADF80C3002A8FB
:1076B000738CADF80E30FFF77FF9002875D0437C4E
:1076C000DB0672D5027CF37E9A426ED16B7843F072
:1076D00004036B70437C13F00F031EBFAA7813439F
:1076E000AB70737E3B70631C9BB2B27EEA54A31CEA
:1076F0009BB2726AEA500634A4B2D6E6B8F1000F23
:1077000005D106F11800FFF7C1FD00284DD09BF808
:107710000130002B49D0B8F1000F0BD06B7843F04B
:1077200004036B7098F8113013F00F031EBFAA7892
:107730001343AB709BF800109BF80120083102AB9B
:1077400059445046FEF77AFA0028FFF61CAFDDE9EF
:107750000213D6F82090726A6F789A4208BF894562
:1077600006D002AA06F118014046FFF7A7FD18B19E
:1077700047F003076F7098E6B9F17F4F05EB0403FC
:1077800024B209D1B28CFE2A06D147F002076F70ED
:10779000F28C1A800234AFE747F001076F70326A4B
:1077A0001A60726A5A600834A6E706F11803254485
:1077B000283653F8042B45F8042BB342F9D1103482
:1077C0009AE7B9F1000F0AD04FF0000899F811308C
:1077D0001C077FF4FDADB8F1000F7FF4F4AD4FF05E
:1077E00000080224FBE500BF2DE9F84390F90130C1
:1077F0001446002B064688464FF027024FF0000142
:1078000004F10100B4BF0325022504F025FF602325
:107810002370337803F01803082B3DD0102B4CD085
:107820009BB9735D1A091B01711942F06002DBB24A
:10783000637022704A7802F00F02134363708A78F3
:10784000A270EB1C0435F35CE37033785F075CBF18
:10785000735DA371337803F0030358BF0135022B26
:1078600034D0032B34D0012B01D0735D0135E3718B
:10787000777817F040032DD038064ABFB078002043
:10788000000917F0300726D0FFF7C0F8074610BBF5
:1078900000252846BDE8F883735D9B099B0043F0F3
:1078A00060032370735D721903F00F0363705278E5
:1078B000A270AB1C0335F35CC6E7735D1A0942F096
:1078C00060021B01227063700135BEE74023CEE7E2
:1078D000FF23CCE71F464046FFF7B4FC737803F064
:1078E0007003402B81467CD048D8202B57D00FD82E
:1078F000711904F10800002B49D10B4601F1100267
:1079000053F8041B40F8041B9342F9D1103501E0F1
:10791000302B57D0737859070DD51A064ABFB07867
:10792000002000F00F0013F00B0F04D0FFF76EF8EB
:1079300007460028ACD0737803F00F030C2BA8D8AF
:1079400001A252F823F000BF577A00006F7A0000BE
:10795000857A0000B77A000093780000DD7A000095
:10796000FB7A0000357B0000577A0000657B000041
:10797000897B0000AD7B0000C77B0000602B41D0FD
:10798000702B55D0502BC5D187BBF9F7EFF9FFF716
:1079900051FC735923614B6863610835BAE704F100
:1079A0000800FFF747FC4FF0FF320023E2746FF04E
:1079B000010223746374A37422756375735BE3829D
:1079C0000235A7E7414604F1100311F8082BFEF732
:1079D00035F90028FFF65CAF04F10800FFF72AFC38
:1079E00098E704F10800FFF737FC93E77359236128
:1079F00072193946536863613A7C04F1080001F05A
:107A0000B4FDCAE7002FC0D04FF0FF320023E2746C
:107A10006FF0010223746374A37422756375735B42
:107A2000E3823A7C394604F1080001F09EFDC7E785
:107A3000002FAAD0414604F1100311F8082BFEF7DD
:107A4000FDF80028FFF624AF3A7C394604F108001F
:107A500001F08BFD5EE72E44183406F1100356F852
:107A6000042B44F8042B9E42F9D1103511E704F1A0
:107A70001800FFF7DFFB73592362721953686362C2
:107A8000083506E704F11800FFF7D4FB4FF0FF328A
:107A9000002384F823206FF0010284F8203084F85A
:107AA000213084F8223084F8242084F82530735B58
:107AB000E3840235EDE698F8001098F801200831CB
:107AC00004F1200341444846FEF7B8F80028FFF6C9
:107AD000DFAE04F11800FFF7ADFBDAE6002F3FF44C
:107AE00054AF7359236272193946536863623A7C02
:107AF00004F1180001F039FDC2E74FF0FF32002316
:107B000084F823206FF0010284F8203084F82130BB
:107B100084F8223084F8242084F82530735BE384D1
:107B2000002F3FF432AF3A7C394604F1180001F0DF
:107B30001CFDBEE798F8001098F80120083104F108
:107B4000200341444846FEF779F80028FFF6A0AE2E
:107B5000002F3FF41AAF3A7C394604F1180001F0C7
:107B600004FD96E604F11800FFF776FBFF23237669
:107B7000735D63766B1CF218F358C4F823301379E5
:107B800084F82730063584E604F11800FFF764FB1B
:107B9000FF232376735D63766B1CF218F35AA4F807
:107BA0002530937884F82730043572E604F1180004
:107BB000FFF752FBFF23237602236376735D84F87D
:107BC0002730013565E6002F3FF4DFAE04F11800E1
:107BD00097F81080FFF740FB3B7C402B84BF40238D
:107BE0003B74FF232376735D63762E4439467378A6
:107BF000A3763A7CE27604F11C0001F0B6FC7368CF
:107C00006362063587F8108043E600BF2DE9F04F28
:107C100089B00F460592064608B9F9F7A7F84368F8
:107C200004938368012B0BD821B10846FFF7C8F8ED
:107C300000233B62304609B0BDE8F04FFFF710BBB0
:107C400091B10D6A002DE8D0AB68272B17D82821F9
:107C50002846FEF7D5FC78B13A462946304609B0A9
:107C6000BDE8F04FFFF7FFBA022328220846FEF7CF
:107C700021FC05460028DDD0AB68272BCDD94FF07D
:107C8000FF313046FEF7CCFA01900028C5D040689D
:107C9000FFF7D8FA019B6A6859680498FFF7A4FDBA
:107CA00083460028D8D0B3688342D5D3049B1B7881
:107CB0005A0740F18281062303932824049B13F87A
:107CC0000B3003F0F803E82B04D0F02B00F0E98030
:107CD000E02B18D17368029313F80B304FF00108B2
:107CE00003F00E0908FA09F840F2551218EA0208E2
:107CF00031D1B9F10E0F00F08580B3685B45ABD38D
:107D0000039B002BDAD1B168002F00F05881B7F83F
:107D10001880AB682144A1EB0B01A8F128088B4225
:107D20001FFA88F898D3B268686898FA98F893456B
:107D3000A0F8048006D27168A2EB0B0259442044DB
:107D400005F008F8002F00F04C817B8B1C44A4EB5D
:107D50000B047C836EE7029AA96813F0010308BF45
:107D60005A440BF101080CBF927812F8082004F174
:107D7000020A924451450BD369680819B9F1080FFA
:107D800010D8DFE809F0190F390F170F330F36003D
:107D900051462846CDE90632FEF732FCDDE90632CF
:107DA0000028E9D0A2464FF0000B5446BBF1000F6B
:107DB000A3D151E74FF02C09039C01F80490F3B9CB
:107DC000029911F8081001700BF10208029903934F
:107DD000931F08F10108DB0843704144023006920A
:107DE00004F0B8FF069A02EB080BDEE74FF03C09FF
:107DF000E2E74FF08709DFE74FF02B09DCE76B681C
:107E0000C31AE3E74FF0FF313046FEF709FA0246A6
:107E100000283FF421AFAB6804F1280A53450BF169
:107E2000010B2ED36B685168069103EB0409029B8A
:107E300008465B440793FFF705FADDE906134A4657
:107E40001846FFF7D1FC00283FF406AF6B68039992
:107E500029225A54029B13F80B305B0742BF6B6810
:107E600009F10608A8EB03088344A4B297B13B8B41
:107E7000283B1B1B9CB264BAA9F80440CDF80C80C7
:107E800093E7069051462846FEF7BAFB069A00286B
:107E9000C8D0E1E6B368283B1C44A4EB0B04A4B2B1
:107EA000E9E7AB68D6F8048004F108018B4218F8C2
:107EB0000B900BF1010A22D3686818F80AE009F068
:107EC000030CBCF1020F00EB04030BF102024FD0D4
:107ED000BCF1030F5BD0BCF1010F18D083F800E0B8
:107EE00018F802205A7008EB0B0C9CF803209A70CB
:107EF0009CF804C00BF1050283F803C017E0284684
:107F00000291FEF77DFB02990028D5D0A4E683F804
:107F100000E018F802205A700BF10402C3449BF8E9
:107F200003C0ACF5805C9CFA9CFCA3F802C019F07D
:107F3000040F7FF491AE18F802C083F806C0904495
:107F400002F1020B98F80120DA718FB33A8B121B01
:107F500092B252BA9A80039A11238354BBF1000F54
:107F60003FF47AAEB3685B45FFF476AE0C46CAE6E2
:107F7000AEF5805E9EFA9EFE20F804E018F802201E
:107F80009A700BF10402C3449BF803C0B4E74FEAB4
:107F90001E1C0EF00F0EACF5756CAEF5756E9CFAEE
:107FA0009CFC9EFA9EFEA3F800C0A3F802E0BEE788
:107FB000B2680832A2EB0B02CAE72824A3E62839EC
:107FC0002144A1EB0B011FFA81F8284614FA81F134
:107FD000FEF716FB00283FF4A6AE2846FFF740F94F
:107FE00028E6019BB3420CD11E6829460B4609685E
:107FF0000029FBD1019A1A602846059AFEF772FB08
:1080000018E6334601991A461B68994202D10B685B
:108010001360EAE7002BF5D1E7E72DE9F04F87B0D1
:10802000044640680392FFF70DF900902068002392
:108030000546019325B96368029324BBF8F796FEC1
:10804000AB68019A2D681A440192F3E7CDB9236019
:108050009A68186816441D46C0B1027C90F9103029
:10806000042A13D827FA03F3DB070FD5FEF73EFAED
:1080700003460028EAD1204607B0BDE8F04FFFF7DD
:10808000EFB82B60E4E72E461527E5E7002ED5D0A4
:1080900001230021F2180846FEF70CFA804600285A
:1080A000E9D0D0F804A0009A029953462046FFF781
:1080B00051F985B21DB94046FFF7D2F8DBE72368D6
:1080C0005B689B7904931846FFF79CF8049BB0B952
:1080D00029464046FEF794FA21682046FEF7D2F87A
:1080E0000268C8F80020C0F800800028C3D0DDE98D
:1080F0000021039B07B0BDE8F04FFEF721BB2268CB
:108100001768002FD7D0292B00F0928006D86BB1CA
:10811000112B30D0FF264FF00009EBE03C2B05D0AF
:1081200026D8A3F12B02D2B2012AF3D87968BA6813
:1081300091F801B0012A0BF1010B4FEACB0B7FF64E
:108140007DAF5A45FFF47AAFABF1020292B2FF2A3B
:108150000E78DFD82C2B0AEB050900F09E8000F288
:108160009680002B40F09780E02089F8000097E08F
:10817000872BDBD0CEE7BA68072A0AEB05037FF628
:108180005DAF796808884A8840BA6FF00F0680B200
:108190000AF805604FF2B00E20F00F0652BA76458D
:1081A00092B21FFA86FC1ED122F00F0666451AD144
:1081B00002EB0012A2F57022A2F52B62F3265A7090
:1081C0001E700222887998541344C979597002F1BB
:1081D0000209394608222046FFF7AAF800283FF492
:1081E0006AAFFF2686E002F47F46B6F5704F09D1EC
:1081F000F12018700878587048789870D2B2DA7008
:108200000422DFE700F47F42B2F5704F06D1F2227C
:108210001A7058708A789A70CA78F0E70A785A709B
:108220004A789A708A78DA70CA781A710522C9E792
:108230007B689E79BB68272B0AEB05027FF6FEAEB2
:108240006FF01F030AF805303046FEF7DBFFD0B1B0
:10825000E12313704FF0010902EB09030299009A20
:108260003846FFF777F800283FF425AF81442822ED
:1082700039462046FFF75CF800283FF41CAFB9F1FF
:10828000000F37DA17E756704FF00209E4E73C2B8E
:1082900035D1E62069E7E22067E7E4200AF8050027
:1082A00030460493FEF7AEFF58B3049B2C2B04D149
:1082B0004B885BBA9BB2072B23D899F8003043F068
:1082C000010389F800300120431C09F80020023125
:1082D00009EB03000592049304F03CFDDDE9043250
:1082E000394603EB020920465A46FFF721F80028D9
:1082F0003FF4E1AE09EB050295B23346E2E6E82031
:1083000033E70B7889F80130FF260220DCE770B5EF
:1083100006460C46154610211A462120FCF7EFFAB6
:1083200058B14368002264BA9E705A711A71DA70AB
:10833000DC80296899606968D96070BD40F20123CA
:10834000984273B50D46144613D10F4B02F1100637
:10835000CDE90031002269463046F8F727F80028B9
:1083600009DC3146094805F0D3F800212846FDF71D
:108370005FFF02B070BD236F002BFAD0626F102137
:1083800020469847F5E700BF00000102EEEA000032
:1083900013B5074A044692E803006B4683E80300DE
:1083A0000022194604F11000F8F700F802B010BDE1
:1083B000DCEC0000034610B4072408461C620021D0
:1083C00003F12804C3E900125C620222084C1A720D
:1083D00003F16802C3E90411C3E90611C3E91A43B2
:1083E00019675DF8044BDA601946FDF7AFBE00BFB0
:1083F0003D8300002DE9F0431D46036A87B0072B3B
:10840000DDF8388004460E46174600F1100929D1E0
:108410001022002102A804F01FF97B1E033324D888
:10842000394BCDE90434394B3A46186802A903F0B8
:1084300046FB236F13B1364803F072FF01226946F1
:108440004846F8F705F8314B02A9186803F01EFBFF
:10845000BDF8023040F20122934212D048F2744239
:10846000934215D06FF0150046E0002FE1D13A4657
:1084700069464846F7F7ECFF0028E4D16FF00A00A0
:108480003AE0019F3846FAF719FD40B9F8F76EFC5B
:10849000204B019A9A42E5D16FF073002CE000F175
:1084A00008032A1D00F1180153F804CB42F804CB4D
:1084B0008B42F9D104222A60D8F800205AB1043244
:1084C000283053F8041B42F8041B8342F9D1D8F832
:1084D000003004221A604FF0FF313846FDF7A0FE4D
:1084E00008B143685888236FA88237601BB1D4E96C
:1084F0000612914203D1002007B0BDE8F083626FFD
:10850000102120469847F6E79183000000EE000016
:108510001BEB0000630B8AF32DE9F04790460646FB
:1085200089469A46024600256AB9D9F80030D8F83B
:10853000002093420BD030460021FDF779FE6FF00A
:108540006900BDE8F087936812681D44ECE7042BCE
:10855000F1D108F1040209F104013046FAF7C1FC37
:108560000446B0B196F910700FB9022737746368EA
:1085700083F806A0B9F8146076B1002319461A46AC
:108580001846FDF76BFB36B20146C0B92046FDF731
:108590004FFE6FF00B00D4E7B8F81460002EECD15A
:1085A0000A49234640F202223846FCF73FFB0146C7
:1085B00050B92046FDF73CFE6FF04C00C1E7436820
:1085C0005E8004600446EBE72846BAE70000FFFF40
:1085D00008B508B9F8F7CAFBC31C133013F8012F0C
:1085E0001AB98342FAD1012008BD0020FCE700003F
:1085F000044B18684369013301D003F00ABA836859
:108600005B68184700EE000038B501F11802044617
:10861000034651F8040B43F8040B9142F9D1A08AA8
:1086200048B9FCF7BCFC054628B1FCF7B8FC10B90A
:10863000B5F86631A38238BD2DE9F0410D461446E8
:108640001F46064608B9F8F791FB1AB1D38A002BEA
:10865000F9D071B906F1940818220021404603F0C0
:10866000FBFF45B32B68EA8A042B0ED06FF069003C
:1086700009E0AA8A002AEDD0A38A002BEAD09A4208
:10868000E8D06FF01500BDE8F08132B902F09EFF2E
:108690006FEA80426FEA924292B22B46404605F161
:1086A000140153F804CB40F804CB8B42F9D11B885A
:1086B0000380A6F8AA2006F1AC0818220021404643
:1086C00003F0CAFFB4B12368042BCFD12046FFF7D3
:1086D0007FFF0028D5D121464046FFF795FF23793B
:1086E000FF2B07D009491022201D04F0D3FE08B14A
:1086F00047F002072DB1B6F8AA2004213046FFF753
:1087000059FEA6F8C4700020BDE700BF36ED00009A
:108710002DE9F04F8FB00DF1180A0025199F06952D
:10872000894616469846CAF80450044608B101B175
:108730000AB9F8F71BFB136853B10D60106829469E
:10874000FDF776FD3560294608460FB0BDE8F08F8D
:10875000D0F89430002B74D008931FB13B7ED8071B
:1087600048BF0697FFF744FF4FF00A0B054605A9DF
:10877000CDF800A008AB42462046FFF73BFE10F1C3
:10878000740F014611D10390FFF732FFB8FBFBF3E2
:10879000421BA8EB030393420399D5D94544A5EBAB
:1087A0000008FFF725FF0546E1E70028CCDB059828
:1087B0000421FDF735FD0028BBD0189BD0F804C07C
:1087C0008BB1189D08AB0DF1380E1A4603CA7245DD
:1087D00028606960134605F10805F6D1BCF8003041
:1087E000189A5BBAD382B4F8C430990718D5D4F874
:1087F000AC30ABB1BCF80030B4F8C2205BBA9BB26D
:108800009A4206D1102209A904F1B00004F042FEF8
:1088100030B100210598FDF70BFD6FF0460193E79D
:1088200047B13B7EDA0741BF23F001033B76B4F842
:10883000AA30FB82059B5A68C9F80020996833600A
:1088400082E76FF07C017FE72DE9F04388468DB029
:1088500015461F46044610B91AB9F8F787FA002AD8
:1088600079D0EB8A2BB96FF0150528460DB0BDE81D
:10887000F0832846FFF7ACFE0028F4D12B68042BC8
:1088800040F0A18054B1B4F8A8201AB1AB8A0BB162
:108890009A42E8D1D4F89430002B65D118220021F7
:1088A000684603F0D9FE02F091FE6FEA80466FEA57
:1088B0009646B6B264B1A4F8AA60002D52D1D4F89D
:1088C000AC30C4F89430324604212046FFF772FDE4
:1088D000CFB13A7E130716D53B680093FE8ABB8A58
:1088E000ADF814300DF1040E3B1D07F114091868A2
:1088F0005968F446ACE8030008334B45E646F6D128
:1089000022F008023A76002D3ED1B4F8C29004F16C
:10891000AC07009A3B68002A3ED10093404600F025
:10892000CFFD0023024619461846FDF7C3FD054654
:1089300070B1D0E90112404600F0CAFD31464A4606
:10894000284600F04DF9014648BB2846FDF770FC6B
:108950006FF00B0589E7D0F8AC30002B9AD16FF09F
:108960007F0582E72B68ACE7B4F8AA6004F19403B2
:10897000EC4604F1AC0E18685968624603C208332D
:1089800073459446F7D1A3E7294606A8FFF73CFEB6
:1089900006AFB5F81690BCE79A42BFD063E7112343
:1089A0003A466946FFF7B8FD051EC8BF083D002CD2
:1089B0003FF45BAF236F002B3FF457AF626F202172
:1089C0002046984751E76FF069054EE7C0E91C1251
:1089D0007047783070470021FDF72ABCF8B505894B
:1089E00007460E461446002054B900237968082231
:1089F00000F043FD96F91030022B0FD00020F8BD97
:108A0000BC42F2D0B442F0D02B462289616800F01B
:108A100034FDA36824682B449DB2E5E74319113364
:108A2000B3F5803F24BF013080B271682844113013
:108A300000232022083180B200F01FFD4FF6FF73A3
:108A400098421CBFC04380B2D9E7000080B5102215
:108A500088B00DEB0200002103F0FEFD504B5148A1
:108A60001B88ADF81C3040F20523ADF80A30082110
:108A70006FF085034C4D03930595F7F7D7FE04A9D6
:108A80000420FDF763FB40F202266846F7F7CBFEB1
:108A9000BDF80230B3424CD00DD840F201229342CF
:108AA000F3D1019F3846FDF721FD044660B93846F1
:108AB000FFF791FFE9E7A3F20323012BE5D802A911
:108AC0006846F7F787FEE0E70221FDF7A9FB0746B6
:108AD00008B9F8F74BF9206830B190F91030042B41
:108AE00002D18368082B07D0042208212046FDF715
:108AF0001FFD08B92046DBE700232374D0F804806B
:108B0000B8F80630002BF5D022463946FFF766FF4D
:108B10004FF6FF739842EDD1B8F8021049BA2346D8
:108B200040F2012289B20420FCF780F80028ACD181
:108B3000E0E7DDF80480404698F91070FDF7D6FCB8
:108B4000044608B94046B3E70068A0460028C0D0F4
:108B500090F91030042B19D1FDF7C8FC0028C9D0BA
:108B60004268C8F800000023816800680B440028B0
:108B7000FAD15BBA93807B1C04BF236893F9107011
:108B800040F20222234629463846CDE7FDF7AEFCE7
:108B900003460028AED0C8F8000000689846D5E724
:108BA000A0050020903D00200000FFFF10B5044606
:108BB00068B161B190F91030042B0BD10268FFF756
:108BC0000DFF50B1636840BAD880002010BD6FF02F
:108BD0000D00FBE76FF04C00F8E76FF00100F5E7E0
:108BE00038B514460D4601B10AB9F8F7BFF80423A9
:108BF00008220021FDF75EFC38B1436800226DBAFF
:108C000064BA1D805C809A71DA7138BD1FB50A4C58
:108C1000B4F900305BB9094A0948CDE90132094A83
:108C200000924FF4E0710522F7F79AFF2080B4F923
:108C3000000004B010BD00BF903F00208FEB00008B
:108C4000D03D00204D8A00002DE9F04104469DF8FA
:108C5000248080F8008010200F461E469DF82810C2
:108C6000069B6070154602B10FB11BB116B900200A
:108C7000BDE8F08118F0050F39D0C5BB002BF6D048
:108C8000A1709DF82020E270022B9DF82120227116
:108C900033D0082BEBD11C236370221D06F108038F
:108CA00013F8011D02F8011FB342F9D1002D4ED077
:108CB0000D23BDF81C10BDF82020914233D122783D
:108CC00042F040022270022D36D0082DCFD16278BA
:108CD00062F03F02627007F108021C4412F8011DA5
:108CE00004F8011BBA42F9D103F10800C0E7A170F2
:108CF000002BC6D1B5B90320BAE716491A4630464B
:108D000004F0C8FB18B928F0200884F80080182364
:108D10006370737863713378A3710DB90720A7E787
:108D20000723C6E703239DF81C10E1545A1C9DF845
:108D30001D10A1540233C6E7627862F07F026270B0
:108D40007A78E254981C23443A785A7090E70D20C0
:108D50008EE700BFE4EC00000178024601F0070056
:108D6000022828D098B1537803F00C03082B12D0B6
:108D70000C2B13D001F0400003431ED10320527886
:108D800012F0C0020CD1002B08BF0020704711F078
:108D90004003F3D0704707200123F0E70D20FBE7E5
:108DA0004B0658BF0230802A01D102307047C02ADA
:108DB00003D108307047032070470020EAE770B500
:108DC000034601B10AB9F7F7D1FF407800F00C0073
:108DD000082820D11878440618D40724587810F0B1
:108DE000C00027D01D786D0607D4402820D01E5D16
:108DF0001670651C02345D5D5570802820D11A5DA7
:108E00004A701C44022063780B7013E0D87810700D
:108E100018795070E1E70C2809D11878400601D480
:108E20000D24DBE7D878107018795070F8E710B18E
:108E30006FF0150070BD18784606F9D40324CDE70D
:108E4000C028F5D1234401F1080213F8010B02F800
:108E5000010D8A42F9D10820ECE708B501B10AB941
:108E6000F7F784FF437803F00C03082B09D1C3788C
:108E700013700379537043794B7083790B70022020
:108E800008BD0C2B0ED1C378137010F8043F53703B
:108E900001F1080310F8012F03F8012D8B42F9D1DD
:108EA0000820EDE73BB9037813F0400F14BF6FF0D3
:108EB00015000020E4E76FF01500E1E707B503684F
:108EC0008DF80710DB690DF107020221984703B006
:108ED0005DF804FB036800221B6A0221184710B5E5
:108EE0000446FFF7EBFF002805DB2046FFF7F2FF03
:108EF0000B30FAD0002010BD002370B50D468377EB
:108F0000012104461646FFF7EAFF002801DAF7F7C9
:108F10002DFFA36920465B68324629469847022008
:108F200070BD036810B5DB69002201210446984733
:108F3000002808DB236800221B6A0121204698478D
:108F40000B30F7D0002010BD036810B4DC6800239C
:108F5000A4465DF8044B604703689B6B184710B547
:108F600090F82530032B044609D8013380F82530CA
:108F70000121FFF7B4FF00280BDAF7F7F7FE002115
:108F8000FFF7EAFF20460022BDE810400221FFF76C
:108F9000B3BF204601F050FA032010BD0368DB6B1D
:108FA000184710B500210446FFF799FF002808DB99
:108FB0002368E16A5B6820469847204601F03CFA46
:108FC000002010BD0068C30754BFC0F3800001201B
:108FD0007047000073B590F82A506B1E04460E4689
:108FE000042B3BD8DFE813F0050049006100930033
:108FF000F5004E1E062E31D8DFE806F00A2030308C
:1090000004303200FFF7CDFF00284CDA012510E0D4
:1090100000212046FFF763FF0028F9DB2368204684
:109020009B68984703280FDDA36920461B68984773
:109030000225284684F82A5002B070BD002120463F
:10904000FFF74DFF0028F9DB002211462046FFF70D
:109050007BFF2046FFF765FF0028D7DAF7F786FE8B
:109060000021FFF72BFF0028D0DB2046FFF732FF5F
:109070000B30FAD002263546DBE705290FD007D89A
:109080004E1E012EEAD800221146FFF75DFFCFE702
:109090000629E3D1FFF745FF0028B7DAC8E7FFF755
:1090A00080FF0028C4DB0325C3E7022906D8002976
:1090B000D4D000221146FFF747FFF4E70429CDD1B1
:1090C00003681B68DD0719D4980717D402F07EFAED
:1090D00094F827104FF4A07301405943544B18687B
:1090E00002F0FEFD94F82730627F591CB2EB510F5D
:1090F00082BF5B0043F0010384F82730236800221D
:10910000DB691146204698471030F7D0B3E739B1F4
:109110004E1E012EA2D800221146FFF715FF88E748
:10912000036801AA1B6A9847002897DB9DF8041082
:10913000032993D8DFE801F007022A372068FFF7F8
:1091400041FF00288AD00023206884F82630FFF7EA
:1091500039FF08B9A37F43B901AA2046FFF7CCFE27
:10916000054600287FF465AF78E701212046FFF728
:10917000F3FE2046FFF7D5FE0028FFF66FAF4FF451
:109180005871204601F060F9052552E72068FFF785
:1091900019FF00283FF462AF002384F826302046F0
:1091A000FFF7DDFEDCE723681B68D90702D501AABB
:1091B0000321D2E79A07FAD494F826305A1C84F88F
:1091C000262094F828209A42F1D9204601F034F95B
:1091D00069E7022926D00329E1D001297FF43EAFB7
:1091E00003681D6815F004057FF438AF032201A958
:1091F000FFF7AAFE0028C7D09DF804309B07C3D50F
:10920000204601F02BF99DF8046094F825308DF884
:1092100001302946C6F300162046FFF79DFE6A4638
:1092200031469AE700221146FFF78EFEACE700BFF9
:1092300000EE000008B590F82A20013A012A02D970
:109240006FF00F0008BD09B90020FBE74A681278EB
:10925000C162C2F34012017F8277002280F825208C
:1092600080F8262001228A40013A80F82720052133
:10927000FFF7B0FE0328E7D0E2E72DE9F7430368E4
:109280004FF0010880F82A805B690446894617463A
:109290009847051E72DB3B68E3607B682361B9F881
:1092A0000030A3822323238440F20353A3830422A8
:1092B000236822851B6803F00801002915BF1A20C6
:1092C000052000210221608413F47C3004F10C0697
:1092D00084F8241001D1F7F749FD5F0461D490FAB6
:1092E000A0F103F4E047B1FA81F1B7F5804F08FA35
:1092F00001F156D0B1F5804F44DCD9044DD403F4CC
:109300004053A3F50052534253415B0084F82B3085
:10931000236820469B6998470B30F9D004F114026A
:1093200000212046FFF73AFE324601212046FFF792
:1093300035FE04F1200202212046FFF72FFE94F8AB
:109340002B308DF80030638CADF8023094F8243067
:109350008DF8043094F829308DF80530236869467B
:10936000DB6A2046984723686FF045015B6A204618
:1093700098472046FFF7D5FD0028FADB284603B0C2
:10938000BDE8F08303F47043B3F5004F07D0B0F5A8
:10939000003F0CBF06230023B8E74346B6E7134659
:1093A000B4E70323B2E72DE9F74390F82A90ADF82C
:1093B00002101E4690F82B308DF8003009F1FF3373
:1093C000012B0546884617468DF804208DF8056068
:1093D00028D8B9F1010F15D02B686946DB6A2846F9
:1093E0009847041E17DA2846FFF774FD0B30FAD0B1
:1093F000B9F1010F0BD12846FFF793FD041E06DAE1
:10940000F7F7B4FC0021FFF759FD041EE4DA20460B
:1094100003B0BDE8F083A5F8228085F8247085F8B4
:109420002960E0E76FF00F04F1E708B590F82A3003
:10943000012B09D0022B04D10621FFF7CBFD012817
:1094400005D06FF00F0008BD6FF07700FBE700203C
:10945000F9E708B590F82A30012B04D0022B09D087
:109460006FF00F0008BD0721FFF7B4FD0228F7D108
:109470000020F7E76FF07700F4E770B5AAB1DC07DA
:1094800005D511F8014B013A204492B20133560838
:109490000024B4420AD31A44D30703D511F8163076
:1094A00000EB0320030C08D180B270BD31F81450DA
:1094B0006DBA10FA85F00134EBE713FA80F0F1E7AA
:1094C0000346002003B970479A681B681044F9E707
:1094D00070B50B4604460E4615460CB9981B70BD78
:1094E000A268AA4209D86168184603F033FCA26852
:1094F00024680346AD1A1344EFE76FF06800EEE707
:1095000030B5426805680C684B689A4208BFA542AE
:109510000AD18468C268CB6888689A4208BF8442CE
:109520000CBF0120002030BD0020FCE710B590B139
:10953000B9B1884217D0431E0139002013F8012F1A
:1095400011F8014FA24207D06240B2FA82F21838F5
:1095500052FA80F0C0B210BD0830C0B28028EDD100
:10956000F9E70846F7E78020F5E7802A28BF802240
:10957000F8B5D50814462A4606460F4603F0EAFB1E
:1095800063070DD0C4F10804735D04EBC504FF222A
:10959000A24023EA02037355795D0A4013437355D1
:1095A000F8BD00002DE9F74F0F460192054618B1AE
:1095B00011B1531E272B04D90025284603B0BDE85E
:1095C000F08F1022002103F047F83B783A2B2DD181
:1095D0007B783A2BF0D107F101080024A3462646F8
:1095E000A146019BA8EB07029A4221D3BBF1000FD1
:1095F00008D0A21C102ADFD8631CDBB2310A29551F
:10960000EE54D4B2B9F1000F44D02C44A4EB0909B4
:1096100005F1100305F111010020CA1A9145CCDBB8
:1096200014F8012D03F8012D2070F6E7B846D4E7B1
:1096300098F800A01948514602F03CFD80B918483E
:10964000514602F037FD68B1154BC31A43EA0616BE
:10965000B6F5803FB0D24FF0010B08F10108C0E72A
:109660000E4BF2E7BAF13A0FA6D1BBF1000F05D1CC
:10967000B9F1000FA0D105EB0409EEE7A21C102AF6
:109680009AD8631CDBB2310A29558346EE54D4B212
:109690000646E2E7102C8FD18FE700BFA4EB000055
:1096A00093EB000038B50C46054650B149B1084669
:1096B00002F066FF214602462846BDE83840FFF723
:1096C00071BF002038BD00002DE9F0478C468AB0FC
:1096D000074620B9002738460AB0BDE8F0870029C0
:1096E000F8D000264FF0FF303546034634463CF8AC
:1096F0001610002938D1591C13BF013433B201248C
:1097000024B20136082EF2D15E1C39D0411C03D0A0
:10971000AC42DCBF03462C46022CACBF18464FF0CF
:10972000FF306B46DFF8DC804FF0000E19464FF03B
:109730003A0970452BD103F8019B00EB040EBEF1F2
:10974000070FF6DD451C05D00444082C04BF3A2061
:1097500003F8010B002003F8010B5B1A9342B9D800
:10976000384602F00FFDB6E7591CCAD0411C04D0A0
:10977000AC4202DC4FF0FF33C3E725461846F9E759
:10978000461C02D003462C46C6E72C46C9E7BEF16C
:10979000000F01D003F8019B1CF81E600CEB4E0576
:1097A0000F2E6D7818D94FEA161A06F00F0618F822
:1097B0000AA018F806605E702E0983F800A018F859
:1097C00006609E70033305F00F050EF1010E18F8C8
:1097D000055003F8015BB2E766B118F806A01E4613
:1097E00006F802AB4FEA151A18F80AA083F801A090
:1097F0003346E8E70F2D82BF2E0918F8066003F8FC
:10980000016BE0E7A4EB0000042808B507D1082AA3
:109810000BD10868186048685860104608BD0146BA
:10982000034803F075FEF7F7A1FA6FF01500F5E7AE
:10983000B5EB0000042870B50D461C4634D100235A
:10984000042A637023701CD0082A04D0022A1FD077
:109850006FF0150030E00B7883F0020323704B7833
:1098600063708B78A370CB78E3700B7923714B799D
:1098700063718B79A371CB79E371002CE8D0082058
:109880001AE00B7883F0020323704B786370022395
:10989000FF210022E170FE21A27021716271EA5C59
:1098A000A2711D446B78E7E7FFF7AEFF082803D1EC
:1098B000237883F00203237070BD0000042808B5EC
:1098C00005D00146074803F023FEF7F74FFA0B686F
:1098D00013604B685360137883F002031370082001
:1098E00008BD00BFFAEB0000042808B508D14B788A
:1098F000012B0BD0022B0CBF08206FF0150008BD08
:109900000146034803F004FEF7F730FA0220F6E7B9
:109910003CEC00006FF08500704773B50A460C46BA
:109920002321054602F098FE684601F01FFE6946B5
:10993000002241F2055311F8010B03EB43130344DA
:10994000B2FBF4F004FB102001322E5C082A86EAF8
:1099500003062E54EFD1002341F205529C4201D15F
:1099600002B070BDE95C02EB42120A44B3FBF4F1B1
:1099700004FB11310133685C50406854EEE738B5A0
:109980000C46054608212046FFF7C7FF2A7BA3792E
:109990005340A3716A7BE3795340E371237823F04A
:1099A000010343F00203237038BD0B680E28A2EBBD
:1099B000030209D00F2818D00D2803D132B113F8B3
:1099C000010B0D300B607047012A02D86FF01B00AD
:1099D00070471A465B7812F8020B63F31F2040BAF7
:1099E00080B200F20D101346ECE76FF04C007047A8
:1099F000042907B50A4601D9F7F7B8F900230193FE
:109A000021B102AB0146981A03F0A4F9019800BAFB
:109A100003B05DF804FB026813B51346002453B984
:109A200012BA036002AB0192191B224603F092F9AD
:109A3000204602B010BD01341B0AF0E770B50446A1
:109A40000C2B0846217803D893401943217070BD30
:109A5000B3F5867F04EB000608D80D2505FA02F25F
:109A600011430D3B217001303370F0E70E2505FAEC
:109A700002F211436FF4867213445BBA21702352D1
:109A80000230E4E7F7B581420446019117461D46CE
:109A900015D211F8016B814201D1FF2E0FD0019137
:109AA000224601A93009FFF780FF2246388006F0E0
:109AB0000F00FFF77AFF2860019803B0F0BD002087
:109AC000FBE738B50C4600B109B9F7F74FF9B0F923
:109AD00004300568002B09DA284602F051FD2946BA
:109AE00002462046BDE8384003F004BA2946204625
:109AF000BDE8384003F0D4BA00F110030246C08933
:109B000030B51C46A8B125888D4200F1FF3011D137
:109B1000E31A580902F150056FEA930303F00703B3
:109B2000012199402B5C23EA01032B5463881068C0
:109B3000184430BD0434E5E773B5064615460AB946
:109B4000F7F714F9FFF7D8FF0146C0B10024706899
:109B5000019401AB0DF10202FFF794FF0199A142BC
:109B600007DB042908DCFFF743FF2860204602B02A
:109B700070BD6FF04C00FAE76FF01B00F7E76FF075
:109B80000100F4E72DE9F04F032A0E46016001EBD6
:109B900002094FF0000185B004464160818100F167
:109BA000500BA0F85010816004D86FF04C0005B045
:109BB000BDE8F08F717809B9042AF6D1357805F03F
:109BC0000F05082DF1D804354FF00008354404F195
:109BD000100A4746A94501D8039508E0691C03917E
:109BE0002B78FF2B13D16160A9EB0101A181039BAD
:109BF0009945DAD36268E78102B9636004F15402DF
:109C000006212046FFF798FF90BB0020CFE71809F8
:109C10004A4603A90193FFF7C8FE031E0093C4DB65
:109C2000019B4A4603F00F00FFF7BFFE0028BCDB94
:109C3000009B9844CBB10F2F1ED818F0010F0CD009
:109C4000F908FB431BF801C003F00703012202FAE5
:109C500003F343EA0C030BF80130AD1BAAF80080B4
:109C6000AAF8025001370AF1040A039D0544B1E73E
:109C70004FF0FF336365C8E76FF00B0097E7F7B568
:109C80001D4613680646144633B9FFF735FF2060BA
:109C9000C0B9002003B0F0BD00270023ADF80630A6
:109CA000216870682B460DF10602FFF7EBFE0028D5
:109CB000EFD01FB9BDF80630002BEAD12B68034462
:109CC0002360E7E70127E8E72DE9F34789469DF898
:109CD00028A014461D46804610B10AB1012B01D8B8
:109CE000F7F744F8002300932E46494601AB6A4635
:109CF0004046FFF7C4FF014658B9009B13B904F86A
:109D000001AB013E0023681C2370801B02B0BDE83C
:109D1000F087019FBB1CB34209D804F801AB3A4657
:109D200020463C44F71B03F015F87E1EDDE76FF07C
:109D30001B00EBE738B50C46032C11461D4601D934
:109D4000F7F714F843EA0414049B4370BDF8143089
:109D500044F040045BBA047043800430904202D067
:109D60002A4602F0F7FF281D38BD2DE9FF4790462F
:109D700002680C9F127802F00F0A0AF104060C46E2
:109D8000F1199942054637D8A4B112F0300F14BF2B
:109D90004FF001094FF0020903AA4FF481712846E0
:109DA000FFF7CAFEC0B961090139C9B2062904D951
:109DB000F6F7DCFF4FF00309EEE7039A01238B402F
:109DC000134209D02B681B7803F03003102B10D0FE
:109DD00004268246074604462A6853885BBA9BB22B
:109DE000CDE900430432534649464046FFF7A2FFFF
:109DF000B81904B0BDE8F0876FF01B00F9E7F8B5BB
:109E000004460D461F46164600215022083002F037
:109E100023FCF61B25603D446560A681F8BDF8B5BE
:109E20009142069E05461F4601D9F6F79FFF002482
:109E3000531A047004220121FFF700FE2246014656
:109E400033462846FFF7FAFD04462EB1324639461E
:109E5000281802F07FFF34442046F8BD2DE9FF4763
:109E6000C6890F2E04460F469146984604D96FF0D6
:109E70001B0004B0BDE8F08736B1033630F8266029
:109E80008E4201D9F6F772FF4FF0000ABB1B042285
:109E9000012103A8ADF80CA08DF80EA0FFF7CEFDB0
:109EA000434605465246514603A8FFF7C7FDA3891E
:109EB00005444544AB42DAD3CDF800804B463A46E0
:109EC00031466068FFF7ABFFE28904EB82000132A4
:109ED0000782D4E90013591A41822B446360A38995
:109EE000E2815B1BA3812846C3E72DE9F0470746C3
:109EF0009DF820808A4614461D4623B302EB0309D1
:109F00000026237843450CBF621C22461446237862
:109F1000434505F1FF3504D0A14502D00134002DA1
:109F2000F5D1A31A03D1B8F12F0F07D136B151469D
:109F30003846FFF793FF002803DB0644002DE0D1ED
:109F40003046BDE8F0871846FBE737B5044601A860
:109F50000D460192FFF75FFD01AA03462946204600
:109F6000FFF77CFF03B030BD11F0010109D08389F8
:109F700063B143685A1C4260FF221A70818901391B
:109F800089B28181D0E90003181A70476FF01B0075
:109F90007047C068704770B5044601F017FB002396
:109FA000638422460123A07723742323638252F81B
:109FB000123B9D692046AC460223BDE87040062155
:109FC00060471B2910B511D81B2911D8DFE801F013
:109FD0003110131B25252D1010101010101010100B
:109FE00010501010101010371047104128293BD086
:109FF0006FF0850010E0012B01D8F6F7B7FE838AD9
:10A000001380022008E0072BF7D9D0F81630136030
:10A01000D0F81A305360082010BD022BEDD1418CCE
:10A02000490748BF08231380EBE7022BE5D1438A99
:10A03000F9E7022BE1D1C37F13800120ECE7012B6C
:10A04000DBD1438C13F0200F14BF012300231370C6
:10A05000F3E7012BD1D1438C13F0020FF4E7012B6E
:10A06000CBD190F91030F2E7022BC6D10423DAE706
:10A07000012BC2D96623D6E710B50C46062C114633
:10A080001A4607D8062C0BD8DFE804F00D0A171F74
:10A090002B2B3E00192C4ED01B2C43D0172C38D024
:10A0A0006FF0850008E0022A01D0F6F75FFE0B880A
:10A0B000FF2BFAD8C377022010BD022AF5D800235F
:10A0C0008382143002F046FEF5E7082AEDD800231B
:10A0D000C0F81630C0F81A30163002F03BFE0820E7
:10A0E000EAE7022AE1D10B88022B04D0082B07D023
:10A0F0006FF06900E0E7438C23F004034384DAE760
:10A10000438C43F00403F9E7022ACED10B88438243
:10A11000D1E70A78438C12B143F02003EEE723F035
:10A120002003EBE70A78438C12B143F00203E5E722
:10A1300023F00203E2E7012BB7D191F90030037459
:10A140001046B9E7826E436842F001028266002140
:10A15000184737B51C4650F8283F29B922B99B68E3
:10A1600003B0BDE830401847DD6801ABA84734B103
:10A170009DF80430AE3B23809DF80530A37003B0FA
:10A1800030BD283812B1537880F86C30012380F844
:10A190006D30032906D8DFE801F002060A0804231F
:10A1A00080F86E3070470523FAE70723F8E70623A7
:10A1B000F6E7012380F84530022380F846307047E7
:10A1C0000329A0F128000BD0042904D001290BD0C9
:10A1D000436800211847836E43F002038366F7E764
:10A1E000836E43F00403F9E7836E43F00803F5E759
:10A1F000422970B414460DD0572912D01A2913D110
:10A2000090F85230022B14BF022301231370002058
:10A2100070BC704790F96C30002B08DB2370012074
:10A22000F6E790F85330F9E770BCFFF7CABE6FF05D
:10A230008500EDE72DE9F041044600F128074FF0D5
:10A2400001080026EFF3108372B6A56EA666EFF341
:10A25000108362B6EB0603D504213846FEF7BAFE3A
:10A26000E80703D503213846FEF7B4FEA90703D556
:10A2700000213846FEF7AEFE6A0703D501213846B5
:10A28000FEF7A8FE2B0714D502213846FEF7A2FEE2
:10A290004FF00008A26E002AD4D194F86D30D3B1EB
:10A2A0006368B8F1000F07D141462046BDE8F04190
:10A2B0001847002DEED0EBE794F86E1084F86D206F
:10A2C0002046984794F86E30032B04D03846BDE8FA
:10A2D000F041FFF7AAB8BDE8F08110B50446283078
:10A2E000FEF7A8FF0028A4BF032384F86E3010BD3A
:10A2F00037B5044600F116052946F7F775F9237FAF
:10A3000003F07F032375637F63752A4604F114010C
:10A3100004F12800FEF7B1FF00281BDB2046FFF701
:10A320003AFEB4F84A30ADF806300DF106020223C9
:10A330000021204694F95150FFF79EFE064A012362
:10A3400017212046FFF798FE20466368A584082160
:10A350009847002003B030BD46ED000006292DE9E6
:10A36000F04104460E4615461F4600F1280007D866
:10A3700006290BD8DFE801F0300A121B0A0A260072
:10A38000142950D01A293ED010292DD03B462A46F8
:10A3900031462046BDE8F041FFF76EBEA36A0021BA
:10A3A000DB6B98470028F1DB2B88A387EEE7A36AD5
:10A3B0000121DB6B98470028E8DB2B6863636B683F
:10A3C000A363E3E7A36A0221DB6B98470028DDDB88
:10A3D0002B88A4F84830D9E794F9513094F84C20F0
:10A3E0002988FEF7E0FFD1E7B2F9006092F900306A
:10A3F000B4F84A1094F84C20FEF7D5FF002800DB93
:10A40000A684BDE8F0811378012B04D0022B06D07E
:10A410006FF08500F5E7BDE8F041FFF71AB8BDE839
:10A42000F041FFF702B81178A36A4900BDE8F04196
:10A430009B6B01F0FE011847036C43F010032838B2
:10A440000021836643681847034B0A4600F1300138
:10A45000186801F034BB00BF00EE0000064B10B5D9
:10A46000A0F1280400F13001186801F00FFBA36E81
:10A4700023F00103A36610BD00EE0000054B03604E
:10A48000054B0364054B0363054BC0E918300020FE
:10A49000704700BF48ED000064ED0000C1A100005E
:10A4A00045A1000050B1EFF3108272B6054B196858
:10A4B0000160186082F31088002070476FF015006B
:10A4C000704700BF943F002010B9024B18687047D6
:10A4D00000687047943F0020014B186802F012B8E2
:10A4E0005C0400207047000030B50346EFF3108491
:10A4F00072B6094A094D10680144A94205D8084DB1
:10A50000A94202D31160421C03D10C221A604FF001
:10A51000FF3084F3108830BD2C040020000004209C
:10A52000BC4300201946104601F08AB9194610466E
:10A5300001F090B9132303604FF0FF3070471323ED
:10A5400003604FF0FF307047132303604FF0FF307C
:10A55000704702294FF0000303608CBF00200120E8
:10A560007047F6F7C1BD00000C2907D841F2190366
:10A57000CB40DB0706D44FF0FF30704740F20C634E
:10A580009942F8D110F0200F00F01F00044B00F5A5
:10A59000E07008BF4FF0A04343F820100020704740
:10A5A00000030050024B0122C3F80425704700BF8E
:10A5B00000D000400F4B70B501220F4CC3F80423AC
:10A5C00001441A604FF400550022884205D101224F
:10A5D000C3F808235A6070BD20BFD3F80061002E75
:10A5E000FAD0D3F8086500F8016BC3F80021C4F86D
:10A5F0008051EAE700D0004000E100E00C23054A6A
:10A600004343D358044AC3F80823044B03EB8000A8
:10A61000F6F752B96CED000002020001983F0020ED
:10A6200038B54FF0402540F40073C5F804330446B4
:10A6300001211A48F6F70AF9D5F8043113B10023BD
:10A64000C5F80431E0010BD54FF04023D3F84C1589
:10A65000D3F84825914203D0D3F82421002AF5D01D
:10A660004FF04023D3F824210AB9002038BD00223E
:10A67000C3F82421D3F8C424910705D50222C3F8D6
:10A68000C4246FF00500F1E7D3F8C4245207ECD5D9
:10A690000422C3F8C4246FF00400E7E7983F0020C9
:10A6A00038B59DF8105018B912B1581EFE2801D9BE
:10A6B000F6F75CFB15F009001BD14FF04024C4F8FD
:10A6C0008815C4F84425C4F848356B075CBF4FF4BF
:10A6D0000073C4F800324FF001034CBFC4F800020D
:10A6E0000220A36048BF4FF08070BDE83840FFF7FC
:10A6F00097BF6FF05E0038BD38B5054608B1F6F774
:10A7000035FB4FF04024124801210560F6F79EF812
:10A7100040F20C61C4F800552820FFF725FF40F2F5
:10A720000C610B20FFF720FF2823C4F808350B230A
:10A73000C4F80C354FF0C863C4F8243505492A46DF
:10A740002046F6F7ADFE0623C4F8003538BD00BF3D
:10A75000983F0020FDA5000008B5024608B1F6F7B5
:10A7600005FB0A494FF04020F6F79CFE4FF04023CE
:10A770002822C3F808250B22C3F80C254FF0C86225
:10A78000C3F824250622C3F8002508BDFDA5000056
:10A7900008B5034608B1F6F7E9FA4FF04020C0F8D3
:10A7A0000035BDE80840F6F797BE10B59DF80840A3
:10A7B00018B912B1581EFE2801D9F6F7D7FA14F0CD
:10A7C0000D0F12D14FF04020BDE81040C0F88815A1
:10A7D000C0F83425C0F838354FF48053C0F8003243
:10A7E000012303600220FFF71BBF6FF05E0010BD66
:10A7F0002DE9F34102F1604CBCF5802F9DF82080DB
:10A8000006460F4615461C4606D2CDF8208002B0FB
:10A81000BDE8F041FFF744BF013BFE2B01D9F6F73D
:10A82000A5FA01210B48F6F711F8224629460A48F5
:10A8300002F090FA2346084ACDF8008039463046A7
:10A84000FFF72EFF04460348F6F736F8204602B01D
:10A85000BDE8F0819C3F0020A03F002000234FF482
:10A8600040311A0102F180420133092BC2F8081964
:10A87000F7D1FEE708B5F6F7A3FE064B01225A60B2
:10A8800005494FF4003008600021C3F808151A602C
:10A8900008BD00BF0010014000E100E0014BD3F80B
:10A8A0000405704700100140064B1960064B1A6002
:10A8B000064B20F07F404FF48032C3F84005C3F8C8
:10A8C00004237047AC400020A84000200010014045
:10A8D000024B4FF48032C3F8082370470010014048
:10A8E000014B01221A6070470010014010B5134C53
:10A8F000D4F84031012B0BD10023C4F840314FF480
:10A9000080330F4AC4F808330E4B10681B68984711
:10A91000D4F80431012B07D100230B4AC4F80431C9
:10A920000A4B10681B689847094B1B682BB1094BF1
:10A930004FF080525A60BFF36F8F10BD001001407E
:10A94000A8400020AC400020A0400020A4400020EF
:10A950001005002000ED00E0F8B5204E06EBC00326
:10A9600005461F790024A74209D81D4B1B682BB14F
:10A970001C4B4FF080525A60BFF36F8FF8BD56F8F2
:10A9800035C00CEB8403D3F84011012923D10022F8
:10A990001548C3F840210C2303FB05031A7A42FA39
:10A9A00004FE1EF0010F16D093F809E04EFA04FEE3
:10A9B0001EF0010F08D1A14022EA01021A724FF4E1
:10A9C0008033A340CCF808330C236B43C2182146D4
:10A9D000C358506898470134C5E700BF88ED0000B0
:10A9E0001005002000ED00E0B04000200328F0B585
:10A9F00002D94FF0FF30F0BD0C2444431E4D2E19F8
:10AA00002A511E4C736054F83050C60004EBC0004D
:10AA1000012743796F601A48C5F808350023C5F847
:10AA20000435EF6081421BD1C5F81035A31919799F
:10AA300000231846994219D872B1344494F906207B
:10AA4000A379002A08DB0122590903F01F0302FA47
:10AA500003F30C4A42F8213001232B600020CAE79F
:10AA600001330A2B4FEA5000DCD1C2E703F1500753
:10AA7000013345F82700DDE7B040002088ED0000F5
:10AA80000024F40000E100E0134B03EBC00210B51A
:10AA900012798A421DDD53F830204FF480338B4009
:10AAA000C2F80833D2F80042012303FA01F124EA84
:10AAB00001040A4BC2F800420C2202FB0030037A68
:10AAC00023EA01030372437A23EA0103437200205D
:10AAD00010BD4FF0FF30FBE788ED0000B0400020D4
:10AAE000064B03EBC00253F83030127903EB8203BC
:10AAF00001221A64D3F84005704700BF88ED0000BA
:10AB00002DE9F84FDFF8A48008EBC00A05469AF853
:10AB100004308B42164642DDFFF7E2FF8419EFF363
:10AB2000108772B61F4B58F835B00C2202FB053364
:10AB30004FF001091A7A09FA01F002431A725A7A9F
:10AB40000BEB810822EA00025A720023C8F8404544
:10AB5000C8F84031D8F840314FF480338B40CBF8FF
:10AB600004332846FFF7BCFF9AF805200E4B53F834
:10AB70002230241A1C40A6420CD2D8F840314BB9DE
:10AB8000CBF804902846FFF7ABFF4844C8F84005CF
:10AB9000CBF8009087F310880020BDE8F88F4FF0C5
:10ABA000FF30FAE7B040002078ED000088ED0000AB
:10ABB000024B53F8303001221A60704788ED0000D4
:10ABC000024B53F8303001221A61704788ED0000C3
:10ABD0000020FFF7C1BE0120FFF7BEBE0220FFF735
:10ABE000BBBE0320FFF7B8BE70B50C461546014644
:10ABF000002840F093804B4A4B4EC2E90053C6F800
:10AC00006C052DB11B20FFF7AFFC1B23C6F81435D4
:10AC100003211A20FFF7A8FC434B1A22C3F80C2586
:10AC2000B4F5614F4FF0FF32C3F80825C3F8102583
:10AC300052D020D8B4F5615F47D011D8B4F5965FF3
:10AC400041D008D8B4F5966F2FD0B4F5166F37D031
:10AC50006FF0850070BDB4F5165FF9D1334A26E078
:10AC6000B4F5E14F34D0B4F5164F33D0B4F5964F68
:10AC7000EED12F4A1BE02F4A944233D00AD8B4F5C4
:10AC8000E13F2BD0B4F5613F2AD0B4F5963FDFD138
:10AC9000294A0CE0B4F5612F27D0284A944226D0E7
:10ACA000B4F5E12FD4D1264A01E04FF49E22C3F837
:10ACB00024251D4B0822C3F80025DDB90020C9E773
:10ACC0004FF41D22F3E71F4AF1E74FF46C12EEE751
:10ACD0001D4AECE71D4AEAE71D4AE8E71D4AE6E798
:10ACE0001D4AE4E74FF08062E1E71C4ADFE74FF0DE
:10ACF0008052DCE701211A4AC3F83815C3F834251D
:10AD00001022C3F80423D3F8002242F02002C3F833
:10AD100000221960134B04221A60CFE76FF0120073
:10AD200098E700BFE44000200020004000502700CA
:10AD300000A04E0090D0030000903A0140420F0066
:10AD400000705F0700B0130000F0750000509D0018
:10AD500000F0EB0000E0D70100B0AF0300D0BE0E62
:10AD6000E040002000E100E02DE9F0410C4688B011
:10AD7000164608B1F5F7FAFF11F0005722D1194D28
:10AD8000B74202D308B0BDE8F081A6EB0708B8F1DE
:10AD9000200F28BF4FF020084246E119684601F015
:10ADA000D9FF0023C5F820310123C5F844D5C5F8E3
:10ADB0004885AB60D5F82031002BFBD00123EB6038
:10ADC0004744DDE7074BC3F82001C3F84415C3F837
:10ADD000482501229A60D3F82021002AFBD00122C5
:10ADE000DA60CFE70020004008B50D4BD3F8102102
:10ADF0005AB10022C3F81021D3F83C352BB1094BCE
:10AE000009491A68097858689047084B1B682BB1A4
:10AE1000074B4FF080525A60BFF36F8F08BD00BFE1
:10AE200000200040E4400020E04000201005002009
:10AE300000ED00E011F15C0F10DB0A4BD3F86C263B
:10AE400022F47F42C3F86C26D3F86C265C31890863
:10AE500042EA0122C3F86C26002070476FF015000B
:10AE6000704700BF0010004000207047014B187869
:10AE700002387047844100200A4BD3F86C2602291F
:10AE800002F00702C3F86C2605D001F0FD0101298C
:10AE90000CBF03210021D3F86C261143C3F86C16B4
:10AEA0000020704700100040032906D8DFE801F0B9
:10AEB00002070D11084B12881A80002070470749BD
:10AEC00013680B6053684B60F7E7054B12881A80D4
:10AED000F3E76FF085007047FA400020F240002051
:10AEE000F0400020084631B9044B1278197862F31B
:10AEF0000411197070476FF085007047300400200E
:10AF0000022911D80A4A0B48525C4B1C9B0003F0E3
:10AF1000040343EAC203027803F00C0322F00C029C
:10AF200013430370002070476FF08500704700BF27
:10AF3000A8ED000030040020002A09DC064B1A7836
:10AF40000CBF0121002161F341021A7000207047FB
:10AF50006FF08500704700BF3004002038B591F9CC
:10AF6000052002F12803DBB2302B30D8194BD3F87F
:10AF7000500508B1F5F7FAFE8D786FF03104052120
:10AF800011FB0541012AC3F8081503DDC3F80C25A0
:10AF9000002038BD002A02DBC3F80C05F8E7111DBC
:10AFA00001DBFC22F2E712F1080F01DBF822EDE7EA
:10AFB00012F10C0F01DBF422E8E712F1100F01DBB4
:10AFC000F022E3E71432ACBFEC22D822DEE76FF0C8
:10AFD0001500DEE700100040F8B5244D244E2C7813
:10AFE000D6F85005E4B2234603292ED8DFE801F055
:10AFF00002181D2734B1052C10D0D6F85035003B6F
:10B0000018BF012303F0010322B12878052808BFE7
:10B01000032111700BB36FF00A00F8BD0023F1E7B4
:10B02000421E5142514129B1F5E720F0080104299F
:10B03000F1D00021DBB22B7089B90020EDE7211F90
:10B04000012994BF002101210AB9F5F78FFE231FC2
:10B050005C425C4114700023E5E70121EAE7044B00
:10B060004FF44022C3F80022E7E700BFFC40002075
:10B070000010004008B5124B1868C1B9114B1B787D
:10B0800013F0100F104B0CBF022212225A700F4AFD
:10B09000D278DA700E4AC2F8043501231360032116
:10B0A00083689847BDE808400120FFF789BD012962
:10B0B00001BF044A137823F001031370F2E700BFC5
:10B0C000EC40002030040020FD400020844100209E
:10B0D0000010004008B5064BD3F8FC2F012A04D11C
:10B0E0000022C3F8FC2FF6F755FA002008BD00BF78
:10B0F0000010004038B5084610490C78A51E95424E
:10B1000018D88BB1214411F8014C3F2C98BFA200F4
:10B11000A4F15D0464B294BFD2B2FF22502CA8BF48
:10B120005024523C5A701C7005492A4601F012FE08
:10B13000284638BD6FF06800FBE700BF844100205F
:10B1400085410020044BD3F8502522B10022C3F8DA
:10B15000102101221A6170470010004008B5FFF766
:10B16000F1FF034AD2F85035002BFBD108BD00BFD8
:10B170000010004008B503292DD8DFE801F00217C0
:10B180002B42264B1B78DA0745D413F0020F244AD2
:10B190000CBF4FF440234FF4C723C2F80032012301
:10B1A0001360204ADBB21370002008BD1D4B1A78D3
:10B1B00012B11B78032B2ED1FFF7D0FF184B1A4A80
:10B1C000C3F804254FF44022C3F8002201225A603C
:10B1D0000323E6E70AB9F5F7C9FD13782BB9114B3C
:10B1E0001A7812B11B78032B15D1FFF7B7FF0C4B60
:10B1F0004FF44022C3F800220C4AC3F80425002370
:10B20000CFE7FFF7ABFF064B4FF40062C3F8002215
:10B2100001225A60F3E76FF00F00C6E73004002008
:10B2200000100040FC40002084410020024100202A
:10B2300070B50C4609B9F5F799FD094E0025A268CD
:10B2400032B1681C6168304401F084FDA3681D447C
:10B250002468002CF3D1024B02351D70204670BDCE
:10B26000024100201D4B10B500221D4C1A70D4F86D
:10B27000FC3F23B9F6F776F90123C4F8FC3FFFF74A
:10B2800061FF0F23C4F81035164BC4F814357F2323
:10B29000C4F81835A723C4F860360020124BC4F850
:10B2A0004406C4F8483640F20223C4F834350F4B44
:10B2B000C4F83835C4F83C05D4F8503643F00103DF
:10B2C000C4F850364FF44023C4F80032084B022231
:10B2D0001A60084BC4F8043310BD00BFFC400020C6
:10B2E0000010004008000006FF0700FF21100100C9
:10B2F00000E100E0084006000F4B10B500241C7070
:10B300000E4B1C700E4B05221A7002225A709C7054
:10B310000C4A23464FF224410120FFF767FBA0426D
:10B3200001DAF5F723FD0120FFF74AFC064B204622
:10B33000C3F8FC4F10BD00BF844100200241002033
:10B34000FD40002075B0000000100040754BF0B5C6
:10B350001C68754BD3F8382185B052B10021C3F871
:10B360003811724B1A78012A52D1A3680221204663
:10B3700098476D4BD3F8442162B10022C3F84421B1
:10B380006A4B1A78012A05D004221A700521A36895
:10B3900020469847644BD3F848216AB10022C3F88D
:10B3A0004821624BA268197801294FF005011970F4
:10B3B000204608BF042190475B4BD3F80C21002A9C
:10B3C00000F08280594D0027C3F80C712A78022AB8
:10B3D000D6B200F09380032E1FD0012E40F09F8044
:10B3E000534A544B19781378132943F0010313700F
:10B3F000314634BF0C2228223046FFF781FB30460D
:10B40000FFF7D6FBA3682F700421204698475BE026
:10B410001B78032BADD1A368A9E7D3F80034002B28
:10B4200069D04FF6FF7302A94348ADF804306A466D
:10B43000FDF713FD414B5F787907064605D140487B
:10B44000022201A902F026F858B30222694601A897
:10B4500002F020F828B13A480222694602F01AF8B0
:10B4600008BB022E17D13748324602A902F012F863
:10B47000B8B13548324602A902F00CF8B0FA80F0B3
:10B4800040092B4B1B7813F008010ED000232B70C2
:10B49000A3680321B9E7082E05D12C48324602A93A
:10B4A000EAE70120EDE70020EBE7D0B117F0200735
:10B4B00015D00C220120FFF723FB0120FFF778FBBA
:10B4C000FFF740FE02232B70214B1B682BB1214B51
:10B4D0004FF080525A60BFF36F8F05B0F0BD2F70F0
:10B4E000D6E7BA0703D55B0701D42870D0E70E4B27
:10B4F00001229A60E8E7A368012186E72F70FFF731
:10B5000021FE0B4A1378012143F001031370084612
:10B510000C22FFF7F5FA0120FFF74AFBD4E7F5F715
:10B5200025FC00BFEC40002000100040FC40002043
:10B530003004002002410020854100208441002089
:10B54000F0400020FA400020E4EC0000F24000202F
:10B550001005002000ED00E0024B0360024B186074
:10B56000704700BFACED0000EC400020024A0346EB
:10B5700003CA1860596070476000001008B50020C9
:10B58000FFF7BAF8FFF776F9BDE80840FFF70AB809
:10B5900010B50321084C2A20FEF7E6FF4FF4806324
:10B5A000C4F80C3503212F20FEF7DEFF4FF40043D3
:10B5B000C4F80C3510BD00BF00030050024B013829
:10B5C000002218605A607047084200200849094864
:10B5D0000B68094A10B54C68584302FB0400A3FBF2
:10B5E0000232013340EB0200C1E9003010BD00BF60
:10B5F000084200202DF451582D7F954C07B50421A9
:10B600000DEB0100FEF7D6FF0198FFF7D7FF03B05F
:10B610005DF804FB884270B5064601D3F5F7A6FB3A
:10B620000D1A691EB5FA85F32942C3F11F0209D12B
:10B6300001249440013CFFF7C9FF20408542FAD91C
:10B64000304470BD1F2A04D0C3F1200301249C4064
:10B65000F0E74FF0FF34EEE770B586B004464AF2EB
:10B660007C230068ADF80C300E461546FFF774F8E1
:10B670000023009321792068022303AAFFF7B8F87A
:10B6800028B12068FFF784F8012006B070BD009053
:10B6900021792068062304AAFFF787F80028F0D153
:10B6A0002068FFF775F846B1BDF813305BBA9BB25E
:10B6B00042F2107253431B0C33805DB1BDF8103061
:10B6C0005BBA9BB244F25C4253431B0CA3F58C5310
:10B6D000143B2B80FF233122022104A8F4F752FEF1
:10B6E0009DF8123083420DD1FF23312202210DF14A
:10B6F0001300F4F747FE9DF81530181A18BF012003
:10B700004000C2E70220C0E77FB504464CF6EF03D5
:10B710000068ADF80C300E46FFF71EF800230093CA
:10B7200021792068022303AAFFF762F828B1206874
:10B73000FFF72EF8012004B070BD00902179206839
:10B74000022303AAFFF731F805462068002DEFD148
:10B75000FFF71EF8BDF80C305BBA33802846EAE7E5
:10B7600007B5034600B109B9F5F700FB03C983E843
:10B7700003000DF106011846FFF7C6FF50B9BDF8EA
:10B78000060000F03F00073818BF0120400003B05A
:10B790005DF804FB0120FAE7EFF3108372B6002294
:10B7A000017D027583F3108819B18368D0E9030223
:10B7B0001847704770B506460C461546FDF709F95F
:10B7C000037D1C430475C0E903650146BDE8704074
:10B7D0008069F5F72BBF0000F8B50F4616461D46E9
:10B7E0000446FDF7F6F8002303750360054B43603C
:10B7F000876186602A4620460349BDE8F840FDF788
:10B80000E5B800BF99B70000B5B7000010B500B1AA
:10B8100009B9F5F7ABFA03680A6893420ED1C48AF6
:10B82000CA8A94420AD1042B08D110220431043070
:10B8300001F030FEB0FA80F0400910BD0020FCE7B6
:10B840006FF08500704700231A464FF4E131184627
:10B85000FFF7CAB910B50A460C4601460020FFF7AB
:10B8600083FA204610BD00F12401006A00F00EB9F1
:10B8700010B50446006A4369013313D000F0C9F8DB
:10B8800078B1636B94F83840A0FB0303C4F1200146
:10B89000A4F12002E04003FA01F1084323FA02F286
:10B8A000104310BD83685B689847E9E730B4436C88
:10B8B00090F840501944C36BC5F12004A1FB031359
:10B8C000A5F12002E94003FA04F4214323FA02F22D
:10B8D0000A4330BC00F12401006A00F0F0B8000017
:10B8E0002DE9F04104460F461546002148221E4628
:10B8F00000F0B2FE1D4BA3601D4B2762C4E90B3460
:10B900000DB9F5F733FA002EFBD03246294604F183
:10B910003400F5F7D1FF2A46314604F13C00F5F733
:10B92000CBFFB5424FF0FF3319D294F83850616B1A
:10B93000C5F12000A1FB031303FA00F0A5F12002DA
:10B94000E94023FA02F2014311434B1C61610AD022
:10B95000A36820461B68BDE8F04149081847B5FBBD
:10B96000F6F563616564BDE8F08100BFF0ED0000AD
:10B970002DBB00000346006838B10A6822B9D868B8
:10B98000431A5842584170470120704703460068E7
:10B9900048B1416831B902681A600AB9DA60704783
:10B9A0000160704700207047416902688368B1F107
:10B9B000FF3F07D01B6849081AB15268914228BF5F
:10B9C0001146184712B11B685168FAE79B6818477F
:10B9D00038B505460C46FFF7CDFF08B9F5F7C6F9AF
:10B9E00028460246006898B1A042FAD1EB68A3420B
:10B9F00004D1AA4214BF13460023EB6023681360EE
:10BA00001BB15A6861680A445A6000232360012010
:10BA100038BD38B5436904460BB9F5F7A7F9EFF31C
:10BA2000108572B683685B6898470246D4E90510B2
:10BA3000E36982423ABF0131891811461B1A58182E
:10BA4000C4E9062085F3108838BD4269013201D06F
:10BA5000FFF7DFBF83685B68184738B50546446861
:10BA6000FFF7F3FF2B6833B1021B002459689142A2
:10BA700003D3891A5960686038BD521A5C601B682C
:10BA8000002BF8D059680029F9D0EFE7F8B5054642
:10BA90000E46EFF3108772B6FFF76CFF044650B105
:10BAA0002846FFF7DAFF31462846FFF791FF0446A4
:10BAB0002846FFF779FF87F310882046F8BD2DE967
:10BAC000F04105460E461446EFF3108872B6FFF7B4
:10BAD000C4FF314607462846FFF74CFF10B1284601
:10BAE000FFF776FF2B8AA34234BFE21A002272606E
:10BAF0002B4600211C461B6883B9501A33607060C6
:10BB000093B1891A5A680A445A6026602846FFF79A
:10BB10004BFF88F310883846BDE8F0815868084428
:10BB20008242EAD30146E5E7EE60EEE7436901337E
:10BB300010B5044619D0FFF788FF236883B1616808
:10BB40005B681944081A00280FDD6169A368490879
:10BB500081421B6828BF01462046BDE810401847B7
:10BB60006169A36849081B68F6E723683BB920466A
:10BB7000FFF71AFFEFF30583DBB2BBB110BD6268BC
:10BB800059680A44626000225A602046FFF7FEFEB0
:10BB90000028ECD0D0E9023098472046FFF7F6FEA7
:10BBA0000028F7D12046FFF758FFEEE7034B4FF090
:10BBB00080525A60BFF36F8FE0E700BF00ED00E0F6
:10BBC00010B50A4C0A4A0B484FF0FF33002100F031
:10BBD00063F8204600F030F821460748BDE81040E1
:10BBE0004FF400434FF47A72FFF77ABE58420020B8
:10BBF00040420F003404002010420020FEF768BECF
:10BC0000FEF74CBE70B504460D46EFF3108672B6D3
:10BC1000FEF744FE022D2CBF401902300449224693
:10BC200020F07F40FEF740FE86F3108870BD00BF15
:10BC300035BC0000FFF77ABF0A4B10B5044683609D
:10BC40006FF07F434361FEF715FEFEF749FE616921
:10BC50004B1C06D0A36820461B68BDE8104049086D
:10BC6000184710BD04EE0000FFF760BF006A002116
:10BC7000FEF70ABF006AFEF733BF828C8A4210B516
:10BC800038BF0A46EFF3108472B60021006AFEF74F
:10BC900037FF84F3108810BD10B5044608461146DE
:10BCA0000A4AA26063610A4A20622346FEF79EFEAA
:10BCB00008B1F5F75BF861694B1C06D0A368204614
:10BCC0001B68BDE810404908184710BD10EE000081
:10BCD00069BC0000F4F7F0BDB0F90010F4F71EBD28
:10BCE00010B586B0EFF3058212F0FF0201D0F5F730
:10BCF0003DF84FF0FF33CDE90132094B0493438AFD
:10BD000003928B4238BFCA1A01AC02A90594FFF70F
:10BD1000D6FE01212046F4F799FD06B010BD00BF04
:10BD2000D5BC000070B4044EBDF90C50C1E90263EB
:10BD30001D8070BCFFF7C3BED9BC000081F000417C
:10BD400002E000BF83F0004330B54FEA41044FEA00
:10BD5000430594EA050F08BF90EA020F1FBF54EA9B
:10BD6000000C55EA020C7FEA645C7FEA655C00F037
:10BD7000E2804FEA5454D4EB5555B8BF6D420CDD08
:10BD80002C4480EA020281EA030382EA000083EA8B
:10BD9000010180EA020281EA0303362D88BF30BD2B
:10BDA00011F0004F4FEA01314FF4801C4CEA113181
:10BDB00002D0404261EB410113F0004F4FEA0333E0
:10BDC0004CEA133302D0524263EB430394EA050F6B
:10BDD00000F0A780A4F10104D5F1200E0DDB02FADA
:10BDE0000EFC22FA05F2801841F1000103FA0EF26E
:10BDF000801843FA05F359410EE0A5F120050EF134
:10BE0000200E012A03FA0EFC28BF4CF0020C43FA64
:10BE100005F3C01851EBE37101F0004507D54FF071
:10BE2000000EDCF1000C7EEB00006EEB0101B1F5C1
:10BE3000801F1BD3B1F5001F0CD349085FEA300007
:10BE40004FEA3C0C04F101044FEA445212F5800F12
:10BE500080F09A80BCF1004F08BF5FEA500C50F1AF
:10BE6000000041EB045141EA050130BD5FEA4C0C92
:10BE7000404141EB0101013C28BFB1F5801FE9D2EF
:10BE800091F0000F04BF01460020B1FA81F308BF12
:10BE90002033A3F10B03B3F120020CDA0C3208DDDE
:10BEA00002F1140CC2F10C0201FA0CF021FA02F1B9
:10BEB0000CE002F11402D8BFC2F1200C01FA02F129
:10BEC00020FA0CFCDCBF41EA0C019040E41AA2BF4E
:10BED00001EB0451294330BD6FEA04041F3C1CDA16
:10BEE0000C340EDC04F11404C4F1200220FA04F036
:10BEF00001FA02F340EA030021FA04F345EA0301E0
:10BF000030BDC4F10C04C4F1200220FA02F001FAA1
:10BF100004F340EA0300294630BD21FA04F0294623
:10BF200030BD94F0000F83F4801306BF81F48011BC
:10BF30000134013D4EE77FEA645C18BF7FEA655C2F
:10BF400029D094EA050F08BF90EA020F05D054EA01
:10BF5000000C04BF1946104630BD91EA030F1EBF06
:10BF60000021002030BD5FEA545C05D1400049410A
:10BF700028BF41F0004130BD14F580043CBF01F5FD
:10BF8000801130BD01F0004545F0FE4141F47001E3
:10BF90004FF0000030BD7FEA645C1ABF19461046BE
:10BFA0007FEA655C1CBF0B46024650EA013406BFBF
:10BFB00052EA033591EA030F41F4002130BD00BF7E
:10BFC00090F0000F04BF0021704730B54FF480643B
:10BFD00004F132044FF000054FF0000150E700BFBC
:10BFE00090F0000F04BF0021704730B54FF480641B
:10BFF00004F1320410F0004548BF40424FF0000108
:10C000003EE700BF42004FEAE2014FEA31014FEA4A
:10C0100002701FBF12F07F4393F07F4F81F0605199
:10C02000704732F07F4208BF704793F07F4F04BFE4
:10C0300041F40021704730B54FF4607401F00045C1
:10C0400021F000411CE700BF50EA010208BF704721
:10C0500030B54FF000050AE050EA010208BF704712
:10C0600030B511F0004502D5404261EB41014FF47B
:10C07000806404F132045FEA915C3FF4D8AE4FF083
:10C0800003025FEADC0C18BF03325FEADC0C18BF66
:10C09000033202EBDC02C2F1200300FA03FC20FAB7
:10C0A00002F001FA03FE40EA0E0021FA02F1144404
:10C0B000BDE600BF11F0FF01034600F0030239D0D6
:10C0C0008ABB026810B501EB012E0EEB0E4E8EEA14
:10C0D0000204A2F1013323EA0203A4F1013222EAAD
:10C0E0000402134313F0803F0FD150F8044F84EA49
:10C0F0000E0CA4F10133ACF1013223EA040322EA6D
:10C100000C02134313F0803FEFD0037823B936E0DD
:10C1100010F8013F002B32D09942F9D110BD8A426C
:10C1200028D09A0729D01A7818460133002AF6D168
:10C1300010467047CAB90268A2F1013323EA02032C
:10C1400013F0803F08D150F8042FA2F1013323EA05
:10C15000020313F0803FF6D003785BB110F8013F83
:10C16000002BFBD17047990705D0184613F8012B17
:10C17000002AF8D170471846DDE71846A1E71846AF
:10C1800010BD00BF80EA0102844612F0030F4FD1B8
:10C1900011F0030F32D14DF8044D11F0040F51F896
:10C1A000043B0BD0A3F101329A4312F0803F04BF4D
:10C1B0004CF8043B51F8043B16D100BF51F8044B36
:10C1C000A3F101329A4312F0803FA4F101320BD166
:10C1D0004CF8043BA24312F0803F04BF51F8043BEB
:10C1E0004CF8044BEAD023460CF8013B13F0FF0F48
:10C1F0004FEA3323F8D15DF8044B704711F0010F7B
:10C2000006D011F8012B0CF8012B002A08BF70474B
:10C2100011F0020FBFD031F8022B12F0FF0F16BF42
:10C220002CF8022B8CF8002012F47F4FB3D170470A
:10C2300011F8012B0CF8012B002AF9D1704700BF2F
:10C2400070B50F4B0F4DAB42A3EB050607D0B610F0
:10C25000002455F8043B01349847A642F9D8FEF76C
:10C260003BF9094D094B5E1BAB424FEAA60606D0CF
:10C27000002455F8043B01349847A642F9D870BD14
:10C280007CEE00007CEE00007CEE00007CEE000006
:10C29000036A2DE9F041846880460E46002B3BD0AE
:10C2A000A3891B0717D52369ABB1013EA36816F814
:10C2B000015F013BA360EDB1002B07DAA7699F4244
:10C2C00022462946404610DC0A2D0ED023685A1C0F
:10C2D00022601D70EAE72146404600F0D9FC0028A4
:10C2E000E3D04FF0FF30BDE8F08101F0AFFA01304C
:10C2F000DCD1F6E7002B09DA22460A21404601F09C
:10C30000A5FA0130EDD00A20BDE8F08123680A22A9
:10C31000591C21601A70F6E700F0F4F8C0E700BF7E
:10C32000024B01461868FFF7B3BF00BF5C04002052
:10C3300000207047024A0349034800F035BC00BFA3
:10C34000AC04002021C80000600400200C4B4168B0
:10C35000994210B5044601D000F062FAA168094B79
:10C36000994202D0204600F05BFAE168064B994200
:10C3700004D02046BDE8104000F052BA10BD00BF06
:10C3800078420020E042002048430020002070470F
:10C390002DE9F8432A4C2B49DFF8BC90DFF8BC802C
:10C3A000294FC4F83811002504230822294604F136
:10C3B0005C00264EE360C4E90055C4E90455A5605D
:10C3C0006566A56100F048F9214B6367082229469C
:10C3D00004F1C400C4E90849C4E90A87C4E91A554C
:10C3E000C4E91E552567C4F8CC50C4F880502663B4
:10C3F00000F032F9174BC4F8DC30294604F1680329
:10C40000082204F59670C4F88830C4E92398C4E97A
:10C410002576C4E93455C4E93855C4F8D850C4F871
:10C420003451C4F8E85000F017F904F1D003C4E91E
:10C430003D98C4E93F76C4F8F030BDE8F88300BF0A
:10C440007842002035C3000055D9000079D900009A
:10C450000900010012000200EDD8000015D900000B
:10C46000F8B5254BD3F838310646002B3CD0234F86
:10C47000D7E90134013B04D51DE05A1C04F16804DE
:10C4800019D0B4F90C50013B002DF6D11C4BE360E0
:10C49000C4E90155C4E9045565662560A561082213
:10C4A000294604F15C0000F0D7F8C4E90D55C4E951
:10C4B00012552046F8BD3D680DB12F46D8E74FF420
:10C4C000D671304600F012FA044680B10423C0E968
:10C4D00000530C302946A0604FF4D072254600F07E
:10C4E000BBF83C602F46C3E7FFF752FFBFE70C23C2
:10C4F00038603360DDE700BF78420020AC040020E4
:10C500000100FFFF036A03B17047044B044AD3F8EC
:10C5100038310262002BF7D13AE700BF78420020A1
:10C520004DC30000704700BF704700BF024A034977
:10C53000002000F039BB00BFAC04002031C3000074
:10C54000024A0349002000F02FBB00BFAC040020CA
:10C550008DC300000000000000000000000000008B
:10C5600000000000000000000000000000000000CB
:10C5700000000000000000000000000000000000BB
:10C5800030B490F800F020F007016FF0000C10F0CC
:10C59000070491F820F040F048804FF000046FF05D
:10C5A0000700D1E9002391F840F000F1080082FA79
:10C5B0004CF2A4FA8CF283FA4CF3A2FA8CF34BBB44
:10C5C000D1E9022382FA4CF200F10800A4FA8CF2BD
:10C5D00083FA4CF3A2FA8CF3E3B9D1E9042382FA8B
:10C5E0004CF200F10800A4FA8CF283FA4CF3A2FAA0
:10C5F0008CF37BB9D1E9062301F1200182FA4CF2D8
:10C6000000F10800A4FA8CF283FA4CF3A2FA8CF33E
:10C61000002BC6D0002A04BF04301A4612BAB2FA60
:10C6200082F200EBD20030BC7047D1E9002304F065
:10C630000305C4F100004FEAC50514F0040F91F89A
:10C6400040F00CFA05F562EA05021CBF63EA050337
:10C6500062464FF00004AAE7830730B547D0541E66
:10C66000002A3ED0CAB2034601E0013C39D303F8A8
:10C67000012B9D07F9D1032C2CD9CDB205EB052553
:10C680000F2C05EB054535D9A4F1100222F00F0C53
:10C6900003F1100EE6444FEA121C1A46C2E9005597
:10C6A000C2E9025510327245F8D10CF1010214F0C2
:10C6B0000C0F03EB021204F00F0C13D0ACF10403C7
:10C6C00023F003030433134442F8045B9342FBD189
:10C6D0000CF003042CB1C9B21C4403F8011BA342A3
:10C6E000FBD130BD64461346002CF4D1F9E7034674
:10C6F0001446C0E71A46A446E0E700BFB1F90C3083
:10C700002DE9F0411E070C4680463DD44A68002AB8
:10C7100056DDE56A002D34D00022D8F80060C8F854
:10C72000002013F48052216A57D101234046A847C4
:10C73000451C024666D0B4F90C30E56A216A5807F8
:10C7400005D56368D21A636B0BB1236CD21A002330
:10C750004046A847431C42D00023636023692360FE
:10C76000A389DF0400D56065616BC8F8006041B142
:10C7700004F14403994202D0404600F037F9002307
:10C7800063630020BDE8F0810E69002EF9D09B079D
:10C790000D6808BF4B690E6018BF0023AD1B8B608E
:10C7A0000BE02B463246216AA76A4046B847B0F1F3
:10C7B000000CA5EB0C05664406DD002DF1DCE0E77E
:10C7C0000A6C002AA5DCDCE7B4F90C3043F0400326
:10C7D000A3814FF0FF30BDE8F081626DAFE7D8F87C
:10C7E0000010B4F90C301D29F0D80C4ACA40D50706
:10C7F000ECD52269226000226260DA04B4D50029F7
:10C80000B1D0B1E7D8F80030002B94D01D2B01D067
:10C81000162BD9D1C8F80060B3E700BF0100402053
:10C820000B69B3B110B5044682B008B1036A5BB1BD
:10C83000B1F90C3013B9002002B010BD204602B08F
:10C84000BDE81040FFF75ABF0191FFF75BFE019969
:10C85000EEE70020704700BFB8B138B50D4A036954
:10C86000156804462BB10DB12B6A53B1B4F90C30E5
:10C870000BB9002038BD21462846BDE83840FFF7F7
:10C880003DBF2846FFF73EFEF0E7034A0349044850
:10C8900000F08AB95C040020AC04002021C800002C
:10C8A0006004002070B5104E336805460C46B3B1E5
:10C8B00021462846FDF718FE431C0CD0C41C24F06A
:10C8C0000304A04205D0211A2846FDF70DFE0130D1
:10C8D00001D0204670BD4FF0FF34204670BD194690
:10C8E000FDF702FE3060E3E7B44300202DE9F84392
:10C8F000CD1C25F0030508350C2D38BF0C25002D67
:10C90000064618DBA94216D8DFF8DC8000F0EEFA04
:10C91000D8F80420A2B1144603E0636822467BB134
:10C920001C4623685B1BF8D40B2B1FD8944263680A
:10C9300054D053600CE00C2333600020BDE8F88332
:10C9400029463046FFF7AEFF431C044619D0056068
:10C95000304600F0CDFA04F10B00231D20F0070053
:10C96000C21A1CBF1B1AA350BDE8F8836119944278
:10C97000256014BF5160C8F80410635163684B60B0
:10C98000E6E7D8F804701FB33C467F68002FFBD160
:10C9900023683946304604EB0309FDF7A5FD8145C0
:10C9A00016D12368ED1A29463046FFF77BFF013088
:10C9B0000ED02368D8F804202B442360536883B139
:10C9C000A34203D01A465B689C42FBD10023B0E728
:10C9D0000C233360304600F08BFAAEE7C8F8043021
:10C9E000B6E7C8F80470B3E7B4430020002950D07C
:10C9F00038B551F8043C0C1F002BB8BFE4180546AD
:10CA000000F074FA274A13682BB1A3420CD92168AD
:10CA1000601883422CD0636028461460BDE838401B
:10CA200000F066BAA3420FD81A465B68002BF9D112
:10CA300011685018844217D02CD363605460284684
:10CA4000BDE8384000F054BA11685018A04214D024
:10CA500020D8216860188342EFD118685B680844C9
:10CA6000C4E900035460EAE723680B441360E6E777
:10CA700018685B6808442060CDE7206801445018BE
:10CA800083421160DBD1D3E900040144C2E9001400
:10CA9000D5E770470C232B602846BDE8384000F0EE
:10CAA00027BA00BFB843002088420ED98B188342B2
:10CAB0000BD900EB020C002A6ED0624613F801CDB0
:10CAC00002F801CD9942F9D170470F2A0FD80346D9
:10CAD00002F1FF3C002A5FD00CF1010C013B8C44B9
:10CAE00011F8012B03F8012F6145F9D1704740EA95
:10CAF00001039B0751D1A2F1100370B501F1200C85
:10CB000023F00F0501F1100E00F11004AC441B09D5
:10CB10005EF8105C44F8105C5EF80C5C44F80C5C49
:10CB20005EF8085C44F8085C5EF8045C44F8045C59
:10CB30000EF1100EE64504F11004E9D1013312F0B4
:10CB40000C0F01EB031102F00F0400EB031328D0CC
:10CB5000043C24F003064FEA940C1E441C1F8E462E
:10CB60005EF8045B44F8045FB442F9D10CF10104AF
:10CB700002F0030203EB840301EB840102F1FF3CAA
:10CB80004AB10CF1010C013B8C4411F8012B03F864
:10CB9000012F6145F9D170BD704702F1FF3C03469A
:10CBA0009AE72246EAE700BF2DE9F84307468846A0
:10CBB00016464FF00009D6E90154013D10D4A3896F
:10CBC000012B08D9B4F90E3001332146384602D082
:10CBD000C04749EA0009013D6B1C04F16804EED12D
:10CBE0003668002EE7D14846BDE8F8830000000013
:10CBF00001F0FF01102A2BDB10F0070F08D010F80E
:10CC0000013B013A8B422DD010F0070F42B3F6D111
:10CC1000F0B441EA012141EA014122F007047FF02A
:10CC200000070023F0E80256083C85EA010586EA81
:10CC3000010685FA47F5A3FA87F586FA47F6A5FABD
:10CC400087F68EB9EED1F0BC01F0FF0102F00702C9
:10CC500032B110F8013B013A83EA010313B1F8D174
:10CC60000020704701387047002D06BF3546033855
:10CC7000073815F0010F07D1013015F4807F02BF8E
:10CC8000013015F4C03F0130F0BC0138704700BFDF
:10CC900038B52F4B1B6805460C4613B11A6A002A9B
:10CCA0004BD0B4F90C3018071CD5226922B313F00D
:10CCB000010107D0616900204942A060A1613AB139
:10CCC000002038BD980758BF6169A160002AF7D1DC
:10CCD000190658BF1046F4D543F04003A3814FF026
:10CCE000FF3038BDD9062CD55A0712D4226943F03B
:10CCF0000803A381002ADAD103F42071B1F5007F83
:10CD0000D5D02146284600F03BF9B4F90C30226911
:10CD1000CDE7616B51B104F14402914204D0284641
:10CD2000FFF764FEB4F90C3000226263226900212F
:10CD3000C4E9002123F02403D9E71846FFF7E2FBFA
:10CD4000AFE7092243F040032A60A381C7E700BF91
:10CD50005C040020844641EA000313F003036DD114
:10CD6000403A41D351F8043B40F8043B51F8043BAE
:10CD700040F8043B51F8043B40F8043B51F8043BB5
:10CD800040F8043B51F8043B40F8043B51F8043BA5
:10CD900040F8043B51F8043B40F8043B51F8043B95
:10CDA00040F8043B51F8043B40F8043B51F8043B85
:10CDB00040F8043B51F8043B40F8043B51F8043B75
:10CDC00040F8043B51F8043B40F8043B51F8043B65
:10CDD00040F8043B51F8043B40F8043B51F8043B55
:10CDE00040F8043B403ABDD2303211D351F8043BF5
:10CDF00040F8043B51F8043B40F8043B51F8043B35
:10CE000040F8043B51F8043B40F8043B103AEDD2A3
:10CE10000C3205D351F8043B40F8043B043AF9D2F4
:10CE2000043208D0D2071CBF11F8013B00F8013BC7
:10CE300001D30B8803806046704700BF082A13D3D4
:10CE40008B078DD010F003038AD0C3F10403D21AEC
:10CE5000DB071CBF11F8013B00F8013B80D331F820
:10CE6000023B20F8023B7BE7043AD9D3013A11F8A0
:10CE7000013B00F8013BF9D20B7803704B7843700B
:10CE80008B788370604670472DE9F041144641B3BA
:10CE90000AB306460D4600F073FF8442074602D8E7
:10CEA000B4EB500F13D821463046FFF71FFD8046E4
:10CEB00050B1BC422246294628BF3A46FFF74AFFF6
:10CEC00029463046FFF792FD4046BDE8F081A8466E
:10CED0004046BDE8F081A046FFF788FD4046BDE82A
:10CEE000F081BDE8F0411146FFF700BD704700BF7B
:10CEF000704700BF002A3ED030B584460446084340
:10CF000080070B462ED1032A07D82BE0043A25D000
:10CF10001EF0803F22D1032A22D92068194653F8F7
:10CF2000045BA0F1013EA842A4462EEA000E04F1E3
:10CF30000404EBD09CF800000C7884421DD1E64636
:10CF400068B11EF8010F11F8014FA2EB0E03A042C9
:10CF500003F1FF3311D11CEB0303F1D1002030BDED
:10CF6000A44619469CF800000C78A04205D1012A7D
:10CF7000F4D0E646E4E710467047001B30BD00BF22
:10CF800070B5B1F90C300C46990796B007D504F18D
:10CF900047030122C4E90432236016B070BDB4F91E
:10CFA0000E100029054629DB6A46FDF7CDFA002858
:10CFB00022DB4FF480612846019EFFF797FC88B37F
:10CFC000A389206043F0800306F47046A381B6F580
:10CFD000005F4FF48063C4E90403DED1B4F90E109E
:10CFE0002846FDF7B6FA0028D7D0A38923F003031B
:10CFF00043F00103A381D0E7B4F90C3013F0800FA4
:10D0000014BF40264FF4806631462846FFF76EFC79
:10D0100040B1A389206043F08003C4E90406A381E2
:10D0200016B070BDB4F90C309A05B6D423F00303E2
:10D0300004F1470243F002030121C4E90421A38162
:10D040002260AAE770B50C46B1F90E10002996B01F
:10D0500015461E460FDB6A46FDF776FA00280ADB06
:10D06000019B03F47043A3F50053B3FA83F34FF429
:10D0700080625B0908E0A28912F0800F4FF0000384
:10D0800014BF40224FF48062002033602A6016B043
:10D0900070BD00BF000000000000000000000000A4
:10D0A00002780B78012A28BF9A4240F0D8806DE9B7
:10D0B000044540EA0104CDE902676FF0000C4FEA35
:10D0C00044721AB380EA010414F0070F6BD100F028
:10D0D000070420F0070004F0030521F007014FEAE0
:10D0E000C505F0E8042314F0040FF1E804670CFA16
:10D0F00005F462EA040266EA04060BD063EA04035C
:10D10000624667EA0407664604E000BFF0E80423CD
:10D11000F1E8046782FA4CF582EA0604A4FA8CF47A
:10D120006CBB83FA4CF583EA0705A5FA8CF595B933
:10D1300050E9022351E9026782FA4CF582EA0604BB
:10D14000A4FA8CF483FA4CF583EA0705A5FA8CF56A
:10D150002543DBD09CB92DBAB5FA85F424F0070439
:10D1600027FA04F1DDE9026723FA04F303F0FF0074
:10D1700001F0FF01FDE80445A0EB0100704724BA6F
:10D18000B4FA84F424F0070426FA04F1DDE9026716
:10D1900022FA04F202F0FF0001F0FF01FDE804456D
:10D1A000A0EB0100704714F0030F3CD110F0030412
:10D1B00028D150F8082B51F8083B82FA4CF582EA46
:10D1C0000305A5FA8CF55DB950F8042C51F8043C20
:10D1D00082FA4CF582EA0305A5FA8CF5002DE8D019
:10D1E0002DBAB5FA85F424F0070423FA04F122FAE3
:10D1F00004F202F0FF0001F0FF01FDE80445A0EB9E
:10D20000010070474FEAC40420F0030050F8082BD7
:10D2100021F0030151F8083B0CFA04F462EA04021D
:10D2200063EA0403C9E710F003041DD0A1EB040175
:10D2300020F00300E40750F8042B06D012D28B78BC
:10D240005FFAA2F4E41A06D12BB1CB785FFAB2F4FC
:10D25000E41A00D133B920465DF8104B7047A2EBB9
:10D260000300704701F1040150F8042BCC0721F0B2
:10D27000030151F8043B48D824D222F07F4482FABB
:10D280004CF594EA1325A5FA8CF50AD165B951F845
:10D29000043B84EA0204B4EB036F0ED150F8042B74
:10D2A000EBE74FEA132355E035F07F454DD1087881
:10D2B000FDE80445C0F1000070474FEA126203F038
:10D2C000FF0347E002EA1C4482FA4CF594EA134556
:10D2D000A5FA8CF50AD165B951F8043B84EA020439
:10D2E000B4EB034F0CD150F8042BEBE74FEA134398
:10D2F00030E015EA1C4528D10B884FEA124229E09C
:10D300004FEA124203EA1C4324E002F0FF0482FACF
:10D310004CF594EA1365A5FA8CF50AD165B951F874
:10D32000043B84EA0204B4EB032F09D150F8042B28
:10D33000EBE74FEA13630DE015F0FF0F05D10B6823
:10D340004FEA122223F07F4304E04FF00000FDE893
:10D350000445704712BA1BBA82FA4CF482EA0304FD
:10D36000A4FA8CF5B5FA85F402FA04F203FA04F390
:10D370004FEA1260FDE80445A0EB1360704700BF60
:10D3800008B410B5002A9DB0044636DB4FF4027392
:10D39000ADF814304FF000031B930291069120ABBF
:10D3A00017D0013A4FF6FF7104920792ADF81610AC
:10D3B0001F9A019302A900F0C7FB421C01DA8B23DC
:10D3C0002360029B00221A701DB0BDE8104001B01E
:10D3D00070474FF6FF7104920792ADF816101F9A2E
:10D3E000019302A900F0B0FB431C01DA8B232360F8
:10D3F0001DB0BDE8104001B070478B2303604FF0B3
:10D40000FF30F5E70CB410B5214B00291C689CB027
:10D4100038DB4FF000034FF402721B93ADF8142079
:10D42000029006901FAB18D001394FF6FF7204919D
:10D430000791ADF8162002A91E9A0193204600F02C
:10D4400083FB421C01DA8B232360029B00221A70AB
:10D450001CB0BDE8104002B070474FF6FF72049157
:10D460000791ADF8162002A91E9A0193204600F0FC
:10D470006BFB431C01DA8B2323601CB0BDE810401A
:10D4800002B070478B2323604FF0FF30F5E700BFF9
:10D490005C040020032A30B415D941EA0004A40733
:10D4A00084460B4604D0541E0FE0043A032A08D9E0
:10D4B0001946604653F8044B5CF8045BA542F4D06F
:10D4C000F1E760461946541E7AB1431E013902192C
:10D4D00001E09A4209D013F8010F11F801CF60451D
:10D4E000F7D0A0EB0C0030BC7047002030BC704778
:10D4F0000EB400B582B003AB816853F8042B0193DE
:10D5000000F060F802B05DF804EB03B0704700BFB4
:10D510000FB400B5074983B004AB086853F8042B77
:10D520008168019300F04EF803B05DF804EB04B09D
:10D53000704700BF5C0400209368013B002B9360A0
:10D5400011DA10B49469A34209DB0A2907D01368E1
:10D55000581C1060197008465DF8044B70475DF860
:10D56000044B00F073B91368581C1060197008461A
:10D57000704700BF9BB1F8B5134406460F46541ED2
:10D580005D1E01E0AC4208D014F8011F3A46304657
:10D59000FFF7D2FF431CF5D1F8BD0020F8BD0020F5
:10D5A000704700BF936810B514461BB91846002396
:10D5B000636010BD00F0ECFB0023A36000236360F8
:10D5C00010BD00BF2DE9F04FA1B08B4691461C461F
:10D5D000049018B1036A002B00F01C81BBF80C30DA
:10D5E000180740F19580DBF81030002B00F0908098
:10D5F0000023CA460D9343F22003ADF839309AF860
:10D600000030864E07940127002B79D0D14604E0E4
:10D6100019F8013F002B00F08580252BF8D1B9EBDC
:10D620000A0840F0828099F80030002B68D000236F
:10D630004FF0FF32CDE9092309F1010908930B935B
:10D640008DF863301E9305E0089A07FA03F31A4336
:10D650000892A1464C46052214F8011B3046FFF7FC
:10D66000C7FAA246831B0028EED1089BD90644BF07
:10D6700020228DF8632099F800101A0744BF2B224E
:10D680008DF863202A2966D1079A1168043200298F
:10D690000792C0F29A800B9199F801102E2970D050
:10D6A0005F4C03222046FFF7A3FA38B1089B001B0A
:10D6B0004022824013430AF1010A08931AF8011B21
:10D6C00058488DF838100622FFF792FA002800F02B
:10D6D0008280554B002B69D007AA0092534B0498C7
:10D6E0005A4608A9AFF300800390039B013307D08B
:10D6F0000D9B039A13440D939AF80030002B85D1AB
:10D70000BBF80C305B060AD40D9821B0BDE8F08F51
:10D7100004985946FFF7BCFA00283FF469AF4FF070
:10D72000FF30F2E7B9EB0A08EAD00AF1FF35CDF88D
:10D730001490A946049D01E0A0453ED94C465A46A6
:10D7400019F8011F2846FFF7F7FE02340130A4EB59
:10D750000A04F1D1D4E7A1F13002092A88BFCA46F0
:10D760009CD80B9B00E00134217803EB830302EB90
:10D770004303A1F13002092AF5D92E290B93A246C1
:10D780008ED19AF801102A292FD1079B9AF80210FE
:10D790001A6809920433002A0AF102000793B8BFFD
:10D7A0004FF0FF338246B8BF099379E7079B0733F1
:10D7B00023F00703083307939AE70D99DDF81490D7
:10D7C000414499F800300D912FE7494243F002039C
:10D7D0000B91089360E707AA0092144B04985A46ED
:10D7E00008A900F0E7FC03907FE7A1F130020023D5
:10D7F000092A09930AF1010A3FF652AF1AF8011FEC
:10D8000003EB830302EB4303A1F13002092AF5D9AC
:10D81000099345E7FEF776FEE0E600BF1CEE000048
:10D8200024EE000028EE00000000000075D5000086
:10D8300010B4054C8446134620685DF8044B0A4634
:10D840006146FFF7BFBE00BF5C040020F8B50D467F
:10D850001446064610B1036A002B37D0A389A2698B
:10D86000A2601A0719D52369BBB122686169D31A6E
:10D87000EDB299422F4620DD0133A1680139A16044
:10D88000511C2160157062699A420DD0A389DB0793
:10D8900001D50A2D08D03846F8BD21463046FFF79D
:10D8A000F7F938B92369E0E721463046FEF7B8FFBB
:10D8B0000028F0D04FF0FF37EDE721463046FEF765
:10D8C000AFFF0028F6D122680123D6E7FEF71AFE43
:10D8D000C4E700BF10B4044C03460A4620685DF854
:10D8E000044B1946FFF7B2BF5C04002010B50C468C
:10D8F000B1F90E10FCF716FE002803DB636D03443C
:10D90000636510BDA38923F48053A38110BD00BFBC
:10D91000002070472DE9F0410C46B1F90C101F466C
:10D92000CB05054616460BD421F48051A1813B4618
:10D93000B4F90E1032462846BDE8F041FCF7F6BDBA
:10D94000B4F90E1002230022FCF7F9FDB4F90C1013
:10D95000EAE700BF10B50C46B1F90E10FCF7EFFD79
:10D96000B4F90C30421C0EBF23F4805343F48053AF
:10D970006065A38110BD00BFB1F90E10FCF7DABDE0
:10D980002DE9F0478F681D46AF420B680C461646DE
:10D9900036D8B1F90CC01CF4906F0ED13D46184634
:10D9A00031462A46FFF780F8A368DF1B2368A7608B
:10D9B0002B4400202360BDE8F0874A69096902EB27
:10D9C00042025F1A02EBD2726B1C52103B4493422C
:10D9D00092BF914699461A461CF4806F804611D03A
:10D9E0001146FEF783FF824600B321693A46FFF7EE
:10D9F000B1F9A38923F4906343F08003A38105E088
:10DA00002F46CCE7FFF740FA824658B10AEB0703EE
:10DA1000A9EB0707A760C4F810A0C4F8149023600E
:10DA20002F46BCE721694046FEF7E0FFA3890C22A0
:10DA300043F04003C8F800204FF0FF30A381BAE75D
:10DA40002DE9F04F9368176883B09246002B74D08D
:10DA50004FF0000B8B680A6881460C465D4645E036
:10DA6000B4F90C3013F4906F2CD0D4E90401161AD9
:10DA700001EB410202EBD272711C52102944914217
:10DA800092BF904688460A465B0539D511464846FE
:10DA9000FEF72CFF019000283DD032462169FFF7A8
:10DAA00059F9A289019B22F4906242F08002A2817E
:10DAB0009819A8EB0606A660C4F8148023612060BC
:10DAC000A8462E4632465946FEF7EEFFDAF8081011
:10DAD000A3682268A3EB08033244491BA3602260B9
:10DAE000CAF8081049B3D7E900B508379846104678
:10DAF000002DF8D09D421E46B2D2A8462E46E1E740
:10DB000001464846FFF7C0F903460028D0D12169F5
:10DB10004846FEF76BFFA3890C2243F04003C9F887
:10DB200000204FF0FF30A38100220023CAF8082014
:10DB3000CAF8043003B0BDE8F08F00200023CAF813
:10DB4000043003B0BDE8F08F2DE9F04F1C468B89FF
:10DB50001D069DB088468146934603D50B69002B70
:10DB600000F0F1800023099343F22003ADF829303F
:10DB70009BF800307D4D03940126002B73D0DA46CC
:10DB800003E01AF8013F002B75D0252BF9D1BAEB31
:10DB90000B0473D19AF80020002A64D000234FF0C0
:10DBA000FF32CDE905230AF1010A049307938DF8AA
:10DBB00053301A9305E0049A06FA03F31A430492C9
:10DBC000A2465446052214F8011B2846FFF710F818
:10DBD000A346431B0028EED1049BD80644BF202255
:10DBE0008DF8532019079AF8001044BF2B228DF8A6
:10DBF00053202A2950D1039A116804320029039234
:10DC00007CDB07919AF801102E295BD0584C032237
:10DC10002046FEF7EDFF38B1049B001B40228240F6
:10DC200013430BF1010B04931BF8011B51488DF8B2
:10DC300028100622FEF7DCFF002865D04E4B002B93
:10DC400055D003AA00924D4B424604A94846AFF373
:10DC5000008007467A1C06D0099B3B4409939BF839
:10DC60000030002B8BD1B8F80C305B067AD40998C1
:10DC70001DB0BDE8F08FBAEB0B04F4D023465A4632
:10DC800041464846FFF77CFE0130ECD0099B9AF8EC
:10DC90000020234409937FE7A1F13002092A88BFBD
:10DCA000D346B1D8079B00E00134217803EB83030E
:10DCB00002EB4303A1F13002092AF5D92E2907937B
:10DCC000A346A3D19BF801102A2927D1039B9BF8D7
:10DCD00002101A6805920433002A0BF10200039324
:10DCE000B8BF4FF0FF338346B8BF05938EE7039B61
:10DCF000073323F0070308330393ADE7494243F0AA
:10DD00000203079104937DE703AA00921B4B42464E
:10DD100004A9484600F04EFA07469BE7A1F13002FD
:10DD20000023092A05930BF1010B3FF66FAF1BF897
:10DD3000011F03EB830302EB4303A1F13002092A25
:10DD4000F5D9059362E74021FEF7D0FDC8F8000041
:10DD5000C8F8100018B14023C8F8143002E70C23AB
:10DD6000C9F800304FF0FF3082E700BF1CEE000022
:10DD700024EE000028EE00000000000081D9000021
:10DD800051F8043C181F002BBCBF0B58C01870473B
:10DD90009368002B00F0F8802DE9F04FB1F90CC02A
:10DDA0001CF0080F83B0904681460C4631D00B69B9
:10DDB0007BB31CF00207D8F8006038D00027D4F8F5
:10DDC00028B0216ADFF8C4A23D4655452B463A46A5
:10DDD00028BF53464846C5B1D847002840F3CA80FB
:10DDE000D8F808301B1A07442D1AC8F80830002B41
:10DDF00000F0B68055452B46D4F828B0216A28BFDC
:10DE000053463A464846002DE6D1D6E90075083615
:10DE1000DBE721464846FEF73BFF002840F0AF8095
:10DE2000B4F90CC0D8F800601CF00207C6D11CF091
:10DE3000010A63D12368A168574618468B46002F14
:10DE400058D01CF4007F00F0B580B9420A4600F2B9
:10DE5000E1801CF4906F2FD0216962695D1A02EB9A
:10DE6000420202EBD2726B1C52103B44934292BFAF
:10DE700093469B461A461CF4806F00F0EA801146D8
:10DE80004846FEF733FD002800F0F9802A46216954
:10DE90000090FEF75FFFA289009B22F4906242F09F
:10DEA0008002A2815819ABEB0505C4F814B02361B8
:10DEB000A5602060BB463A4651460092FEF7F4FD4D
:10DEC000A1682368009AA1EB0B011A443D46A160AA
:10DED00022600027D8F808305B1BAA44C8F8083035
:10DEE000002B3DD02368A168B4F90CC018468B46BE
:10DEF000002FA6D1D6E900A708369EE73846BB46D4
:10DF00003D460097002D41D0002846D0009A206859
:10DF1000A168D4E90473AA4228BF2A46B84204D9AA
:10DF200001EB030A524500F38580934275DC216AB8
:10DF3000A76A5A464846B847B0F1000A1ADD009B66
:10DF4000B3EB0A0300930FD00120D8F80830A3EBFD
:10DF50000A03D344A5EB0A05C8F80830002BD1D139
:10DF6000002003B0BDE8F08F21464846FEF758FC7C
:10DF70000028EAD0B4F90C3043F04003A3814FF0FD
:10DF8000FF3003B0BDE8F08F00207047756833465E
:10DF90000836002DFAD0D3F800B02A460A21584698
:10DFA000FEF726FE002867D00130A0EB0B0300939C
:10DFB0001A46ACE722699A4214D36269BA4211D870
:10DFC0006FF00043BB4228BF3B46A56A93FBF2F3C8
:10DFD000216A02FB03F348465246A847051EC9DDE5
:10DFE0007F1B77E7B94228BF39460D4618460A46D7
:10DFF0005146FEF759FDA1682368491B2B44A160D7
:10E0000023600029ECD121464846FEF709FC002890
:10E01000E6D0AFE7BB463A464EE759460192FEF7D7
:10E0200043FD019AA3689B1AA360236813442360ED
:10E03000924684E759465246FEF736FD236853441C
:10E04000236021464846FEF7EBFB00283FF477AFFC
:10E0500090E74846FEF718FF034600287FF422AFFA
:10E0600021694846FEF7C2FCB4F90C300C22C9F80D
:10E07000002023F080037FE76A1C009247E70C2210
:10E08000B4F90C30C9F8002076E700BF00FCFF7F30
:10E090002DE9F84F92461F460A698B68DDF82890F3
:10E0A0009A42B8BF1A46CAF8002091F843300C468D
:10E0B000064613B10132CAF80020226891065FD5E6
:10E0C000DAF800300233CAF80030226812F0060F86
:10E0D00011461DD1E1689942D8BF114618DD4FF0B5
:10E0E000000804F1190B05E0E568DAF80030ED1AD4
:10E0F00045450CDD01235A4639463046C8470130B4
:10E1000008F10108F0D14FF0FF30BDE8F88F216829
:10E1100094F84330003B18BF01238A060AD5E11862
:10E120005A1C302081F84300224494F8451082F8AC
:10E130004310023304F1430239463046C8470130E8
:10E14000E1D02368DAF80050216903F00603042BBC
:10E15000D4E902201BD08A4220DD4FF00008521A79
:10E1600090441A34002501E0454517DA0123224680
:10E1700039463046C847013005F10105F4D1C2E700
:10E1800012F0060F0DD0003B18BF0123D2E7401B51
:10E190008A4220EAE078E2DC0028E2DC0020BDE8E8
:10E1A000F88FE168DAF800309942D8BF114696DC62
:10E1B000AEE700BF2DE9F047174684B00A7E0C9DFC
:10E1C0000C460646984601F1430C002A35D0A2F1D0
:10E1D0005803D9B2202969D8202B67D8DFE813F07B
:10E1E000E60066006600660066006600660066007F
:10E1F000660066006600AC0070006600660066009F
:10E2000066007000660066006600660021008300FC
:10E21000C60066006600B600660083006600660001
:10E22000EC002B6822686169181D286010061B68C5
:10E2300002D4520600F1E08019600023E146236118
:10E24000CDF800803B4603AA21463046FFF720FF69
:10E25000013020D023694A4639463046C047013054
:10E2600019D02368E068DDF80C909B0718D5484565
:10E2700016DD002504F1190A04E0E068A0EB0903AB
:10E28000AB420DDD0123524639463046C0470130CE
:10E2900005F10105F1D14FF0FF3004B0BDE8F08782
:10E2A0004845B8BF484604B0BDE8F08784F842202E
:10E2B000012004F142090023206184F84330BFE7C4
:10E2C0002A682368111D1806296002D4590600F136
:10E2D00095801068014600286268C0F29380544817
:10E2E0004FF00A0E15E020682B6810F0800F53F8ED
:10E2F000041B02D1400648BF89B26F2A4C482B60EC
:10E3000014BF4FF00A0E4FF0080E0023626884F825
:10E310004330002AA26051DB236823F0040323600A
:10E3200000294BD1002A7BD1E146BEF1080F56D01F
:10E33000ACEB0903236183E72B681A6804332B6075
:10E3400004F1420984F842200120B4E72B68626896
:10E35000191D2960D3F8009000214846FEF748FCBB
:10E36000002863D0A0EB09006060A4E7236843F0B5
:10E370002003236078222F4884F845202A6813F070
:10E38000800F52F8041B03D113F0400F18BF89B25D
:10E390002A60DA0744BF43F02003236019B92368D9
:10E3A00023F0200323604FF0100EAEE7582384F8CB
:10E3B00045301F482368E1E72368DBE77546E146FF
:10E3C000B1FBF5F305FB131A0A46AA4210F80A102E
:10E3D00009F8011D1946F3D2BEF1080FA8D1236830
:10E3E000DD07A5D5626823699A42A1DC302309F8CC
:10E3F000013C09F1FF399BE719801EE7B2F90010D3
:10E40000084668E72D20002AA26084F8430002DB5A
:10E4100023F0040323600A2505484942AE46CEE7AF
:10E42000037884F8423004F142097EE7606842E7ED
:10E4300030EE000044EE0000636F6F6B696520737F
:10E44000656E736F725F6E6F6465202852494F541A
:10E45000293A2072696F7420726F6C653D53454490
:10E4600000534854433320696E6974206661696CB7
:10E47000656420E28094206672616D65732077691F
:10E480006C6C206F6D69742074656D702F68756D8C
:10E490006964007B227473223A25752C227372639F
:10E4A000223A222573222C22726F6C65223A222591
:10E4B00073222C2272737369223A302C22686F7097
:10E4C00073223A30002C2274656D705F63223A2506
:10E4D0002E32662C2268756D69645F706374223A0F
:10E4E000252E3266002C22745F6163746976655F45
:10E4F0006D73223A25752C226F73223A22257322DE
:10E500007D0072696F740073656E736F72732F6430
:10E5100061746100666630323A3A3100736368654F
:10E5200064756C657228293A20737461636B206F7F
:10E53000766572666C6F7720646574656374656474
:10E540002C207069643D2568690A00535441434B8F
:10E55000204F564552464C4F57004641494C454482
:10E5600020415353455254494F4E2E003078257860
:10E57000203D3E20006D61696E28293A205468696B
:10E58000732069732052494F5421202856657273B5
:10E59000696F6E3A20323032342E313029006D618D
:10E5A000696E002A2A2A2052494F54206B65726EE8
:10E5B000656C2070616E69633A0A25730A0A002A45
:10E5C0002A2A2068616C7465642E0A00496E73699A
:10E5D0006465206973722025640A004E4D49204805
:10E5E000414E444C4552004D454D204D414E414712
:10E5F000452048414E444C45520042555320464127
:10E60000554C542048414E444C45520055534147C7
:10E6100045204641554C542048414E444C455200FB
:10E620004445425547204D4F4E2048414E444C45AD
:10E63000520044554D4D592048414E444C455200DE
:10E640000A49535220737461636B206F766572665A
:10E650006C6F77656400537461636B20706F696ED3
:10E6600074657220636F727275707465642C2072A9
:10E670006573657420746F20746F70206F662073EB
:10E680007461636B00616374697665207468726598
:10E6900061643A202568690A000A436F6E746578E0
:10E6A00074206265666F7265206861726466617568
:10E6B0006C743A0020202072303A203078253038AF
:10E6C0006C780A20202072313A2030782530386C5E
:10E6D000780A20202072323A2030782530386C7841
:10E6E0000A20202072333A2030782530386C780A9E
:10E6F0000020207231323A2030782530386C780A88
:10E700002020206C723A2030782530386C780A202E
:10E71000202070633A2030782530386C780A202029
:10E720007073723A2030782530386C780A0A0046C7
:10E7300053522F4641523A0020434653523A20301A
:10E74000782530386C780A0020484653523A2030F9
:10E75000782530386C780A0020444653523A2030ED
:10E76000782530386C780A0020414653523A2030E0
:10E77000782530386C780A0020424641523A2030E1
:10E78000782530386C780A004D4D4641523A203099
:10E79000782530386C780A004D697363004558431A
:10E7A0005F5245543A2030782530386C780A004161
:10E7B0006374697665207468726561643A202568BF
:10E7C0006920222573220A004861726420666175FF
:10E7D0006C74206F6363757272656420696E204982
:10E7E0005352206E756D6265722025640A00417473
:10E7F00074656D7074696E6720746F207265636FE5
:10E800006E73747275637420737461746520666FBF
:10E810007220646562756767696E672E2E2E0049E7
:10E820006E204744423A0A202073657420247063A6
:10E830003D3078256C780A20206672616D65203045
:10E840000A202062740A000A4953522073746163DB
:10E850006B206F766572666C6F77656420627920D5
:10E860006174206C6561737420256420627974651D
:10E87000732E0A0048415244204641554C542048CA
:10E88000414E444C45520067636F6170002F2E77F4
:10E89000656C6C2D6B6E6F776E2F636F72650069A0
:10E8A00070763600534C414143206E6F7420616393
:10E8B000746976617465643B2077696C6C206E6F57
:10E8C00074206175746F2D636F6E6669677572650C
:10E8D0002049507636206164647265737320666FD8
:10E8E0007220696E746572666163652025752E0AF3
:10E8F0002020202055736520434F4E4649475F47EF
:10E900004E52435F495056365F4E49425F534C4129
:10E9100041433D3120746F20616374697661746591
:10E920002E0A00676E72635F6E657469663A2063D3
:10E93000616E2774207175657565207061636B6504
:10E940007420666F722073656E64696E672C207424
:10E9500072792073656E64696E6700676E72635FBB
:10E960006E657469663A2063616E277420717565FF
:10E970007565207061636B657420666F72207365C6
:10E980006E64696E672C2064726F70206974006712
:10E990006E72635F6E657469663A20696E69742091
:10E9A0002575206661696C65643A2025640A00411A
:10E9B0006464726573732D7265736F6C7574696FBF
:10E9C0006E2073746174652D6D616368696E652076
:10E9D0006E6F74206163746976617465642E204E75
:10E9E00065696768626F72732066726F6D20696E09
:10E9F000746572666163652025750A77696C6C20A1
:10EA00006E6F742062652061626C6520746F207285
:10EA100065736F6C7665206164647265737320251D
:10EA2000730A2020202055736520434F4E464947E6
:10EA30005F474E52435F495056365F4E49425F41F1
:10EA400052534D3D3120746F206163746976617457
:10EA5000652E0A004E45544F50545F54585F454E42
:10EA6000445F495251206E6F7420696D706C656D02
:10EA7000656E7465642062792064726976657200DF
:10EA80006E7266383032313534000A21212121205E
:10EA9000676E72635F6E65747265673A20696E694E
:10EAA0007469616C697A65206D657373616765204F
:10EAB0007175657565206F66207468726561642084
:10EAC0002575207573696E67206D73675F696E6960
:10EAD000745F7175657565282920212121210A0A35
:10EAE00000366C6F00FF7F3F1F0F07030100676E4A
:10EAF00072635F736F636B3A2064726F70706564EA
:10EB0000206D65737361676520746F202570202800
:10EB10007761732066756C6C290A00676E72635F9B
:10EB2000736F636B3A2074696D656F757420213D56
:10EB300020302077697468696E207468652061737D
:10EB4000796E6368726F6E6F75732063616C6C624F
:10EB500061636B206C65616420746F20756E6578ED
:10EB60007065637465642064656C6179732077698E
:10EB70007468696E20746865206173796E63687269
:10EB80006F6E6F75732068616E646C65722E0075B0
:10EB900064700030313233343536373839414243CE
:10EBA00044454600303132333435363738396162C6
:10EBB00063646566006C327574696C3A2063616EDB
:10EBC000277420636F6E7665727420686172647753
:10EBD000617265206164647265737320746F20458F
:10EBE00055492D363420666F7220646576696365F9
:10EBF00020747970652025640A006C327574696C24
:10EC00003A2063616E277420636F6E76657274209C
:10EC100049494420746F206861726477617265208D
:10EC20006164647265737320666F722064657669CF
:10EC3000636520747970652025640A006C327574F0
:10EC4000696C3A2063616E27742067657420616483
:10EC50006472657373206C656E6774682066726F8A
:10EC60006D204E4450206C696E6B2D6C617965721D
:10EC70002061646472657373206F7074696F6E20B5
:10EC8000666F7220646576696365207479706520AB
:10EC900025640A0000000000700000000304232F18
:10ECA00030313233343536373839414243444546C2
:10ECB0008DE8000001000000452600000000000073
:10ECC000293A110029590000C95C0000855D000047
:10ECD00005510000F9570000000000000000748496
:10ECE000630B8AF3FFFFFF0200000000000000003A
:10ECF000000000000002FF02000000000000000011
:10ED0000000000000001FF02000000000000000001
:10ED10000001FF000000FE80000000000000000075
:10ED200000000000000000000000000000000000E3
:10ED300000000000000100000000000000000000D2
:10ED40000000000000000100DBA200000000000045
:10ED500053A10000F1A2000035A20000F1A10000C3
:10ED60005DA30000B3A1000083A1000000400040AB
:10ED7000280B000000004006FFFF0000FF0000001D
:10ED8000FFFFFF00FFFFFFFF0090004003030900AB
:10ED900000A0004003030A0000A0014005031A0080
:10EDA00000B0014005031B0000000100E843000023
:10EDB00031B200006DAE0000F5B00000D5B000002B
:10EDC00065B2000069AE000075B10000D9AF000067
:10EDD00035AE000079AE00005DAF0000000000001D
:10EDE00039AF000001AF0000A9AE0000E5AE0000A1
:10EDF000ADB8000071B8000067B8000010420020F4
:10EE00003404002005BC000001BC0000FDBB000074
:10EE10007BBC000075BC00006DBC0000232D302BB6
:10EE200020000000686C4C0065666745464700009E
:10EE30003031323334353637383941424344454630
:10EE400000000000303132333435363738396162F2
:10EE50006364656600000000C1BB0000FDB50000F2
:10EE60006D630000A9660000812E00000D8C00007B
:0CEE7000951D00008D3D00006D5F00004E
:08EE7C0004D7FF7F0100000034
:10EE84001000000000000000017A5200027C0E0114
:10EE94001B0C0D001C00000018000000E0D6FFFF52
:10EEA400D800000000410E088501840202490A4A84
:10EEB400C5C4410B380000003800000030DDFFFFFE
:10EEC4009E00000000510E10840485038602870111
:10EED4005BC7C6C5C40E004C0A420B0A420B0E1097
:10EEE400840485038602870151C7C6C5C40E000089
:10EEF400140000007400000058DEFFFF340100001D
:08EF04000002710A430B00003A
:10EF0C003030303000000000000000000C04002005
:10EF1C0000000000000000000000000000000000E5
:10EF2C0000000000000000000000000000000000D5
:10EF3C0000000000000000000000000000000000C5
:10EF4C0000000000000000000000000000000000B5
:10EF5C0000000000000000000000000000000000A5
:10EF6C000000000000000000000000000000000095
:10EF7C000000000000000000000000000000000085
:10EF8C000000000000000000000000000000000075
:10EF9C000000000000000000000000000000000065
:10EFAC000000000000000000000000000000000055
:10EFBC000000000000000000000000000000000045
:10EFCC000000000000000000000000000000000035
:10EFDC000000000000000000000000000000000025
:10EFEC000000000000000000000000000000000015
:10EFFC000000000000000000000000000000000005
:10F00C0000000000000000000000000000000000F4
:10F01C0000000000000000000000000000000000E4
:10F02C0000000000000000000000000000000000D4
:10F03C0000000000000000000000000000000000C4
:10F04C0000000000000000000000000000000000B4
:10F05C0000000000000000000000000000000000A4
:10F06C000000000000000000000000000000000094
:10F07C000000000000000000000000000000000084
:10F08C000000000000000000000000000000000074
:10F09C000000000000000000000000000000000064
:10F0AC000000000000000000000000000000000054
:10F0BC000000000000000000000000000000000044
:10F0CC000000000000000000000000000000000034
:10F0DC000000000000000000000000000000000024
:10F0EC000000000000000000000000000000000014
:10F0FC000000000000000000000000000000000004
:10F10C00000000000000000000000000B0EC000057
:10F11C0001000000000000000000000000000000E2
:10F12C00D91900000000260200000000BC4300209A
:10F13C0006000000000000000000000000000000BD
:10F14C0000000000000000000000000000000000B3
:10F15C0000000000000000000A0000006004002015
:10F16C000000000078420020E042002048430020CC
:10F17C000000000000000000000000000000000083
:10F18C000000000000000000000000000000000073
:10F19C000000000000000000000000000000000063
:10F1AC000000000000000000000000000000000053
:0CF1BC0003000000784200202C2100001D
:04000003000010FDEC
:00000001FF
