:020000040000FA
:2000000000040020810A000015070000610A00001F0700002907000033070000000000001A
:20002000000000000000000000000000A50A00003D07000000000000470700005107000027
:200040005B070000650700006F07000079070000830700008D07000097070000A107000078
:20006000AB070000B5070000BF070000C9070000D3070000DD070000E7070000F1070000D8
:20008000FB070000050800000F08000019080000230800002D080000370800004108000031
:2000A0004B080000550800005F08000069080000730800007D080000870800009108000090
:2000C0009B080000A5080000AF080000B9080000C3080000CD080000D7080000E1080000F0
:2000E000EB080000F5080000FF08000009090000130900001D09000027090000310900004B
:200100003B0900001FB500F003F88DE80F001FBD00F0ACBC40F6FC7108684FF01022401C44
:2001200008D00868401C09D00868401C04D0086800F037BA9069F5E79069F9E7704770B5C7
:200140000B46010B184400F6FF70040B4FF080500022090303692403406943431D1B1046E5
:2001600000F048FA29462046BDE8704000F042BAF0B54FF6FF734FF4B4751A466E1E11E092
:20018000A94201D3344600E00C46091B30F8027B641E3B441A44F9D19CB204EB134394B229
:2001A00004EB12420029EBD198B200EB134002EB124140EA0140F0BDF34992B00446D1E9B5
:2001C0000001CDE91001FF224021684600F0F4FB94E80F008DE80F00684610A902E004C824
:2001E00041F8042D8842FAD110216846FFF7C0FF1090AA208DF8440000F099F9FFF78AFF38
:2002000040F6FC7420684FF01025401C0FD0206810226946803000F078F92068401C08D0CB
:200220002068082210A900F070F900F061F9A869EEE7A869F5E74FF080500369406940F683
:20024000FC71434308684FF01022401C06D0086800F58050834203D2092070479069F7E712
:200260000868401C04D00868401C03D0002070479069F9E70420704770B504460068C34DCD
:20028000072876D2DFE800F033041929631E2500D4E9026564682946304600F062F92A4681
:2002A0002146304600F031F9AA002146304600F057FB002800D0032070BD00F009FC4FF4FE
:2002C000805007E0201D00F040F90028F4D100F0FFFB60682860002070BD241D94E80700C9
:2002E000920000F03DFB0028F6D00E2070BDFFF7A2FF0028FAD1D4E901034FF0805100EBB5
:20030000830208694D69684382420ED840F6F87005684FF010226D1C09D0056805EB830519
:200320000B6949694B439D4203D9092070BD5569F4E70168491C03D00068401C02D003E045
:200340005069FAE70F2070BD2046FFF735FFFFF772FF0028F7D1201D00F0F7F80028F2D1B9
:2003600060680028F0D100F0E2F8FFF7D3FE00F0BFF8072070BD10B50C46182802D00120F6
:20038000086010BD2068FFF777FF206010BD4168054609B1012700E0002740F6F8742068E0
:2003A0004FF01026401C2BD02068AA68920000F0D7FA38B3A86881002068401C27D02068A5
:2003C000FFF7BDFED7B12068401C22D026684FF08050AC686D68016942695143A9420DD90E
:2003E000016940694143A14208D92146304600F0B8F822462946304600F087F800F078F809
:200400007069D2E700F093F8FFF784FEF6E77069D6E77669DBE740F6FC7420684FF01026A0
:20042000401C23D02068401C0CD02068401C1FD02568206805F18005401C1BD027683879C3
:20044000AA2819D040F6F8700168491C42D00168491C45D00168491C3ED001680968491C65
:200460003ED00168491C39D000683EE0B069DAE7B569DEE7B769E2E710212846FFF778FE60
:200480003968814222D12068401C05D0D4F8001001F18002C03107E0B169F9E730B108CA77
:2004A00051F8040D984201D1012000E000208A42F4D158B1286810B1042803D0FEE72846D8
:2004C000FFF765FF3149686808600EE0FFF722FE00F00EF87169BBE77169BFE7706904E05D
:2004E0004FF480500168491C01D000F0CBFAFEE7BFF34F8F26480168264A01F4E06111434F
:200500000160BFF34F8F00BFFDE72DE9F04117460D460646002406E03046296800F054F8B7
:20052000641C2D1D361DBC42F6D3BDE8F08140F6FC700168491C04D0D0F800004FF48051A1
:20054000FDE54FF010208069F8E74FF080510A69496900684A43824201D8102070470020B4
:20056000704770B50C4605464FF4806608E0284600F017F8B44205D3A4F5806405F580556A
:20058000002CF4D170BD0000F40A0000000000200CED00E00400FA05144801680029FCD089
:2005A0007047134A0221116010490B68002BFCD00F4B1B1D186008680028FCD000201060D2
:2005C00008680028FCD07047094B10B501221A60064A1468002CFCD0016010680028FCD0B9
:2005E0000020186010680028FCD010BD00E4014004E5014070B50C46054600F073F810B9F5
:2006000000F07EF828B121462846BDE8704000F007B821462846BDE8704000F037B80000B9
:200620007FB5002200920192029203920A0B000B6946012302440AE0440900F01F0651F848
:20064000245003FA06F6354341F82450401C8242F2D80D490868009A10430860081D016875
:20066000019A1143016000F03DF800280AD0064910310868029A10430860091D0868039A79
:20068000104308607FBD00000006004030B50F4C002200BF04EB0213D3F800582DB9D3F824
:2006A000045815B9D3F808581DB1521C082AF1D330BD082AFCD204EB0212C2F80008C3F846
:2006C00004180220C3F8080830BD000000E001404FF08050D0F83001082801D00020704723
:2006E000012070474FF08050D0F83011062905D0D0F83001401C01D0002070470120704731
:200700004FF08050D0F830010A2801D0002070470120704708208F490968095808471020CE
:200720008C4909680958084714208A49096809580847182087490968095808473020854954
:20074000096809580847382082490968095808473C20804909680958084740207D49096857
:200760000958084744207B49096809580847482078490968095808474C2076490968095839
:200780000847502073490968095808475420714909680958084758206E490968095808471E
:2007A0005C206C4909680958084760206949096809580847642067490968095808476820B7
:2007C00064490968095808476C20624909680958084770205F4909680958084774205D4960
:2007E00009680958084778205A490968095808477C2058490968095808478020554909686F
:200800000958084784205349096809580847882050490968095808478C204E490968095850
:20082000084790204B49096809580847942049490968095808479820464909680958084735
:200840009C204449096809580847A0204149096809580847A4203F49096809580847A8208E
:200860003C49096809580847AC203A49096809580847B0203749096809580847B42035499F
:20088000096809580847B8203249096809580847BC203049096809580847C0202D49096886
:2008A00009580847C4202B49096809580847C8202849096809580847CC2026490968095868
:2008C0000847D0202349096809580847D4202149096809580847D8201E490968095808474D
:2008E000DC201C49096809580847E0201949096809580847E4201749096809580847E82066
:200900001449096809580847EC201249096809580847F0200F49096809580847F4200D49DE
:20092000096809580847F8200A49096809580847FC2008490968095808475FF480700549EB
:20094000096809580847000003480449024A034B7047000000000020000B0000000B000057
:2009600040EA010310B59B070FD1042A0DD310C808C9121F9C42F8D020BA19BA884201D923
:20098000012010BD4FF0FF3010BD1AB1D30703D0521C07E0002010BD10F8013B11F8014BDB
:2009A0001B1B07D110F8013B11F8014B1B1B01D1921EF1D1184610BD02F0FF0343EA0322A5
:2009C00042EA024200F005B87047704770474FF000020429C0F0128010F0030C00F01B808B
:2009E000CCF1040CBCF1020F18BF00F8012BA8BF20F8022BA1EB0C0100F00DB85FEAC17CF1
:200A000024BF00F8012B00F8012B48BF00F8012B70474FF0000200B513469446964620396B
:200A200022BFA0E80C50A0E80C50B1F12001BFF4F7AF090728BFA0E80C5048BF0CC05DF8EE
:200A400004EB890028BF40F8042B08BF704748BF20F8022B11F0804F18BF00F8012B704784
:200A6000014B1B68DB6818470000002009480A497047FFF7FBFFFFF745FB00BD20BFFDE7E4
:200A8000064B1847064A1060016881F30888406800470000000B0000000B00001704000059
:200AA000000000201EF0040F0CBFEFF30881EFF30981886902380078182803D100E00000BC
:200AC000074A1047074A12682C3212681047000000B5054B1B68054A9B58984700BD00000E
:200AE0007703000000000020F00A000004000000001000000000000000FFFFFF0090D003EE
:02000004000EEC
:2000000000000420F9020E0021030E0023030E0025030E0027030E0029030E0000000000A5
:200020000000000000000000000000002B030E002D030E00000000002F030E0031030E00C4
:2000400035380E0033030E0033030E0033030E0033030E0033030E0033030E0033030E0049
:2000600033030E0033030E0033030E0033030E0033030E0033030E0033030E0033030E0060
:20008000D1540E00F92B0E0033030E0033030E0033030E0033030E0033030E0033030E0063
:2000A00033030E0033030E0033030E0033030E0033030E0033030E000000000000000000A8
:2000C00033030E0033030E0033030E0033030E0099510E0033030E0033030E0061470E00DA
:2000E00033030E0033030E00AD860E00000000000000000033030E000000000033030E00AF
:200100000000000000000000000000000000000000000000000000000000000000000000DF
:200120000000000000000000000000000000000000000000000000000000000000000000BF
:2001400000000000000000000000000000000000000000000000000000000000000000009F
:2001600000000000000000000000000000000000000000000000000000000000000000007F
:2001800000000000000000000000000000000000000000000000000000000000000000005F
:2001A00000000000000000000000000000000000000000000000000000000000000000003F
:2001C00000000000000000000000000000000000000000000000000000000000000000001F
:2001E0000000000000000000000000000000000000000000000000000000000000000000FF
:200200000348044B834202D0034B03B118477047FC000020FC0000200000000005480649C1
:200220000B1AD90F01EBA301491002D0034B03B118477047FC000020FC00002000000000A6
:2002400010B5064C237843B9FFF7DAFF044B13B10448AFF300800123237010BD10010020EB
:2002600000000000A09E0E0008B5044B1BB104490448AFF30080BDE80840CFE700000000FC
:2002800014010020A09E0E00A3F5803A704700BF154B002B08BF114B9D46FFF7F5FF002179
:2002A0008B460F461148124A121A08F0ADFB0C4B002B00D098470B4B002B00D09847002016
:2002C000002104000D000B4808F002FA08F030FA2000290004F054FD08F000FA00000800FB
:2002E00000000000000000000000042010010020A042002005870E000649074A074B9B1A66
:2003000003DD043BC858D050FBDC00F055F9FFF7BFFF0000D09E0E000800002010010020E0
:20032000FEE7FEE7FEE7FEE7FEE7FEE7FEE7FEE7FEE7FEE70020704710B504461A4802F091
:2003400079FE1A4B18481C6002F08BFE48B3184B002140F603020330C3E90212586019707C
:20036000144B154959601549C3E90212144A1A61144A5A6103F062F8852800D090B90020C4
:2003800003F0BAF870B902F073FA0F4800F0DCFE40B90E4800F07AFF20B9BDE8104000F099
:2003A0003FBF032010BD00BFB49E0E00B4010020581A0020401A0020DD030E00D1030E007F
:2003C000E8190020AC9E0E00E4980E00C0980E00011F014802F067BEB49E0E0013B5074CB9
:2003E0000A4601AB0146204602F09AFF019A0448214601F0B3FE02B010BD00BFCF19002093
:20040000C0980E0001F0A0B8083810B5062820D8DFE800F008141B1F1F1F0400BDE81040BE
:2004200000F018BF03F0C6FE08B900F011FF094B1B6873B10120BDE81040184700F01CFF02
:20044000044B1B682BB10220F5E7BDE8104000F003BF10BDB401002003780BB901F074B84B
:20046000014A042100F0EABA05040E00F8B5E9B9134E144C144F3178124802F085FF05462A
:2004800060B93846D4E9011206F082FE0F4802F0E8FD18B10330C4E9010525700C48012296
:2004A000314601F07DFE0028E5D0F8BD0229FCD1BDE8F84002490648012201F071BE00BF57
:2004C000001A0020581A0020401A0020B49E0E00C0980E00074B1B5C1F2B86BF064903F076
:2004E0001F034FF0A041012202FA03F3C1F80C35704700BFF0980E000003005008B500206F
:20050000FFF7E8FFBDE808400120FFF7E3BF00000A4B185C1F288ABF094B4FF0A04300F099
:200520001F00D3F804250121814021EA02000A40C3F80805C3F80C25704700BFF0980E00AE
:2005400000030050C20710B5044607D5074B0322C3F83C27C3F82827FFF7D0FFA30742BF85
:20056000024B0C22C3F8342710BD00BF000300504FF08053D3F83001A0F10803584258412E
:20058000704700004FF08053D3F83021082A06D1D3F83431052B02D8024AD05C70470020E4
:2005A000704700BFF8980E00024AD2F80034002BFBD0704700E0014010B5FFF7D9FF40B18B
:2005C0004FF080430022C3F80C21C3F81021C3F83825FFF7CDFF002846D04FF08052654B4A
:2005E000D2F80414C3F82015D2F80814C3F82415D2F80C14C3F82815D2F81014C3F82C1583
:20060000D2F81414C3F83015D2F81814C3F83415D2F81C14C3F84015D2F82014C3F84415D2
:20062000D2F82414C3F84815D2F82814C3F84C15D2F82C14C3F85015D2F83014C3F8541522
:20064000D2F83414C3F86015D2F83814C3F86415D2F83C14C3F86815D2F84014C3F86C1562
:20066000D2F84424C3F87025FFF78CFF18B1424B424AC3F88C26FFF785FF18B1404BFB223D
:20068000C3F81825FFF77EFF70B14FF080414FF08053D1F8E42ED3F8583222F00F0203F076
:2006A0000F031343C1F8E43EFFF76CFF20B1354B4FF40072C3F84026FFF75AFF48B14FF0E8
:2006C0008043D3F80024D20744BF6FF00102C3F800242D4AD2F8883043F47003C2F8883036
:2006E000BFF34F8FBFF36F8F4FF08053D3F83021082A0ED1D3F83431052B02D8234AD35CA5
:200700003BB14FF01023D3F808224FF08043C3F858254FF01023D3F80022002A03DBD3F81A
:200720000432002B22DA1A4901234FF01020C1F804351224FFF738FFC0F80042FFF734FFEE
:20074000C0F80442FFF730FF0023C1F80435FFF72BFFBFF34F8F0C490E4BCA6802F4E06299
:200760001343CB60BFF34F8F00BFFDE70A4B0B4A1A6010BD00C00040005000404881030078
:2007800000F000400090024000ED00E0F2980E0000E001400400FA050C0000200090D0033F
:2007A00038B52022044608300D4608F017F82022A91804F1280008F011F8002038BD0000F8
:2007C0002DE9F743DFF86C809946184B036004460E4640460121174602F0F4FB0546BFF3E0
:2007E0005F8FF8B900F0E6F80A9ACDF800903B4606F10801204606F0FDFD044600F0E8F8A2
:20080000BFF35F8FC8F8005044B1094948F2165248F242538C4214BF14461C46204603B0FA
:20082000BDE8F08348F20454F8E700BFDD55AABB8408F000343E00200E4B984214D00AD8D2
:20084000B8B10D4948F2165248F20153884214BF104618467047094B984208D0084948F210
:20086000165248F20353F1E748F20350704748F2025070470102F0000002F0000202F00048
:200880000F02F00008B5083006F01EFEBDE80840FFF7D2BF13681F2B2DE9F34106460F462C
:2008A000144620D9DFF84C800121404602F08AFB0546BFF35F8FC8B900F07CF8394606F1DD
:2008C000080006F06DFE019000F082F8BFF35F8F0198C8F80050FFF7AFFF08B92023236040
:2008E00002B0BDE8F08148F21450F9E748F20450F6E700BF343E00202DE9F04105460E4610
:2009000019480121144602F05DFBBFF35F8F38BB00F050F8DFF854800835B4F5805F274608
:2009200028BF4FF4805731463A46404607F056FF3A464146284606F0E1FDE41B3E4468B902
:20094000002CEAD100F044F8BFF35F8F064B00221A602046BDE8F041FFF76EBF0446F1E776
:2009600048F20450BDE8F081343E0020681A0020024B0020C3F80005704700BF00A002500A
:2009800038B50A4B00251D60BFF35F8F084C0123C4F8003506F034FEC4F8005520B1052833
:2009A00048F2035018BF032038BD00BF343E002000A00250044B0122C3F80025034B4FF495
:2009C00080625A60704700BF00A0025000E100E0064B0022C3F80025054B4FF48062C3F8CF
:2009E0008420BFF34F8FBFF36F8F704700A0025000E100E04B1C30B5DB00044612F0030033
:200A00009BB20DD1074D2A601A44074B1A60074B1870074B1870074B1C80074B198030BD29
:200A20000720FCE7702A00206C2A0020682A0020782A0020742A0020762A00202DE9F047FD
:200A4000DFF8B480B8F800308B4206460D46174645D3002001F084FF234B244A244819785D
:200A600000881478E3B2844238BF0133C9B234BFDBB2002399422CD014781178CBB288428B
:200A800086BF0133DBB200231370002001F06AFF4FF6FF739C4224D0DFF86090D9F80020EF
:200AA0004FEAC40A42F8347002EBC403A6B19DB1104BB8F800001B682A4604FB0030314654
:200AC00007F08CFED9F80030534400209D80BDE8F0874FF6FF74D8E700209880F7E70920EE
:200AE000F5E70420F3E700BF782A0020682A0020762A00206C2A0020742A0020702A0020FB
:200B000070B5104C104D22782B789A4200D170BD0E480F4A2378126806880E4802EBC30187
:200B2000006852F83320898803FB060090470A4922780988D3B2914286BF0133DBB20023C5
:200B40002370E0E7782A0020682A0020742A0020702A00206C2A0020762A002010B5D0E95B
:200B60000243D1E90202A04272EB03032CBF0120002010BD08B50A4802F027F8094AD2E906
:200B80000031C018084BD3E9002341F10001904271EB030303D210F1807041F1000108BDF5
:200BA00010000020802A0020F82A002037B505460C460A4801A902F090F960B105704460CF
:200BC00001A9064802F0B3F918B1054802F002F8002003B030BD0420FBE700BFE42A0020CA
:200BE0001000002070B5234B1E78044616B90026304670BD0028FAD0FFF7BCFFD4E9022335
:200C0000904299412FD3002001F0AAFE23692BB94FF0FF324FF0FF33C4E90223002001F039
:200C2000A1FED4E905309847002001F099FE25696DB1D4E90212B2F1FF3F08BFB1F1FF3F97
:200C40000FD0691842F10002C4E902123546002001F088FE002DCAD00748214602F03AFB88
:200C6000C6E70025F3E7B3F1FF3F08BFB2F1FF3FBDD0F1E7882A002028990E0013B5114B14
:200C800011491868019008231048582202F012F9044698B90E4A0F4801A901F08FFE044633
:200CA00060B90C48012101F071FF01230A4A0948194601F0CDFE094B01221A70204602B047
:200CC00010BD00BF24990E008C2A0020E42A0020A90D0E0010000020FFFF7F00882A002076
:200CE00030B56AB103684FF0FF344FF0FF355A614A1E5142C3E9024551411961002030BDE2
:200D00000720FCE7F8B50446002017460D4601F027FED4E90223B3F1FF3F08BFB2F1FF3F80
:200D200015D1FFF727FF281841F10001C4E902010126002001F016FE5EB12369A76103B1EB
:200D4000256121460020BDE8F840FFF72FBF0026EFE73046F8BD38B50446002001F000FE58
:200D6000D4E90223B3F1FF3F08BFB2F1FF3F1FBF4FF0FF324FF0FF33C4E90223012508BF89
:200D80000025002001F0EEFD2DB121460120BDE83840FFF70BBF284638BD0000014801F052
:200DA00014BF00BF100000202DE9F743064601F0F6FE40B1624AD2E9003113F1807341F13E
:200DC0000001C2E900310021304601F0F8FE38B15C4C236823B12068FFF704FF00232360A1
:200DE0000121304601F0EBFE20B1FFF7C3FE564BC3E900015548534C01A902F0A8F84FF0F4
:200E0000FF384FF0FF39A0B9DFF844814D4D404602F076FA002800F08580D0E90223B3F10E
:200E2000FF3F08BFB2F1FF3F32D1404602F062FAEDE70378012B20D0022B08D1444D284685
:200E400002F058FA002877D0C0E90289F7E75BB94168D1E90223B3F1FF3F08BFB2F1FF3FA7
:200E600002D03B4802F036FA01A9384802F09AF801A9364802F06BF8C5E741682368994215
:200E800002D100232360EFE7314802F03CFAEBE7296891B12968D1E9020182428B412FD2DE
:200EA0002B68D3E90223B3F1FF3F08BFB2F1FF3F03D02968404602F00DFA404602F01AFAC5
:200EC000D0E902490746FFF755FE201A69EB0109012879F1000318DBB0F5350F13D3FFF792
:200EE0005DFF1C4A02441C484FF49603002101F0D3FD90B92B6813B9304601F0A1FD2F608C
:200F000003B0BDE8F0832246EDE71348002101F04BFE3846FFF766FE01E00D28F9D000233A
:200F20002B6074E7074B1B68002BE9D1304603B0BDE8F04301F088BD084B01221A7093E760
:200F4000802A0020002B0020F82A0020E42A002028990E00FFFFB40010000020882A002089
:200F600043681B6818470000024B5B6803B11847704700BF042B0020020600F00F034CBFE7
:200F800002480348DB001844704700BF102B0020582B002008B5FFF7EFFF016009B14B68A2
:200FA0001968416008BD00000378052B0BD1074AD2F88434D2F88024D2B222B9044ADBB248
:200FC000052B08BF1046034B1B681847007002404C990E00042B0020012805D0022805D0A3
:200FE00030B90448FFF7E0BF0348FBE70348F9E7704700BF48990E0044990E0040990E0098
:20100000FFF7D2BF0148FFF7CFBF00BF50990E00024B0146D3E90002104700BF582B0020BB
:2010200038B5831EDBB2062B98BF1A4A1A4D98BFD25C2B78A3F10203DBB288BF0022062B5A
:201040009ABF1449CB5C00239342044603D0B2B1124802F013FA022C14D0A4F108004242AF
:2010600042412B78022B0FD0A3F108014B424B41934202D052B103F0E3F82C7038BD02F08D
:2010800027FAE8E70122ECE70123F1E703F0CEF8F3E700BF34990E00A92B00201800002015
:2010A0002DE9F04F87B000260546884691461F4602966B6800225C682946012302A8A047B4
:2010C000044638B98DF8060004908246564503D8052028E00136ECE76B680DF10602D3F89D
:2010E00004B02946012304A8D8476B680DF10702D3F804B02946012304A8D8479DF807305B
:2011000043459DF8063013D14C450FD1109A13603B7087F801806A68023B54682946BA1C4F
:2011200004A8A047002007B0BDE8F08F0134E4B26A68023BD2F804B02946002204A8D8476D
:201140009DF806309A44C1E72DE9F74305462B4803F08CF8044600284CD1294B1870294BBA
:201160001860294B014618604822284807F04CFC27484822214607F047FC264B95B9264A02
:201180001D72C3E90025002002F0B6F918B1852801D003F0F1FD214F002697F8089007F151
:2011A000090814E095E8070083E807000028EAD1194A1A60E7E7A37823443946985CFFF7BB
:2011C000E9FE01356378EAB29342F4D80136F4B2A14504D904EB440444440025F2E70B234F
:2011E0000E488DF8043001A9FFF7BAFE044608B102F012FF204603B0BDE8F08301100E0032
:20120000A92B0020A02B0020A42B0020102B0020582B0020042B002049150E006C990E0034
:2012200010B502F0BFFF10B90823184610BD02F0C1FF04460028F7D1044802F078F9034636
:201240000028F2D003F098FD2346EEE73C990E0002F0ECBE03F012BB4FF08043D3F8382476
:20126000920702D50348FFF79FBED3F83824D107F4D4704755990E0007B5822301A88DF857
:201280000430FFF791FE03B05DF804FB2DE9F74300F1090190F80890054600270E46FBB2B0
:2012A0004B452AD291F801800024E3B298450AD98B780A190134D05CFFF75EFE0368002BB0
:2012C000F3D0112028E001370331E8E7A27823442946985CFFF75EFE01376278FBB29A4206
:2012E000F4D808F101082B7A5FFA88F4A34216D904EB440434440027EFE74FF00008F2E706
:2013000013681A68002AFBD11D6001A90B2328468DF80430FFF724FE03B0BDE8F083014B2F
:20132000EFE700BFA02B0020024B1878003818BF01207047A82B0020030710B5044604D485
:2013400003F0ACF8204603F05FFB2046BDE8104003F006BB03F0D2BA014B1868704700BF73
:20136000A02B0020F0B50A4B0246186878B1057A0023861DDCB2A54201D80368F5E7013389
:2013800003EB4307F75D9742F4D101B10C70F0BDA02B00201146FFF7E3BD08B500F00F03B1
:2013A000082B07D8FFF7E8FD006818B1BDE80840FFF7D6BD102008BD38B5054B05461C6898
:2013C00004B938BD29462046FFF7CAFD2368F6E7A02B002038B5074B05461C680CB906207D
:2013E00038BD29462046FFF7BBFD0628F8D12368F3E700BFA02B002013B50446019102F0D9
:201400007BFF50B1064B1B78022B06D10199204602B0BDE8104002F07FBF082002B010BDEB
:20142000A92B002013B50446019102F065FF50B1064B1B78022B06D10199204602B0BDE87E
:20144000104002F0DDBF082002B010BDA92B0020F8B543689B6805460C46164613B92EB114
:20146000072002E098470628F9D0F8BD2B7AA34213D9093504EB44042C446778F3B29F4218
:2014800001D80020F1E762789A4208D9A219A378D05CFFF751FF0136F0E77378FFDE0023A3
:2014A0001B78FBE770B54368DB6805460C4603B198472B7AA34213D9093504EB44042C4419
:2014C00000256678EBB29E4200D870BD62789A4209D96219A378D05C03F010FA0135F1E722
:2014E00000235B78FFDE00231B78FBE743681B6903B118471846704770B5084B1C6804B971
:2015000070BD267A0025E9B28E4201D82368F5E700222046FFF79CFF0135F4E7A02B002019
:2015200070B5084B1C6804B970BD267A0025E9B28E4201D82368F5E72046FFF7B3FF013511
:20154000F5E700BFA02B002038B503780F2B044610D9A3F1800283F08003052B00D938BD26
:20156000052AFCD8DFE812F067002C00490073007E00E0000F2BF2D801A252F823F000BF2F
:2015800087160E00B7160E0017170E00DB160E00F9160E0029170E003B170E005F150E003D
:2015A00065170E0069170E006D170E005F150E005F150E005F150E005F150E0033170E0021
:2015C0006B48FFF725FD6A48FFF7F6FE0D20FFF7CBFCFFF7A5FF00F0D4FE664B1B6853B91E
:2015E000654B187A00F0010002F0B8FD0120BDE83840FFF715BD0120F4E7FFF791FF03F096
:201600001BF90020FFF70CFD5C48FFF7D5FE5B48FFF7FEFC0E20FFF7A7FC594B1B78023B5C
:20162000DBB2062B9BD8574AD35C002B97D0BDE8384001F04DBF524B1B78062B05D003F0D4
:20164000FD03052B8BD10220D1E70820CFE74C4B1B78032B83D103F02BF900283FF47FAFFA
:201660000420C4E7464B1B78032B05D103F020F910B10420FFF7D4FC02F0A6FD00283FF4CC
:201680006EAF0620B3E73E4B1B78032B01D0082B02D13D48FFF758FF0020FFF765FC354B83
:2016A0001D68002D3FF45BAF28462146FFF758FC2B685D68F5E7FFF733FF00F059FE022057
:2016C000FFF7AEFC0120FFF74FFC2046FFF7A0FC2046BDE83840FFF76FBE294B1B78082B30
:2016E00006D10220FFF79CFC02F0B4FD0320EAE70520FFF795FCF9E70320FFF735FC23488B
:20170000FFF786FC2148FFF757FE1D4B1B78062B99D107206BE70320FFF782FC0220FFF7DF
:2017200023FC2046FFF748FE2046BDE83840FFF76FBC0F20FFF718FCCAE78078FFF71CFC54
:20174000214643680068984700283FF408AFA07802073FF404AF03073FF501AFBDE838400C
:2017600002F08EBE0820E5E70920E3E70A20E1E754990E00A42B0020042B002053990E001F
:20178000A92B002034990E0052990E0051990E00C36903B11847704703680022C3E91E221A
:2017A000C3E920221A845A62DA6203F134025A67704710B5044658B90868037B202B09D1D0
:2017C00000F10E010722183007F008F8204610BD0320FCE70620FAE74360CA699A420DD3CF
:2017E0008A690260C8691A448A610A6FC01A1A44C86100380A6718BF0120704701F12802CC
:2018000002608B6700207047F0B504680D7A002C00F08780A4F213347C2C00F222837C2C1E
:2018200000F21F83DFE814F085008F009D00A900B500C100CD00D9001D031D031D031D0353
:201840001D031D03EF00FB001D031D031D031D031801240132011D031D031D034501510175
:201860007F011D031D031D031D03670173017F011D031D031D031D031D031D038B011D03A0
:201880001D031D031D039F01AB01B701C301CF011D031D03DB01E701F301FF010B021D032B
:2018A0001D031C022802340240021D031D034C025802640270027C021D031D031D031D038A
:2018C0001D031D031D031D031D031D031D031D031D031D031D031D031D031D031D039B028B
:2018E000A7021D031D031D03C0021D031D031D031D03DD021D031D031D031D03DD021D033F
:201900001D031D031D031D031D03E902F5021D031D031D031D0313031D031D031D031D032F
:2019200013030824047123B940F2133303600120F0BD0AB1047914700B24012B04710ED8F9
:201940004FF44573F2E700240AB10679165501340E7D06719C4205D340F21533E6E7012491
:20196000F2E700240AB106791655013402269C42067103D340F21633D8E700240AB10679A5
:201980001655013402269C42067103D340F21733CCE700240AB106791655013402269C4221
:2019A000067103D34FF44673C0E700240AB10679165501344E7E06719C4203D340F21933C4
:2019C000B4E700240AB106791655013400269C42067103D340F21A33A8E700240AB10679B1
:2019E00016559D4E0027013437709B4E3678AE4202D340F29A3399E70926A342067103D84D
:201A000040F2213392E700240AB106791655013404269C42067103D340F2223386E700245C
:201A20000AB1067916558C4E0F7A3678DFF82CC2B74204F1010440F2188201F1090706EB79
:201A4000460607EB060E9C42BE5DCCF800E0067103D340F2273369E700240AB106791655A5
:201A6000013400269C42067103D34FF44A735DE700240AB106791655784E3668013476784C
:201A800006719C4203D340F229334FE700240AB106791655714E0F7D36683678B74204F109
:201AA00001041ED102269C42067103D340F22D333CE700240AB106791655013402269C4226
:201AC000067103D340F22E3330E700240AB10679165501344E7E06719C4225D340F22F3364
:201AE00024E78F7DB74223D10A269C42067103D34FF44D731AE700240AB106791655013485
:201B000000269C42067103D340F235330EE700240AB106791655013400269C42067103D396
:201B200040F2363302E700240AB10679165501340026A342067103D840F23D33F6E6002424
:201B40000AB106791655454E0F7D36683678B74204F1010440F0E98005269C42067103D393
:201B600040F24233E2E600240AB106791655013424269C42067103D340F24333D6E60024FB
:201B80000AB106791655013400269C42067103D34FF45173CAE600240AB106791655013465
:201BA00010269C42067103D340F24533BEE600240AB106791655013401269C42067103D326
:201BC00040F24633B2E600240AB106791655013405269C42067103D340F24933A6E6002410
:201BE0000AB106791655013424269C42067103D340F24A339AE600240AB106791655013469
:201C000001269C42067103D340F24B338EE600240AB106791655013403269C42067103D3FC
:201C20004FF4537382E600240AB10679165501348E7D06719C4203D340F24D3376E60024CD
:201C40000AB106791655013404269C42067108D34FF454736AE600BFAB2B0020B02B002046
:201C600000240AB106791655013424269C42067103D340F2513359E600240AB10679165533
:201C8000013402269C42067103D340F252334DE600240AB106791655013402269C42067157
:201CA00003D340F2533341E600240AB106791655013405269C42067103D340F2563335E645
:201CC00000240AB106791655013424269C42067103D340F2573329E600240AB106791655FD
:201CE000013406269C42067103D34FF456731DE600240AB10679165501340E7D06719C426B
:201D000003D340F2593311E600240AB10679165501348E7D06719C4203D340F25A3305E65A
:201D200000240AB1067916550134534E36687778524E3770524E00273770514E37784F4ED7
:201D40003678B74204D34F4F3E7801363E704CE60726A342067103D840F26E33E6E5002474
:201D60000AB106791655013405269C42067103D340F26F33DAE500240AB1067916553E4E4B
:201D80003F4F36683F7896F801C0BC4504F1010470D996F802C03E449C4216F80C6006712C
:201DA00003D340F27333C1E500240AB106791655314E0F7D36683678B74204F1010406D1E5
:201DC00003269C4206710DD34FF45E73AEE58F7DB7420BD102269C42067103D340F27D33E8
:201DE000A4E500240AB10679165501344026A342067103D84FF4617398E500240AB10679CD
:201E00001655013400269C42067103D340F285338CE500240AB106791655174E0F7D36681E
:201E20003678B74204F1010407D10E6A9C42367806710DD340F28A3378E58F7DB7420BD1A1
:201E400000269C42067103D340F28F336EE500240AB1067916550134094F3E7801363E70F9
:201E60006BE700230360184662E50023CCF800301B78FFDE0023FBE7B02B0020AA2B002069
:201E8000AC2B0020AB2B0020037A012B08D9427B012A00F10C0306D9827B13445878704729
:201EA00000235B78FFDE00231B78FBE72DE9F0470B7888B005460E460E2B1AD8DFE813F01B
:201EC00060003D016000600019000F00A800190019003A01190060006000600060004A780C
:201EE000D1094FEA521335D013F0030303D0012B21D006241BE002F01F02012AF9D1B47813
:201F0000062CF6D105A8039300F0AAFC03AB0093F2783179034607462846FFF7C1F80528BA
:201F200005D0039A3946701C00F046FA0446204608B0BDE8F087B378212BDAD1B6F8072079
:201F4000072AD6D10168701C183108B0BDE8F04700F032BA012BCCD1B3780768202B11D06C
:201F6000222BC6D1B6F80730002BC2D13A8CB6F803303B8402F0010203F001018A4222D1CB
:201F80000024D4E7B6F80720072AB2D13B73B6F80730DBB27B7300200E37CDE905730790A1
:201FA00000F0DEFC05A90020FFF726FA044630B9684B03A9CDE9033500F0ECF904460020B4
:201FC00000F0D0FCB3E78CB2C1F10301C9B2FFF7DFFB002CD4D12B7A012B40F2B4806B7B7E
:201FE00005F10C02002B00F0B080AB7BD05C02F079FB2846FFF748FF02F074FB07F134039F
:20200000C7E91E44C7E920447C62FC627B678EE7037A002B00F09B80837A00F10901002B31
:2020200000F09380C27AB3788A5C9A42A8D01B06F77809D527B1032F14BF0324002476E709
:202040000121FFF7A5FB9BE707F0FD03012B97D0002F76D10668FFF717FF3F4B059306F1B3
:202060000C030693B46A8146C4B9F36FB467C6E91F43F36A63B1D6E90B0106F1240383E803
:202080000300F46205A94846FFF7CCF9044600E0746200212846FFF77BFB48E7D6F884A0D4
:2020A000706A544528BF544606F134082246414606F094FBF36F2344C6E91F73AAEB0403DF
:2020C000B367F36A444474672BB306F1240406F12C0898E8030084E80300B36F706AF762B7
:2020E0001BB9736A002BCDD116E0B26A716F9A4214D806F073FBB36AB26FC6F88030D21AB0
:20210000B267726F1A44726700212846FFF740FBF36A002BDDD173620024BAE71A4606F0A8
:202120005DFBB26FB36AF2679B1AB362736A13447362D6E70321FFF72BFB2846FFF72CFB55
:202140001EE70324F3E66378FFDE1B78FCE75B78FAE700BFB3170E00D9170E001FB50368C4
:202160001B8CDC0714D5037A012B13D9437B00F10C0493B1837BE05C9306CDE901120CBFED
:202180000123002301A90393FFF736F904B010BD0820FBE700235B78FFDE1B78FCE70000BF
:2021A0002DE9F3410468238CDB0780460F46164646D5002000F0D4FB656A002D38D1A16F52
:2021C000B14213D3616F3246384606F007FBA36FC4F880609B1BA367636F334463670020C7
:2021E00000F0C0FB284602B0BDE8F081C4E909764046FFF749FE134B009304F10C030646CE
:20220000019369B10A463846616F06F0E7FAA36FA26AD21AA262626AC4E91E531A44626281
:2022200069463046FFF7FEF8051E08BF9225D6E7E36A1BB9C4E90B769225D0E71125CEE787
:202240000825CFE7D9170E00002070472DE9F04F2DED028B85B04B68019280460C466BB913
:202260000B681B681B684BB98D683DB9C0E90055284605B0BDEC028BBDE8F08F02F0FCF895
:20228000019BE7689F4228BF1F4604F110034FF0000A08EE103A8146564601254FB3A368FF
:2022A0006168BB429B4628BFBB4629B35A4609EB060006F093FA00236360A268E368A2EBCE
:2022C0000B02A3EB0B03A260E360A7EB0B075E440ABBBAF1000F03D0226812681268226078
:2022E000DBB12368DBB963601EB1019BB34288BF0025C8E90096BBE7002BDED021684B68A6
:2023000018EE100AD3F804A009EB06025B46D0474FF0010AD1E7002BC0D10025BEE70023CF
:20232000029321684B680022D3F804B002A80123D84708B92061B1E7A3680133A360F0E74B
:20234000084B1A7882420CD0052818BF064A187018BF137805481CBF23F002031370FFF701
:20236000F3B87047C02B0020DC2B00207C990E0008B50020FEF7E0FFBDE808408020FEF773
:20238000DBBF08B50020FEF7E5FFBDE808408020FEF7E0BF38B505460C4602F0FFF8A8426F
:2023A00003BFD4E90001034BC3E90001102008BF002038BDE02B00207FB5C38893421E46B3
:2023C00028BF164693420D46144620D9802001F08DFFB4FBF0F202FB1044B4FA84F46409AD
:2023E00000200394CDE9015600F0BAFA01A98020FFF702F8044620B906498020FFF7CAFF6A
:202400000446002000F0AEFA204604B070BD0024E6E700BFB0990E002DE9F04F0B780E2B5B
:2024200089B00D4613D8A3B1013B0D2B11D8DFE813F012001A00160010002A00F601100027
:202440001000100010001A00E001E401F401852B13D00624DDE10320FFF772FFF9E7A948A1
:2024600000F0E2FD08B90024D3E1A74B0122DA65BFF36F8FBFF34F8FF5E7A44B1B78032BD4
:20248000E7D10420E8E70523A14D8DF814300DF1150002F013F800232B609DF8153003F027
:2024A0001F07032F00F25E81DFE817F00400F60053013E0013F0600FC3F3411834D1DB092F
:2024C0009DF8161000F0A280062916D0082900F08F8049BB8F4C0222204606F095FA237861
:2024E00043F0010222708C4A1278920744BF43F003032370022287490EE09DF81830022B60
:2025000016D0032B64D0012B0ED1BDF81B30002B00F06C81814912220DF11500FFF74CFF0E
:202520000446062C40F0268105A8FEF753FF0EE1BDF81B60002E00F05981092E28BF0926F0
:20254000FEF70AFF4FF00909044654BB714C74493246204606F042F92771A4F80290FEF78F
:20256000E3FE18B1E37943F02003E371FEF7F4FE6C4BC3E900049E60BDF81B20DA60002015
:2025800000F0EEF968498020FEF74CFF044620B966498020FFF7FEFE0446002000F0E2F93A
:2025A000BFE7CDF80C804FF0000A63680022D3F804B02146012303A8D84730B9237A1F4431
:2025C0002368D1441C68FFB2BFE70AF1010AECE7BDF81B30002B00F00981BDF819109DF88F
:2025E000170000F08DF9014600289DD0027893E7464A1278052A03D1464A137001227AE7CA
:20260000042A91D1434B83F80080F7E703290FD009292BD0012987D1BDF81730012B83D18D
:20262000FEF782FE60B13C4A137823F002030FE0BDF81730012B7FF477AFFEF775FE18B902
:202640000F2401F0A1FFE4E0334A137843F0020313702B68002B00F0C98001F09FFF04465F
:2026600000287FF400AF01F04FFFD2E0274B1B78043B012B01D90824E3E79DF817302BB91F
:20268000FEF74EFF0420FFF75BFEE2E7012B57D1FEF732FF0520F6E79DF8190003A9FEF7F1
:2026A00061FE064608B91024CBE79DF80C1005AAFEF770FE062804465CD19DF8152012F094
:2026C000600FBED1114B9DF80C1018789DF81630D2092DD07BB10A2BB3D10528CBD1304688
:2026E0000192FEF703FF0B49019A08700DF11500FFF762FE2BE00528BDD106490B800222BC
:20270000F4E700BFE82B002000700240C02B0020E02B0020EC2B0020DC2B00209C990E0063
:202720007D990E00C42B0020B8990E00B0990E000B2B86D105289ED1BDF81730FF2B01D987
:2027400007247EE79DF817203046FEF781FE044610E09DF81900030706D19DF8153013F08D
:20276000600F0BD006246CE705A9FEF716FE06280446F2D0002C3FF46CAF62E79DF8162013
:20278000344B9DF819401B78012A1DD0032A0CD0002AE7D1052B02D027077FF46CAF204612
:2027A00001F07AFE2C490880A9E72607DAD4BDF81720002AD6D12007D4D0052B7FF45BAF13
:2027C000204601F05DFE44E72107CBD4BDF81720002AC7D12207C5D0052B7FF44CAF2046E5
:2027E00001F05CFE204602F00FF932E701F0C2FE39E60020FFF7A4FD35E64FF08043D3F8A6
:20280000384414F0010401D00220F3E70120FFF797FD204609B0BDE8F08F0120EAE7C87846
:2028200003283FF416AE0D4E33688BB10022716832609847044600287FF403AF336823B1D2
:20284000AB78002B7FF40FAE0DE701F093FEE0E70E24F6E6C02B0020EC2B0020E02B002042
:2028600008B1402303600148704700BFEC2B002070B54FF0805286B0D2F8A830D2F8A42047
:2028800000926FEA83436FEA93430B4A0B4E9BB20D2102A806F04AF902AD002402A806F0D9
:2028A0008FF9844201D306B070BD15F8013B06F8013B0134F2E700BFC0990E00383E0020C6
:2028C00010B50E4B53F8204023780BB9A01C10BD0020FFF7C5FF013C00235A1CA15C39B9A8
:2028E000DBB201335B00DBB243F440730380EEE7D3B220F813101346EFE700BF189A0E007F
:20290000034608B9FFF7DCBF012807D0022805D0032803D0042801D0052809D1054800EBE3
:202920004303587820B1044B53F82030002BE9D100207047309A0E00189A0E0072B6024AFE
:2029400013680133136070472C2C0020034A1368013B136003B962B6704700BF2C2C0020ED
:20296000FFF7ECBFFFF7F2BF30B53AB11368DB430A4D0144814204D1D84330BD4FF0FF33F9
:20298000F6E710F8012B5340082213F0010418BF2C46013A84EA5303F7D1EBE72083B8ED37
:2029A000435882B03BB10023435043580193019B012002B070471846FBE7000010B51C4CE6
:2029C000437944F823201B4C04EBC3031B796BBB03680A88C3F8082590F904308A78002B17
:2029E0004FEA4212ADBF03F1604303F00F03124903F56143B9BFD2B2CA54D2B283F800230F
:202A000090F90430002B08DB0122590903F01F0302FA03F3094A42F82130437904EBC30211
:202A2000012144F833001171002010BD0820FCE7382C0020302C002014ED00E000E100E0E9
:202A4000036801221A607047036801225A607047F7B504684FF480358D40C4F80853046858
:202A6000C4F8485301F15004A4000668A4B20027375134590194019C046801F5A87122F056
:202A80007F4244F821200268C2F8445313B10368C3F8045303B0F0BD2DE9F34799464FF42A
:202AA0008038036808FA01F8C3F848830368C3F8088322F07F4502680E46D2F8041502EB5D
:202AC000860206F15007D2F84035C2F84015BF000268BFB24FF0000A42F807A05B1AD2596E
:202AE000009223F07F43012B009A04460BD1264B4FF4806043F001039847236843F807A06C
:202B0000DB590193019B2368D3F80475C3F84483EB1B23F07F43012B06F5A876236819D16B
:202B2000013543F82650184B4FF4806043F0010398472368D3F804359F4209D12368C3F882
:202B4000448323680020C3F8048302B0BDE8F0870D20FAE743F826502068D0F804156A1A47
:202B6000013AC9F1FF1322F07F4203F57F439342EED3002AE2D1013540F826502368D3F814
:202B800004359942D9E700BF409A0E0002680223C2F8443311B10268C2F8043370470068BE
:202BA0004FF48271FFF7FCBE4FF4803303FA01F10368C3F848130368C3F808137047503150
:202BC0008900006889B2FFF7EBBE0368D3F804057047000090F90430002B09DB5A090121E3
:202BE00003F01F0301FA03F34032024941F82230704700BF00E100E0024B034A1B681068BB
:202C0000184700BF382C0020302C002038B51749174B0A68002A25DC5C789A88D87BB4B19C
:202C20005C7B251A954207DC00225A705A699C8002B105320A6001E002449A8019790D487D
:202C400000F031F980B1BDE8384002F095B89C7B2518954204DB01225A709C801A69E7E769
:202C6000121AEAE7FF3AE5E738BD00BF902C00203C2C00206C2C002038B543780546002B64
:202C80003DD082789A423AD2C378002B37D0C368002B34D01B4C54220021204605F0B4FE73
:202CA0001422294604F10C0005F098FDEA78AB781344A3804FF480732380EB68A360237B18
:202CC00084F82030EB68A3622B696362FF2384F821300D4A0D4BE36204F1200104F1300059
:202CE00000F08AF860B90123A370A978EB78194404F13000C9B2BDE8384000F0D4B80720D1
:202D000038BD00BF3C2C00200D2C0E00489A0E000146014800F0A4B86C2C0020014800F073
:202D2000B3B800BF6C2C0020014B1861704700BF3C2C0020014B5861704700BF3C2C0020EB
:202D40000178036AC26821B1C3F80C25002343707047C3F80825F9E710B5037D0446002B96
:202D60003FD183697BB9E278A378934213D12178236AE26861B1C3F8082501236370A37879
:202D8000053323611BE098472379022BEBD010BDC3F80C25F1E71AB92046FFF7D1FFEEE7B4
:202DA0002078236AE168C8B1C3F80815A37813FB02F31B1201210533617023612175237928
:202DC000022BE4D1E369216918682246FDF79AFF0028DCD0BDE8104001F0CEBFC3F80C15A3
:202DE000E4E7FFF7ADFF002382780375C378D31A53431B12C4E7000070B582610B788D68BB
:202E000003708B68144AC0E902334B6803624B7883700446C868E0610021FDF761FF40B919
:202E20000E4E032135B92046FFF78AFF01232371284670BDEB070BD51F288BBF00F01F0377
:202E4000034632464FF0A04203F5E07342F8231001306D08E6E700BF592D0E0000030050BF
:202E6000022370B50371C1600D46FFF769FF81688669044629430025816005758561FFF7D8
:202E80006BFFA661284670BD38B5C36904461868FDF761FF05462046FFF752FF0DB901230D
:202EA0002371284638BD83788B4226BFC17000200720704710B561B1B2FBF3F403FB14249E
:202EC000A4B244B9C0E9001484608281C381204610BD0E20FCE70920FAE737B550E8013F05
:202EE0009DB2C48925448489A54228BF2D1B0489A54202BFBFF32F8F002207E0C5EA030545
:202F000040E80154002CE9D14FF001028DF803200193019A0A609DF8031001F0FF0321B15E
:202F2000006810FA82F003B030BD1846FBE70A884B889A4209D150E8012FC2EA024240E832
:202F40000123002BF7D1012070470020704737B550E8023F1FFAA3F5C488A54202BFBFF3EF
:202F60002F8F00220DE0C48925448489A54228BF2D1BC3EA054540E80254002CE8D14FF012
:202F800001028DF803200193019A0A609DF8031001F0FF0321B1006800EB124003B030BD3B
:202FA0001846FBE70A884B889A4209D150E8022FC2EA224240E80223002BF7D10120704725
:202FC0000020704710B5034653E8000F0A4643E8002494F0000FF7D110BD10B5034653E8B2
:202FE000000F40EA010243E8002494F0000FF6D110BD10B5034653E8000F00EA010243E8AF
:20300000002494F0000FF6D110BD10B5034653E8002F02EA010043E8000494F0000FF6D177
:2030200010BD0121FFF7D9BF0021FFF7E2BF0021FFF7EBBF10B590B1D0E9012301689B1A99
:20304000DBB20A60013BDBB2FF2B026802D10020107110BD11684C1C14600B70F2E70E2004
:20306000F7E738B504460020FFF77AFC2268616813688B4215D9591E116013F8013C228A4A
:20308000E56802FB03552268A36811685B1A1179DBB2994200D213710020FFF763FC2846E0
:2030A00038BD0025F8E738B5054600200C46FFF757FC2A681368591C1160E968641A298AAF
:2030C000B4FBF1F41C70BDE838400020FFF74ABC0B4610B4114628B123B103601B685DF843
:2030E000044B18470E205DF8044B70472DE9F04108B302B3D0F800E0BEF1000F1ED0FBB1E2
:203100004568D5F80480B3FBF8F508FB1535BDB942EA010C1CF0030F14D1C568A94211D31B
:203120004D1EEC180569AC420CD8DEF80C40A446BDE8F04160470E20BDE8F0810820FBE709
:203140000920F9E71020F7E7F0B5D8B1D0F800C0BCF1000F18D0CAB14568D5F800E00EF12A
:20316000FF350D4214D1C568A94211D34D1E0EFB02540569AC420BD8DCF81040A446BDE82F
:20318000F04060470E20F0BD0820FCE70920FAE71020F8E770B550B90E4D0F4C0026641BD0
:2031A0001423B4FBF3F4B44208D1002010E00368002BF1D0BDE87040DB6918472B6813B9B5
:2031C00001361435EFE7DB69284698470028F7D070BD00BFFC00002010010020014B4360F1
:2031E000002070474C9A0E000846704700207047024B1868003818BF01207047942C002094
:2032000008B50248FFF713FF002008BD942C002008B510461A4605F0E1FA002008BD0000B2
:203220002DE9F041804686B011480F4616461D46FFF7F7FE0446C8B9AA083146384600F091
:20324000B9F90B48FFF7F3FED8F8083053B101228DF800200C9A0592CDE90147CDE9036555
:2032600068469847204606B0BDE8F0811124F9E7942C00202DE9F043814687B014480E46A3
:2032800015469846FFF7CDFE0446F0B90746BD4215D10F48FFF7CBFED9F808305BB10222C0
:2032A0008DF800200022CDE90126CDE90325CDF8148068469847204607B0BDE8F08306EB80
:2032C000073000F049F90137E1E71124F3E700BF942C002070B5446806460D46206818B116
:2032E000B3682946984718B923682B60256070BD2468F3E74368186808B102681A607047E7
:203300004368186870474368186800B97047884203D102681A600120704703460068F4E74A
:20332000F0B578B371B36BB300241C608E18DB274FF0DC0C4FF0DD0E1A688E4202F1010498
:2033400000EB020504D11C60C0232B700020F0BD0D78C02D05D0DB2D0CD01C600C788454DC
:2033600006E01C6087541A68541C1C6000F802C00131E1E71C6085541A68541C1C6000F833
:2033800002E0F5E70E20E2E710B580B3D0E902239A422ED00378012B0FD0022B21D053B918
:2033A000C02928D0DB2902D10123037003E04368541C84609954112006E0DC2905D0DD29F8
:2033C0000AD0022303700B2010BD511C43688160C02199540023E8E7511C81604368DB21D5
:2033E000F7E7C029E7D1002303708360E3E70E20EAE70420E8E71846E6E7000038B5074CAE
:20340000051E04F1080318BF1C4623682BB11A6822605B6828469847F7E738BDA02C002016
:2034200020B9054B01225A70FFF7E8BF012802D1014A9070F8E77047982C002038B50C4CD3
:2034400023789BB90B486360A3602361E36000F0E7F8054600F0F0F801232370064BD3F8D8
:2034600000340BB10123A370284638BD8525F5E7982C002021340E000000014038B5134C68
:203480006378054603F0FF0073B115B16B68002098470020FFF764FA636801336360002002
:2034A000BDE83840FFF75EBAFFF75AFA25B1A26813463BB92A60A5606368002BECD100F038
:2034C000D1F8E9E79D42F7D01B68F2E7982C002038B5084C0020FFF743FA6368013B63600F
:2034E000656815B900F0CAF86570BDE838400020FFF738BA982C002010B5074C23784BB9EA
:20350000064B002808BF184600F008F908B90123237010BD8520FCE7AC2C0020789A0E0037
:2035200008B500F02AF9BDE8084000F02DB907B50190FFF7F5FF019800F012F900F016F92E
:20354000002003B05DF804FB024AD2F80034002BFBD0704700E001400A4908B50223C1F83E
:203560000435BFF36F8FBFF34F8FC1F80805FFF7EBFF0023C1F80435BFF36F8FBFF34F8FD7
:2035800008BD00BF00E0014010B5094C0123C4F80435BFF36F8FBFF34F8F0160FFF7D4FFE9
:2035A0000023C4F80435BFF36F8FBFF34F8F10BD00E0014070B50E4E01231546C6F80435CE
:2035C000BFF36F8FBFF34F8F0024AC4207D10023C6F80435BFF36F8FBFF34F8F70BD51F8F1
:2035E000243040F82430FFF7AFFF0134EDE700BF00E0014010B5034653E8000F00EA010219
:2036000043E8002494F0000FF6D110BD00F18040002382B0036003680193019B02B07047C7
:20362000044A137923B90121106091801846704785207047B02C0020084B1A68D20704D43E
:20364000C02283F8002301221A604FF080420123C2F81835024A1370704700BF00E100E01B
:20366000453E002008B54FF48070FFF7CFFF4FF080430122C3F804231A6008BD4FF08042AC
:20368000012108B54FF48070C2F80813FFF7BEFF5160D2F80C3403F00113B3F1011FF8D042
:2036A000014B00225A7108BDB02C002010B54FF08041D1F8003163B14FF48070FFF7A6FF6F
:2036C00001220D4BC1F80823587910B95A711B6898474FF08042D2F8043163B14FF482707B
:2036E000FFF794FF0223C2F80833034BBDE810401B680120184710BDB02C002000F1804364
:2037000082B01A68002A14BF0120002004D000221A601B680193019B02B070470E4A137848
:20372000C3B903784FF08041C3F34003C1F88035037803F00103C1F87835084B1968C907AF
:2037400004D4C02183F8001301211960012313700020704785207047463E002000E100E048
:20376000014B02681A607047C02C00204FF080434FF46072C3F8042370474FF080434FF461
:203780006072C3F808237047014B00221A607047C02C002010B54FF08043D3F804436207CD
:2037A00007D54FF48470FFF7A9FF10B11E4B1B689847A30608D54FF48A70FFF79FFF18B1AC
:2037C0001A4B00201B689847600608D54FF48C70FFF794FF18B1154B01201B689847210624
:2037E00008D54FF48E70FFF789FF18B1104B00201B689847E20508D54FF49070FFF77EFF0D
:2038000018B10B4B01201B689847A3050AD54FF49270FFF773FF28B1054BBDE810401B6831
:203820000220184710BD00BFB82C0020BC2C0020C02C002008B5FFF7ADFFBDE80840FFF721
:2038400035BF0000020713D400F00F0310F0800F084A0BBF03F5887303F5847302EB830382
:2038600052F8230008BF5868431E584258417047002070470070024010F0080F074B06D041
:20388000D3F8C00410F4803F18BF0020704700F00F0000F5947053F820007047007002405C
:2038A0004FF08053D3F83001A0F1080358425841704700004FF08053D3F83021082A06D13D
:2038C000D3F83431052B04D8034AD05C7047002070470120704700BF799A0E0030B54C6854
:2038E0009C4209D2002545600968016093420CD1201E18BF012030BD43600D6805600868B1
:20390000E41A18444C600860F0E70020F3E74B689A4228BF1A460B68C0E9003248680B6821
:20392000801A48601A4400380A6018BF012070474B689A4228BF1A4662B10B68C0E900325F
:203940004B689B1A4B600B68101E13440B6018BF012070471346F1E7054B10F0800FA3F19E
:20396000900208BF134600F00F0003EB00107047602D002010F0800F14BF0023102300F08C
:203980000F0018447047000008B5FFF789FF18B1034B0022C3F81C2C024B00221A7008BDD0
:2039A00000700240C52C002007B5094A00231370084AADF8053013708DF8073001238DF87B
:2039C0000430054B01A81B68984703B05DF804FBC42C0020F42D0020F02D0020704700000C
:2039E000F8B54B680B4F934228BF13460C461D4606461A460968384604F0F0FEC6E90075A2
:203A000060682268401B60602A440038226018BF0120F8BDF82D0020F8B54B68934228BF03
:203A2000134606460D461C468BB10A4F09681A46384604F0D3FE376074606B681B1B6B6044
:203A40002B68201E23442B6018BF0120F8BD0360F2E700BFF82D002008B50020FEF780FF65
:203A60000A4BD3F8001C032261B949F27531C3F8001CC3F8142DC3F8001CBDE80840002033
:203A8000FEF770BFC3F8142DF7E700BF00E0064008B50020FEF764FF0A4BD3F8001C61B9B8
:203AA00049F27532C3F8002CC3F8141DC3F8002CBDE808400020FEF755BF0022C3F8142D36
:203AC000F6E700BF00E0064008B50146FFF75CFF0846FFF741FF827B032A0AD10846FFF702
:203AE00049FF01218140BDE808400448C943FFF781BD0368002BF1D008BD00BFC82C002033
:203B00008720FFF7E1BF8620FFF7DEBF8520FFF7DBBF8420FFF7D8BF8320FFF7D5BF8220FA
:203B2000FFF7D2BF8120FFF7CFBF000008B5FFF72BFF084B93F89E20032A06D1BDE808406F
:203B400005486FF00101FFF755BDD3F89030002BF4D008BDD02C0020C82C002073B50122F5
:203B600002FA01F51E491F4E0B6810F0800F43EA050304460B6027D000F00F021A4B33F80B
:203B8000123003F1804303F51C331A684AB100221A60BFF36F8FBFF34F8F802811D0FFF70D
:203BA00093FF316829400AD106238DF804308DF806408DF807100D4B01A81B68984702B038
:203BC00070BDFFF7B3FFECE733681D42F7D106238DF804308DF806008DF80720EBE700BFD1
:203BE000CC2C0020C82C0020889A0E00F02D002008B5054B1A781046FFF7BCFEBDE808409A
:203C000001461046FFF7AABFF42D0020FFF78EBF07B500238DF804300B4BD3F82025ADF881
:203C20000620D3F8C034094A002B13680CBF4FF480714FF001210B431360054B01A81B6809
:203C4000984703B05DF804FB00700240CC2C0020F02D002007B5FFF797FE0D4B93F88E209F
:203C6000032A11D0D3F8803073B90A486FF08071FFF7C0FC06238DF804300823ADF8063053
:203C8000054B01A81B68984703B05DF804FB00BFD02C0020C82C0020F02D002007B5FFF7E4
:203CA00073FE114B93F81E21032A07D10F486FF4807103B05DF804EBFFF79CBCD3F810316C
:203CC00073B90A486FF48071FFF794FC06238DF804308823ADF80630054B01A81B689847C9
:203CE00003B05DF804FB00BFD02C0020C82C0020F02D00202DE9F04F5D4E337885B0002B86
:203D00006DD15C4C5C4B19682368194067D011F0012367D093FAA3F1002966D0B1FA81F181
:203D20000F2964D9A1F110085FFA88F84046FFF713FE4FF0010B4FFA88FA0BFA01F1BAF146
:203D4000000F81466FEA010B54DA03688289416802A8984708B9C9F80000FFF7A1FD18B173
:203D6000464B8222C3F81C2C01232168039A3370D9F8083001EA0B011344BAF1000F21608C
:203D8000C9F8083008F0080002993C4B08F00F085EDA002854D0C3F8A016C3F8A426042358
:203DA00003EB880303F1804303F51C3301221A60BFF36F8FBFF34F8F314B324A2F4913EA42
:203DC0002A0338BF134633F8183003F1804303F51C331A681AB9D1F80021002AF9D005B00E
:203DE000BDE8F08F91FAA1F196E720219AE741F080089BE74046FFF73FFDB9F80C20D9F8A2
:203E00000410D9F800500346074602A8A847029A002A9FD0039A97429CD9022789F80E70F6
:203E200059461548FFF7E6FB06238DF80430164B8DF806801B688DF8077001A8984761E712
:203E4000142000FB0833C3F80016C3F80426A6E728B1C3F8A017C3F8A4272823A0E71420DE
:203E600000FB0833C3F80017C3F80427F5E700BFC52C0020CC2C0020C82C002000700240CA
:203E8000889A0E00A49A0E00F02D002037B50446FFF77AFD2046FFF75FFD837B032B0DD104
:203EA0002046FFF767FD01218140C9430F48FFF7A1FB03B0BDE83040FFF71CBF0568002D37
:203EC000F7D12046FFF756FD01218140C9430748FFF790FB06238DF80430054B8DF80640AF
:203EE0001B688DF8075001A89847E2E7C82C0020F02D00200720FFF7C9BF0620FFF7C6BF7B
:203F00000520FFF7C3BF0420FFF7C0BF0320FFF7BDBF0220FFF7BABF0120FFF7B7BF0000B8
:203F200038B5134BD3F86C44C3F86C44BFF36F8FBFF34F8F01251CB9BDE83840FFF7DABE6A
:203F400094FAA4F171B1B1FA81F30F2B19460BDDA1F11000C0B205FA01F324EA0304FFF76A
:203F6000FDFDE8E72021F3E743F08000F3E700BF0070024013B5254BD3F80044C3F8004419
:203F8000BFF36F8FBFF34F8FBFF36F8FBFF34F8FE1050ED51E4B01221A700023ADF80530C5
:203FA0008DF8073002238DF804301A4B01A81B689847A2050DD5164A00231370ADF805308E
:203FC0008DF8073003238DF80430124B01A81B689847630518D50E4A1378ABB100231370A4
:203FE0000A4A0121C2F808159165BFF36F8FBFF34F8FADF805308DF8073004238DF80430C8
:20400000044B01A81B68984702B010BD00700240C42C0020F02D0020024A00231360024A9A
:2040200013707047F02D0020C62C002008B5454B4FF40062C3F80024BFF36F8FBFF34F8FE6
:20404000FFF738FC08B1FFF707FDFFF729FC98B10020FEF785FC3C4BD3F8001CC022002910
:2040600067D149F27531C3F8001CC3F8142CC3F8001C0020FEF776FC324B0122C3F8002577
:20408000BFF36F8FBFF34F8FD3F800241205FBD54FF40062C3F80024BFF36F8FBFF34F8F46
:2040A000FFF7FEFB90B10020FEF75AFC264BD3F8001C002940D149F27532C3F8002CC3F84F
:2040C000141CC3F8002C0020FEF74CFCFFF7F2FB30B1FFF7DDFCFFF7EDFB08B1FFF7BCFC94
:2040E000FFF7DEFB174B50B140F2E372C3F800284022C3F80428BFF36F8FBFF34F8F00217A
:204100008022C3F81C25C3F83015104B40F2FF121A600F4B1960FFF737FC0E4B19700E4BB2
:2041200002221A70FFF7C6FB50B1BDE80840FFF7AFBCC3F8142C9CE70022C3F8142CC2E787
:2041400008BD00BF0070024000E00640CC2C0020C82C0020F42D0020C62C00200C4B00220B
:204160001A700C4A0C4B002818BF13460B4AC2F804330B4BC02183F8271380215960012300
:20418000C2F80435BFF36F8FBFF34F8F704700BFC42C00200714E0010714C00100700240DC
:2041A00000E100E0024B1878003818BF01207047C62C0020034B1878012894BF00200120CD
:2041C000704700BFC62C002010B50020FEF7C8FB134B1B7803F0FF04BBB1124AD2F82C35E0
:2041E000DBB10023C2F82C35FFF75AFB68B10E4BD3F8001CC02269B949F27531C3F8001C95
:20420000C3F8142CC3F8001C04460020FEF7AAFB204610BDC3F8142CF6E71C46F5E700BFC0
:20422000C42C00200070024000E00640024B034AC3F80823704700BF007002400414800155
:20424000024B034AC3F80423704700BF0070024004148001014B00221A707047C42C002062
:2042600008B5FFF779FB818108BD000073B51D4B1C78002C33D11C4A106001221A7025460E
:20428000264615F0080F65F07F00C0B20CBF40214FF400710190FFF7E3FF0198FFF75CFB21
:2042A0000135092D867306608660EAD1402100252046FFF7D5FF2046FFF74EFB0134E4B26C
:2042C000092C85730560856002D1002002B070BD14F0080F14BF4FF400714021E8E708209B
:2042E000F4E700BFC62C0020F02D002008B5FFF733FB808908BD0000064A10F0800F00F057
:204300000F0314BFD2F81005D2F81405D84000F001007047007002402DE9F84306460020C7
:204320000F46FEF71DFB16F00F0503D1294B1B78B3424BD1284BDFF8C4801C68D8F8003003
:20434000E443A4B230461C43FFF714FB4FF0010909FA00F914EA09043AD13046FFF7FCFA49
:204360000C225543320603462CD51C4A3968154401F06041BA68B1F1005F02F001021CD1FE
:20438000CAB9174A1A6097E8070085E80700D8F800005D6000229A609A73124B40EA09007F
:2043A0008022C8F80000C3F804210020FEF7DAFA2046BDE8F8830C4AE4E70AB90B4AE1E74B
:2043C0000B4ADFE70B4A15440B4ADBE71024ECE71124EAE7F42D0020CC2C0020483E0020F1
:2043E0000F390E0000E100E031390E00E1390E00193A0E00B43E0020DD380E00C82C00205C
:20440000F8B5064600200D46FEF7AAFA330703D1154B1B78B34223D1144B154F1C683B68C3
:20442000E443A4B230461C43FFF7A4FA012303FA00F10C4016D13046FFF78EFA84602B68E6
:2044400003606B684360847338680A4B084380223860C3F804210020FEF784FA2046F8BD84
:204460001024F8E71124F6E7F42D0020CC2C0020C82C002000E100E000487047F82D0020A5
:20448000044B40F48070C3F81805BFF36F8FBFF34F8F704700700240FFF7D4B9064BC3F899
:2044A0000C05BFF34F8F40F48070C3F80C05BFF36F8FBFF34F8F70470070024010B50822D3
:2044C0000021044604F0A0FA0E4BD3F880242270D3F884246270D3F88824D3F88C1442EA36
:2044E00001226280D3F89024D3F8941442EA0122A280D3F89824D3F89C3442EA0323E3807D
:2045000010BD00BF00700240034B0122DA64BFF36F8FBFF34F8F70470070024013B5FFF747
:2045200033FA114B9A7B032A07D110486FF4803102B0BDE81040FFF75DB81C687CB96FF49E
:2045400080310A48FFF756F806238DF80430084BADF806401B6801A8984702B010BD02B0B8
:20456000BDE81040FFF7D0BFD02C0020C82C0020F02D0020034B01221A65BFF36F8FBFF302
:204580004F8F704700700240034B01225A65BFF36F8FBFF34F8F704700700240014B18781F
:2045A000704700BFF42D002010B504460020FEF7D7F92046FFF7DEF90D4901220B6802FA35
:2045C00000F023EA000314F008020B600AD104F00F04084B04F5947443F82420BFF36F8FFD
:2045E000BFF34F8FBDE810400020FEF7BBB900BFCC2C002000700240F7B504460020FEF719
:20460000AFF92046FFF7A8F905462046FFF7B2F9012214F0800F02FA00F22E4819D1036834
:2046200032EA03030AD02046FFF7BEFF0323AB73002003B0BDE8F040FEF794B92B60036841
:2046400023EA02030360244B186820EA02001860ECE7230715D4802C204B2ED004F00F0173
:2046600001F2DA314900C3F80018D3F80418D3F80468C9B241F002013143C3F80418D3F83D
:204680000438154E0168336861EA03071742CFD0134321EA02013360002301602B600323FE
:2046A000AB738DF807300E4B8DF8064006221B688DF8042001A89847BAE740F2B471C3F86D
:2046C0000018D3F80418D3F80468C9B241F00401D2E700BFC82C0020CC2C0020007002409D
:2046E000F02D0020FFF788BF73B5184B184CD3F880542368174EDA43174B31781B6892B2D3
:2047000008461A43FFF736F9012303FA00F0104202D00846FFF770FF6FF0011105F08005F6
:204720000D483570FEF766FF236843F0010323600023ADF805308DF8073005238DF8043046
:20474000064B01A81B68984702B070BD00700240CC2C0020F42D0020C82C0020F02D0020C2
:204760002DE9F0411B4BD3F80413002301241D4671B9194F03F4000623F400044FF001080D
:20478000D4B9FFF7B7FA1EB3BDE8F041FFF7ACBF91FAA1F21148B2FA82F29600304404FA3E
:2047A00002F206682EB10560BFF36F8FBFF34F8F134321EA0201DBE794FAA4F5B5FA85F59D
:2047C00057F8253008FA05F5984724EA0504D7E7BDE8F08100700240B89A0E0000710240AA
:2047E000F8B5134E134B34681B68240C24041C4301271CB940F2FF133360F8BD94FAA4F5C7
:2048000085B1B5FA85F30F2B1D460DDDA5F11000C0B2030701D4FFF7EFFE07FA05F524EAD1
:204820000504E6E72025F1E743F08000F1E700BFCC2C0020C82C002038B50E4C8025C4F867
:20484000845163681B0613D5FFF7CAFF0A4B0022C3F80425BFF36F8FBFF34F8FC4F88450C5
:20486000BFF34F8FBFF36F8F4FF0FF32C3F8082338BD00BF00E100E00070024008B5FFF7C8
:20488000DBFF094BD3F80423C3F808230022C3F80025BFF36F8FBFF34F8FFFF775F8034B1F
:2048A00001221A7008BD00BF00700240C62C002010B50020FEF754F80E4B1B7803F0FF04FB
:2048C0002BB900240020FEF74DF8204610BDFFF787FF094AD2F8003413F40073F1D1012118
:2048E000C2F82C15D2F80014890544BFC2F82C351C46E7E7C42C00200070024010B5044632
:20490000FFF77AFE134A04F00F0064B2002C4FF00103B4BFD2F81015D2F8141503FA00F3FF
:204920006FEA0303B5BF0B400B40C2F81035C2F81435BFF36F8FBFF34F8F074A074B13EA2C
:20494000240338BF13461A5C01239340014AC2F8083310BD007002409A9A0E007F9A0E004B
:2049600038B5254A254B45B2002DA8BF134600F00F010446585C224A4FF0010303FA00F0ED
:20498000C2F804032ADAD2F81005C840C00731D4D2F810058B400343C2F81035BFF36F8F00
:2049A000BFF34F8F31B3002D24DB14F0080521D12846FDF7D5FF2046FFF7F6FD2046FEF774
:2049C000D9FF104901220B6802FA00F023EA00030B602846BDE83840FDF7C4BFD2F81405C4
:2049E000C840C00706D4D2F814058B400343C2F81435D3E738BD00BF9A9A0E007F9A0E0040
:204A000000700240C82C0020030610B5044605D4FEF718FF10B12046FFF7C6FD034BC3F8EA
:204A20001845BFF36F8FBFF34F8F10BD0070024028B139B10023C1E900301846704748F24B
:204A40001050704748F21350704730B1036848F240508B4208BF0020704748F21050704719
:204A600028B148F21150914208BF0020704748F21050704770B506460C461D46FFF7D8FF0D
:204A800050B9B3794AB1AB420AD111462046FBF787FE08B9044B236070BD48F21050FBE7AE
:204AA00048F21150F8E700BF7052464D2DE9F04383B00D4602AF04461149D7F82080284667
:204AC00016469946FFF7C1FF98B96B68796A5A7940465200FFF7C4FF58B976B10CB9AAB023
:204AE00002ACCDF800804B46324629462046FBF767FE0437BD46BDE8F08348F21050F8E7BF
:204B00007052464D10B5044638B149B141600B68984708B9044B236010BD48F20150FBE78E
:204B200048F21050F8E700BF6E524648F0B4134648B10768094EB7420AD161B12AB14368C7
:204B4000F0BC5B68184748F201531846F0BC704748F20253F9E748F21053F6E76E52464801
:204B6000F0B460B107680C4EB7420CD171B143681568DC68A5420CD3F0BC9B68184748F245
:204B80000150F0BC704748F20250FAE748F21350F7E748F21450F4E76E524648F7B50446BC
:204BA000DDE9086715460193FFF7ACFF68B9019A29462046FFF7BAFF38B93A4631462046A2
:204BC00003B0BDE8F040FFF7CBBF03B0F0BD0000F8B50A4F0A4C0B4EE41B0123E408337006
:204BE0000025A54203D1022333700020F8BD57F8353098470028F9D10135F2E7A49E0E0054
:204C0000AC9E0E00382E002001390144814200D2704703780A7800F8012B01F80139F5E7BB
:204C2000013A02440139824200D2704711F8013F02F80139F7E770B516460D46FFF7F0FF58
:204C40003246A9193044BDE87040FFF7E9BF38B50D460446FFF7D8FF29466019BDE8384057
:204C6000FFF7D2BFBFF34F8F0549064BCA6802F4E0621343CB60BFF34F8F00BFFDE700BFA1
:204C800000ED00E00400FA0530B52E4D297887B0044641B92C4A2D48FCF722F808B1FFF721
:204CA000E1FF01232B70072C14D8DFE804F01535401313041304FEF731F80028EFD124483E
:204CC000FCF749F80028EAD14FF48060FEF720F80028E4D107B030BD0120FBF733FC4FF08B
:204CE0008043D3F81824D1035CBF01229A60FBF7C5FF0028D3D1174D0FCD01AC0FC4164B3B
:204D0000059342F26663CDE9023301A8FF238DF80530FDF7B1FFD5E741F23330FEF704F8A7
:204D200041F2333007B0BDE83040FEF703B8FDF7F5FF0028B3D1064A40F266611046FBF73C
:204D4000E1FFC5E7392E00205D4D0E00709B0E00400000205C9B0E000003005008B50246B2
:204D600040F26661FBF7CEFF08B1FFF77BFFBDE808400120FBF7CCBB08B5FFF773FF0000A6
:204D800008B500F06FFB4FF48051002000F046F908B1FFF767FF0548C0F57E2100F03EF9BC
:204DA0000028F6D1024800F053F8F2E700000E00894C0E00014B01221A7070475C32002057
:204DC000BFF34F8F0549064BCA6802F4E0621343CB60BFF34F8F00BFFDE700BF00ED00E0FA
:204DE0000400FA05024B034800221A7001F0E2BB5C320020C14D0E00042810B5044609D8F8
:204E0000022811D815D00D4B1B68ABB12046BDE810401847831F012BF5D8094B0948002247
:204E20001A7001F0C7FBEEE70749002000F0F8F9E9E701F009FBE6E710BD00BF603200203F
:204E40005C320020C14D0E00E54D0E00002070475A4B5B4A70B518605A4B0020C3F83427AF
:204E600001F0BEFB0446002840F0A38000F0A4FA012800F09980022800F09D80002840F074
:204E800098804FF08043D3F80024D5031AD54FF48032C3F8002426464B4D2B6A012B2DD1AB
:204EA0004FF440535A68494B9A421AD001F01CFCAA690146002E57D0454801F0D5FE0028CF
:204EC00056D11BE0D3F8202502F0F902A92A06D1D3F8202502F05602C3F82025DBE70126C6
:204EE000DAE76A6B1EB995F86032012BDED039484FF4805101F0B8FE0028D7D100F0F6FA60
:204F0000354A20211820FBF775FD08B1FFF734FF4FF08043D3F80024D20742BFD3F8002499
:204F200042F00102C3F80024D3F81C2502F0F902B12A02BFD3F81C2502F04E02C3F81C257E
:204F4000FFF784FF002834D12046244900F068F9234800F0C7FF60BB00F0EEFAFBF7D0FDB4
:204F600020BF40BF20BFF7E795F8A132012BA3D1144BD3F810359804C0D54FF08043D3F829
:204F80000024D107BAD4D3F81C3503F0F903B12BB4D001F032FB60B9124B1870124801F0B5
:204FA00009FB00F025F804E00E4B10481C7001F001FB032070BD4FF4A0249FE76032002043
:204FC0000C00030000030050203F0020DBE5B151C1410020804100203C2E0020E54D0E0061
:204FE000F94D0E005C320020B54D0E00C14D0E0008B5074B4FF0FF32C3F88020C3F880214D
:2050000000F0CBFFBDE808404FF4805000F028B800E100E080F308880847000070B5054683
:20502000C1F30B00A8B9B5F57F2F12D80B4E3268072A10D8130103F1804404F5F0340132E6
:20504000C4F80058C4F804180221C4F80818326070BD0720FCE70420FAE700BF6432002022
:2050600010B504461448C0F58011FFF7D7FF08B1FFF782FE01F038FB104B9B6903F6FF7396
:2050800023F47F6323F00F0319180020FFF7C6FF08B1FFF771FEEFF305830023D4E900017D
:2050A00083F3148883F3108883F3118883F31388BDE81040FFF7AEBF00000E00203F0020CB
:2050C0001FB518490B7853BB4FF08043A024D3F81824D2035CBF01229A60134B0022C3F8F5
:2050E0000021D3F8000103900398C3F84021D3F8400102900298C3F84421D3F84401019080
:2051000001980A4880F82443102444600220C3F8082501229A601A60C3F804030A7004B05C
:2051200010BD00BF6C3200200040024000E100E037B56FF07F42154C057BD4F804358A4224
:2051400028BF0A46891A13444A1E942A23F07F4305F5A8729BBF963B96314160416044F89F
:2051600022300B4B4FF4F86043F001039847094BAA00134400221A601B680193019B4FF4EF
:205180008033AB40C4F8043303B030BD00400240809B0E00404102402DE9F3411B4BD3F8F5
:2051A000042152B11A490A6801320A600022C3F80421D3F804310093009B164C164DDFF889
:2051C0004C80164E00272B6873B12F602B68227B0193019B4FF480339340C8F80833616845
:2051E00051B12046FFF7A4FF0435B54204F11004E9D102B0BDE8F081A16811B12046FFF7CC
:2052000097FF2368002BEFD09847EDE7004002406832002060000020404102404841024086
:2052200070B50B4B1D682A7B4FF480339340094A0E46C2F80833044640B1FFF741FF2E6065
:2052400021462846BDE87040FFF772BF70BD00BF800000200040024070B5074B1D680E469F
:20526000A8600446FFF72CFF2E6021462846BDE87040FFF75DBF00BF84000020014B01221F
:205280001A7070476D3200202DE9F74F06468846A8EB06052D0B02F6FF77144600F026F9EB
:2052A000082D28BF08252B03DFF868B001933F0B0CB9234629E0BD422CBFBA46AA464FF05A
:2052C00000025146304634BFDDF80490A14600F03BFE0346C8B909F1030222F003024146EC
:2052E000304600F023FE034678B9DBF830304B44CBF8303001F064F9A7EB0A07A4EB09043B
:205300004E44C84403460028D2D0184603B0BDE8F08F00BF203F002010B501F00BFA124A52
:20532000916C01F500535C68104B9C4218D1D2E90C32934216D0884204D1BDE810400020D9
:2053400001F03EB9D21A02F6FF7222F47F6222F00F0219441844FFF797FF0028EDD010BDFF
:205360000320FCE70020FAE7203F0020DBE5B15138B50F4BDA6A5D6A9C6CAC2A10D15B6B0E
:205380001C44ED1A0B482A46214603F0F5F968B100F0D2F829462046BDE8384000F0ECBD3D
:2053A000002CEFD101F0B4F90446EBE738BD00BF203F002000000E0070B5264CE36AAA2B4D
:2053C00037D005D8012B0BD0A52B2ED0002070BDAC2BFBD1FFF7A0FF48BBFFF7C9FF26E0C8
:2053E000A66C656A01F080F9864229D101F07CF900222946FDF7B8FAA36A984202BF012337
:20540000C4E90703A5610025134801F03DF9134B134800221A7001F0D3F868B975B1236A33
:20542000012B14BF01200220D1E7FFF775FF0125EAE7FFF79DFFE6E70320C8E70120C6E712
:20544000236BEA1AF1181844FFF71EFF0028DAD1CCE700BF203F0020443F00206D3200201C
:205460007D520E0010B50024D4F8F83F013304D1084940F6F870FEF787F8D4F8FC3F0133BC
:2054800007D1BDE810404FF47E2140F6FC70FEF77BB810BD00000E000A4AD2F800347BB13A
:2054A00009480023D2F80815D940C90748BF03F5C07103F1010348BF42F82100072BF1D12A
:2054C000704700BF000001403546526EFFF7E4BF054B002282B0C3F80021D3F80031019331
:2054E000019B02B0704700BF0000014038B50E4D2B78BBB90D4BD3F800248AB1D3F80445B2
:20550000FFF7CAFF40F61650A042B8BF20460849A0F54860FFF7A0FE064B4FF480321A608F
:2055200001232B7038BD00BF6E32002000000140CD540E0000E100E0034BD3F800340BB1FE
:20554000FFF7AABF704700BF000001400023C0E90232C0E900118B881A440261B1F90630C7
:205560001A4442610888003818BF0120704710B5426811880346002939D002F1100141608B
:20558000148A2CB9C2680168FFF7E0FF204610BD9078118900F03004302C1BD1947C04F0DB
:2055A0003004302C1DD190881969091A19610021907810F0300F02BF986801309860908ACA
:2055C0000844196901441961B2F91620114459610120DCE700F0F004202C02D1508941430A
:2055E000E6E700F0C000802808BF0421E0E70846CDE770B5466804460D4663681A88AA4208
:2056000004D19B7803F00F03082B07D12046FFF7AEFF6368B342F0D1002070BD0120FCE7B7
:2056200043681A44426011B101399A4201D10120704713F8010B01F8010FF6E770B5426871
:20564000927802F00F01082986B003461FD103691C6800260CB906B070BD236826739D68B7
:20566000626829466846FFF771FF6368049304F10C030593AB7803F0C003802B08BF231D54
:20568000684608BF0493FFF7D9FFA468E2E712F0C00126D102F03000102810D15A69117022
:2056A0005A6818699378D46803F00F03072B0BD10146204606B0BDE8704000F01AB890063D
:2056C000EED55B691980C6E71289214624B106B0BDE8704003F082B806B0BDE8704003F0F0
:2056E00093B98029B7D10069002192060160B2D5E7E77FB50A4601466846FFF727FF30B1DF
:205700006846FFF79BFF6846FFF731FFF7E707B05DF804FB10B5836804460BB9002010BDE3
:205720000368012298470028F8D0A368013BA360F5E72DE9F3410F460DF107018046FFF785
:20574000E9FF054620B90025284602B0BDE8F0819DF907309DF80740002B13DA04F07F04AA
:2057600007260DF107014046FFF7D4FF0028EAD09DF8072002F07F03B3401C43130606F133
:20578000070601D43C60DFE7232EEAD1DBE7000030B5044685B01546A9B90268114B9A4234
:2057A00011D0102D06D82A4669462046FFF7F0FF05B030BD102269462046FFF7E9FF002894
:2057C000F6D0103DEDE7A368AB4201D20020EFE723682A46204698470028F7D0A268521B7B
:2057E000A260E5E721560E00F7B50E4601A907461546FFF79EFFA0B1019A511C4FF00004D5
:2058000004D2B37803F0C003802B01D1204608E033898B42FAD329463846FFF7B9FF019B79
:20582000EC5403B0F0BD73B50D4601A906461446FFF77FFF98B1019AB2F5803F11D2AB7839
:2058400003F0C003802B02F102010AD02B898B4207D32146304621F8022BFFF799FF02B059
:2058600070BD0020FBE7000010B5034C82600022C0E90041C26010BD21560E002DE9F34139
:20588000002580460E462F462C460DF107014046FFF740FFC0B19DF807C0A4F120030CF0A0
:2058A0007F02C4F1200102FA03F322FA01F10B43A2401CF0800F45EA020547EA030704F160
:2058C000070404D1C6E9005702B0BDE8F081462CDBD10020F8E737B50D4669461446FFF7BF
:2058E000CDFF70B12B89082B0DD1DDE90032C4E90032DDE90001914208BF98420CBF0120F8
:20590000002003B030BD042B03D1009B23600022EFE7022B03D1009B23809BB2F7E7012B18
:2059200004D1009B237003F0FF03F0E70020E8E737B50D4669461446FFF7A0FF30B12B8937
:20594000082BDDE9001203D1C4E9001203B030BD042B4FEAE17009D121600B460246824298
:2059600008BF8B420CBF01200020EFE7022B03D10BB22380DA17F2E7012B02D14BB22370F7
:20598000F8E70020E2E7F7B51F4600233B700D460B70136001A904461646FFF7CAFE30B928
:2059A000A36813B901233B70002003B0F0BD019C002CF7D0E30804F0070433602C70F4E73D
:2059C00013B50446052925D8DFE801F0030F17242422012201A92046FFF7DAFE18B19DF9DF
:2059E0000430002BF5DB02B010BD08220021204602B0BDE81040FFF7CBBE01A9FFF799FEEB
:205A00000028F0D0019A00212046FFF7C1FEEAE70422EBE70020E6E773B50D4601A90446A2
:205A2000FFF787FE064618B90026304602B070BD94E80F0085E80F0001998A42F4D3A96016
:205A4000A3685B1AA360F0E72DE9F0435768BB7813F0C00489B006468C46154603D0402CF9
:205A60006CD000240CE003F00F02614903F03003202B51F8228028D006D8CBB1102B1ED055
:205A8000204609B0BDE8F083302BF9D16B6939881980072A0AD16B6828691A89214602F010
:205AA000B3FF6B682969D868FFF723FE2A6942E02A693946434609B0BDE8F04318476B6964
:205AC00001221A702A696968F4E7BCF1020FD5F8149024D1042A22D804A9FFF79DFF044605
:205AE0000028BED0069B2BB16968B9F800304A899A4205D8059B7360069B002BC0D0B0E7CF
:205B000008892A6903FB002204A8C04728B1B9F800300133A9F80030E4E70446EAE7B9F838
:205B200000307A899A429CD92A693989581CA9F8000003FB012269683046BBE7D2F8108013
:205B4000474657F8043B23B909B0BDE8F043FFF737BF022914D104A9FFF75EFF002880D049
:205B6000D8F8003069683A4604A89847044600283FF477AF069B002BF2D1059B73607FE716
:205B8000012926D005292CD000297FF46AAF0C460DF1040901340B2C3FF463AF0122494646
:205BA0003046FFF7F5FD00283FF45BAF19F9013B002BEFDB0F4B049301ABCDE90534002330
:205BC0000793D8F8003069683A4604A89847044656E7082201A9FFF7DBFD08240028E9D118
:205BE0003FE704220DEB0201FFF7D2FD0424F5E7889B0E0021560E002DE9F04F91B00446FF
:205C0000002604A8CDE90266FFF7A0FCA3683BBBDDE9053404A89D78FFF7A9FC0028F7D1B6
:205C200015F0300F03D1059B1B8803B10134002C00F0A980630902A90022934240F09C8081
:205C400010AA02EB830304F01F0453F8383CC4F120044FF0FF30E040C31A584258410DE0DD
:205C60000DF1030301AA0DF102012046FFF78BFE38B99DF80330002BCAD1002011B0BDE88A
:205C8000F08F019904A8FFF7B4FC002850D1019BB3427DD3059D059A937803F00F03082BEB
:205CA0007FD004A8FFF763FC059B9D42F3D14FF0FF36019FB7426BD3089B9DF802A0D4F860
:205CC00008801D684FF00109A368002D5DD098459CD12B68D3F800B0BBF1000F08D0534685
:205CE0003A4629462046D8470028C6D0AD68EBE7D3F808B0BBF800309F42F7D16A6859460B
:205D00000AA8FFF723FC6B680E9305F10C030F939BF8023003F0C003802B04BF2B1D0E93CF
:205D20000AAA85F80C9051462046FFF78DFEDBE7059B9B7813F0300F0FD1069A3F2A0CD894
:205D4000510910AB03EB810102F01F020123934051F8382C134341F8383CE5682DB19DF844
:205D60000220019904AB2046A8479DF8021004AA2046FFF769FE10E051F8045B01357FF40A
:205D80007DAF013259E7012078E798457FF43EAF9DF802102046FFF713FE00287FF436AF13
:205DA0006BE7168885E737B50C460546114620460192FFF79EFC019A2146284603B0BDE856
:205DC0003040FFF719BF70B586B0CE6801920C4602A90546FFF720FE68B1E06858B1A37880
:205DE000019A03F03003202B314602A805D1FFF7DAFF039B6B6006B070BDFFF7FDFEF8E7B5
:205E000013B50C466946FFF739FD60B1DDE900134A0842EAC372C9074FEA530344BFD24379
:205E2000DB43C4E9002302B010BD37B50D4669461446FFF7E5FF70B12B89082B0DD1DDE927
:205E40000032C4E90032DDE90001914208BF98420CBF0120002003B030BD042B03D1009BAC
:205E60002360DA17EFE7022B03D1BDF900302380F7E7012B03D19DF900302370F1E700201F
:205E8000E9E713B504220C460DEB0201FFF780FC08B1019B236002B010BD1146FFF7F1BF31
:205EA00013B508220C466946FFF772FC18B1DDE90023C4E9002302B010BD1146FFF7F0BF8E
:205EC000831F012B10B5044602D8002000F0C4FB034B1B681BB12046BDE81040184710BD18
:205EE0007032002008B5074B18600020FFF7E8FF054800F099FB20B9BDE80840024800F08B
:205F000057BA08BD70320020C15E0E0043690BB1C068184770470000024903480022FDF76A
:205F2000D7B800BF589A0E00FC00002007B5009313460A4601460348FDF7D8F803B05DF8A1
:205F400004FB00BFFC00002013460A4601460148FDF7FAB8FC000020014B18700B207047B6
:205F600074320020024B002218781A70704700BF7432002018DF704730B585B00546102251
:205F80000C466846002102F03FFDA408684601950294FFF7EFFF05B030BD30B585B0062363
:205FA00000244FF480556846CDE90035CDE90244FFF7E0FF072802BF4FF0005320461D60D6
:205FC00005B030BD014B06201B681847803200200A2803D90B38C0B2FFF7BEBF704700000C
:205FE00010B5044686B00020FDF7D4F8014638B1174A1821204606B0BDE81040FAF71EBDD5
:206000001822684602F000FD0423124A8DF80030114B116D1B68994212D1104B186800F08B
:20602000CDFF8DF80100FFF7D3FFD4E901138DF80100684698470A4800F0C2FA06B010BDE1
:2060400001238DF801306846D4E901139847F5E7E15F0E00203F0020783200207C320020C7
:20606000C55F0E00F0B5044687B018220021684602F0CAFC23788DF8003001228DF80120EE
:206080000C2B00F28581DFE813F00D0077000F0077007700830177006E0077006C001C001E
:2060A0002F0072008DF80420D4E90113684698479DF80130012B00F060819F4B05201B68E3
:2060C0005AE14FF08053D3F800210192D3F804210292D3F80C2192020492D3F810219202BE
:2060E00003921B690593DFE74FF44053934D58682A6A9349884214BF01230223012A227C94
:2061000008BF013352B902238DF80430EB6802938C4B0393C3F57E230493C5E7012A10D19E
:2061200088420ED14FF440531A78142A8CBF5B69002302934FF4805303934FF440539B68C4
:20614000EAE79A4209D201238DF80430AB68029300F0EEFAAB690390DEE7FF238DF8043013
:20616000A2E7237CFAE7238AADF804309CE7724B07201B68984797E7062B734A01D0012B5E
:2061800001D1216911701178012904D0022957D0002313709DE0013B072B85D801A252F86E
:2061A00023F000BFC5610E00A9600E0035620E0005620E00A9600E002F620E00A9600E00DB
:2061C000DD610E005C4B03201B689847606900F089FCFFF7FDFE8DF8010065E7A18A206992
:2061E00000F098FCFFF7F4FE544B8DF80100DA6B1B6C0293E3680192002B3FF455AF2069E4
:20620000984751E75149524800F0D6FCFFF7E0FE01288DF801007FF447AF002000F0D0F9AC
:2062200000283FF441AF0A238DF801303CE74FF400730393414BDA6B1B6C0192029333E727
:20624000013B072B3FF630AF01A252F823F000BF71620E00A9600E002F630E0055630E009F
:20626000A9600E007F630E00A9600E00D7620E0000F070FC08B90823D6E762690AB9032300
:20628000D2E7C2F30B0333B12C4B30495B6D096813448B42F3D1B2F5805F01D90423C3E75C
:2062A000264B2A49586D096815188D42E3D85A64DA6C9A6418651863254B61691B6801F65F
:2062C000FF710022090B1844FFF73EFE00283FF4EBAE0523A8E700F03DFC0028CBD0174D8F
:2062E000A18AD5E914329B1A6A6C0B449342C6D8174B2F6B1B68206905F148021F44FCF784
:2063000033FBE368A28A216906463846FFF70EFE08B1E36873E7A28A2B6B029613442B63E5
:20632000A38A2A6DAE6413442B650193BCE6034B9A6C02921B6DF8E780320020203F0020CA
:20634000DBE5B15100000E0088000020783200207C3200200F4BD3E91402596C821A8A42D4
:2063600089D19A6C5865002120465964DA64FFF737FE094B1B680420984707B0F0BD054BC5
:206380009A6C1B6D01934FF48053029203938BE6022349E7203F00208032002083681BB1CD
:2063A000024A1821FAF74ABB0720704765600E0038B50546C0B10020FFF7AEFD044648B9FC
:2063C00000F082FB00F0C6FB30B9084B00201D60FFF7C2FD204638BD0549064800F0ECFB43
:2063E0000128F2D00324F5E70724F3E780320020783200207C3200202DE9F04115464FF45B
:206400006072064688461F4602F0B6F928B915B90020BDE8F081A847FAE70022012130461B
:20642000FFF792FD70B94FF460724146384602F0D5F92B464FF4607239463046FFF776FDF0
:206440000028E5D00320E4E72DE9F0413B4C236801335AD000225821201DFCF785FA2768E1
:206460003A1A57425741DFF8F080354DD8F80060336801335ED000225821301DFCF774FA58
:206480003368834243D17468012C0AD00022C32106F51870FCF768FAD6F85C42231A5C4280
:2064A0005C41B7B3254926484FF4607202F096F974B1D8F8001023485422043102F08EF9CF
:2064C000D8F80010204840F2C7225C3102F086F96C68012C2CD11D49402201F2C71002F0D9
:2064E0007DF91B491C2201F2C71002F077F9194985F8A1420023042201F2862085F86032A5
:2065000085F8E23202F06AF910E00027ABE70024C7E72CB1D8F8001009484FF46072D5E73B
:2065200007484FF46072002102F06EFA02236B60BDE8F081002FF3D00024B3E700F00F00C7
:20654000203F0020243F00207C3F00207C400020BC4000203C3F00208C00002070B50D4CA1
:206560000546002258212046FCF7FEF9002244F8040CC32104F51770FCF7F6F9261FC4F830
:2065800058022A463146044B0448BDE87040FFF733BF00BF243F00200436002000F00F0047
:2065A00002460248024B0068FFF726BF8C000020843200200149FFF7F3BF00BF00F00F0087
:2065C00038B505460020FFF7C9FF044618B903492846FFF7E5FF204638BD00BF203F00205D
:2065E00010B5FFF799FC044628B9FFF72DFF2046FFF7E6FF00B1032010BD00207047000045
:2066000010B5084C4FF40072FF21204602F0FCF920220021A4F1240002F0F6F9002344F8E3
:206620002C3C10BD7C3F0020F8B5094F094CE41B0646E4080025A54201D10020F8BD57F8B7
:206640003530304698470028F8D10135F3E700BFAC9E0E00B49E0E00F8B5094E094CA41BF0
:206660000746E40800250436A54201D10020F8BD56F83530384698470028F8D10135F3E7E3
:20668000AC9E0E00B49E0E0008B50C22002102F0BBF9024B00221A6308BD00BF203F0020A1
:2066A00008B54FF440535A680C4B9A4214D10C490023042243F20400FFF738FC60B9094A00
:2066C000136A4FF44051012B08BF1062936989680B44A3F58053936108BD00BFDBE5B15123
:2066E000609D0E00203F00204FF44053074A5968914201BF986800F6FF7020F47F6020F02D
:206700000F0018BF4FF48050704700BFDBE5B15108B5FFF7E9FF054B9B69184400F6FF7098
:2067200020F47F6020F00F0008BD00BF203F0020FFF7DABF4FF48050704700002DE9F74F8F
:206740001F46274BDFF8A0B01B6ADFF8A09001910446154600934FF000084FF4405AB8F118
:20676000010F5FFA88F61AD0022E24D0FFF7D0FF9DB1009B013B59425941A9EB0000A0428F
:2067800001D3019BEBB1D1B908F10108B8F1030FE5D1A04217D204201EE02946EDE7FFF7CA
:2067A000A3FF37B9DAF80410B1EB0B0118BF0121E3E74146E1E701214FF48050DDE7A042CC
:2067C000E9D3022E05D1FFF76BFF0648FFF75CFF01E0002EF9D1002003B0BDE8F08F00BF69
:2067E000203F0020383F0020DBE5B15100D00D0090F8552012F0FB0F07D190F8643023B113
:20680000836ECBB10B600120704712F0010303D090F8563003B1836D9207F2D590F85C20D9
:20682000002AEED0054A006EC2F57E22904201D80344E6E7042070470F20704700000E00CE
:206840002DE9FF472F49304D8A6B304C304FDFF8D490DFF8D4A06E465C313046FFF704F8C8
:2068600096E80F0085E80F0000212A4B39704FF447722046C9F80010CAF80010EB6002F08E
:20688000C3F8254922462846FFF78DFA20B90027384604B0BDE8F0873F78002FF7D094F8F5
:2068A0006C3194F800801BB3B8F1000FEFD194F87231002BEBD0DAF80020D9F8001030468B
:2068C000FEF7D2FF96E80F0085E80F004FF4B272414604F5BA7002F097F8104904F5BA72D9
:2068E0002846FFF760FA0028D1D004F5BA7406E0B8F1000FCBD0A379002BC8D00834084B43
:206900001C60C5E7203F0020D03C0020B4390020B03900202D690E00F09C0E003C9C0E006A
:206920008C3D0020AC390020A839002030B55B68DA680D4B9A4208D10C4C236813B90C496D
:206940000B681BB10B4B00221A7030BDD0E901321A4413F9015B002DA2EB0300F9DB236043
:206960000860044B0122EFE73C9C0E00AC390020A8390020B039002000B591B0FEF728F966
:20698000684608492022FEF756F96A46064907484023FEF76FF8064B01221A7011B05DF851
:2069A00004FB00BF1C9B0E00E03C002000990E00843900202DE9F041CCB003AE80460D4607
:2069C000144600217C221F4604A82023336002F01BF8A422002123A802F016F81A4B1B7808
:2069E0000BB9FFF7C9FF4DB3B8F1000F28D1DFF86880529B15490196CDF800803A4604A852
:206A0000FEF7CCF8F0B9402C1CD1114F22462946384601F0E3FE20213846FEF718F9CDE9B9
:206A200000740C493368424623A8FEF73FF800280CBF012005204CB0BDE8F0811320FAE714
:206A40001620F8E70A20F6E7843900200C990E00483D0020E03C0020283D0020F0B5ABB024
:206A600004460D4616461F467C22202300210BA8029301F0C9FF114B1B780BB9FFF77CFF91
:206A80002FB12146202203A8FEF7CAF803AC02AB0B4F01930B49009733462A460BA8FEF745
:206AA0007DF848B920222146384601F065FEB0FA80F040092BB0F0BD0020FBE7843900201B
:206AC000853900200C990E0008B5044B986B08B1FFF7B6FE024B187008BD00BF203F0020DB
:206AE000883D002010B5044658B1B0F5007F0AD8064B00221A70FFF783FD054B01209C63B0
:206B000010BD0320FCE70420FAE700BF883D0020203F002070B50E4C0646E06BA36B4218FC
:206B20009A420D4611D85C300A462044314601F055FEE36B04F140022B4429463046E36323
:206B4000FBF712FF2064012070BD0320FCE700BF203F0020014B1878704700BF883D0020E5
:206B600013B5124C94F86C218AB194F8D802B4F8DA2204F5377104F5B87494F85930012B86
:206B800009D8201D02B0BDE8104000F01BBA114610460434F1E7064B1B680093054B1B6874
:206BA000FFF708FF0128ECD002B010BDB4390020A8390020AC3900202DE9F041254BD3E9EE
:206BC0000E329A4206460D463FD1DFF8908098F800704FB1FFF79CFD1F4B3060294618688B
:206BE000BDE8F041FFF704BEFFF72AFE78B3FFF7B7FF0128376004462F6023D1164B1F689D
:206C000029463846FFF7F4FD012804461AD197F855103B8A286801298CBF002101211BB175
:206C20007B69003B18BF01230022FFF787FD40B9FFF76EFD0123306088F800302046BDE8D5
:206C4000F0810424FFF7DCFCF8E70824F6E70524F4E700BF203F00208C3D0020883D0020D5
:206C600001237230FFF7FABE13B50446084623781146032B03D8DFE803F021050F1800201E
:206C800002B010BD0022D4F80140FBF76DFE844214BF00200120F3E70A4600230146601CFF
:206CA00002B0BDE81040FFF7D9BE009103464022611C0020FFF77EFE0128E9E70120DFE775
:206CC0002DE9F043A3B005460E46144600217C221F4603A820239DF8AC800293DDF8A890AA
:206CE00001F092FE41220021284601F08DFEB6F89430A34282BF442303FB046393F89680A0
:206D000085F80080B8F1030F1ED8DFE808F00902111F002249463846FBF726FEC5F80100C8
:206D20004A4639462846FFF79FFF23B0BDE8F08302AB01936B1C00930A494B463A4603A8ED
:206D4000FDF72CFF0028EBD00020EEE744214C4333199A34B3F898203119681C01F03EFDD1
:206D6000DEE700BF0C990E002DE9F0478A4B1D68A4B004460F4690460A4601462846FFF771
:206D80006FFF002800F0028195F85560002E38D14FF00109CDE9007923463246294613A8EE
:206DA000FFF78EFF60B9B8F1000F00F0E88005257A48FFF769FCFFF723FC794B9C64E1E046
:206DC000B8F1000F68D0DFF8D8817648412213A901F004FDC8F82C90C8F820602B8A0BB197
:206DE0006B690BB9FFF75CFC6B68C8F80830002239462046FBF7B8FD694B0125C3E9097035
:206E0000D9E74122002102A801F0FEFD06F0010A4122002113A8D14601F0F6FDBAF1000FA3
:206E20003ED004F5005C604BDCF80400984244D1AA6D02F5FF5302F6FF71C1F30B011F33A3
:206E40005B1ADCF80810994237D34FF44053596881420ED11978102988BF196904F50053D4
:206E600098BF0021187810288CBF1B690023994223D10123CDE9002329462346002202A870
:206E8000FFF71EFFC8B1AA6DA318BA1A16F0020609D1B8F1000F1FD1414B01255D6171E06F
:206EA0003A462346F2E70021CDE9002113A84A462946FFF705FF0028EBD1B8F1000F5ED09A
:206EC000BAF1000F3FF473AFFFF734FCA0427FF46EAFFFF7E5FB6AE7DFF8C480B9F1000F10
:206EE00049D04FF4405330495A688A4225D004F500535B68581A434243418A421FD104F568
:206F00000051486890421AD14FF440531A78142A82BF5A69254BB2FBF3F20B7898BF00220B
:206F2000142B83BF4B692149B3FBF1F300239A4207D01F48FFF7A8FB03E00023DDE7002B55
:206F4000F7D11C48412202A901F048FC002E14BFAC23A523C8F82C30AB6DC8F83430002EA4
:206F60003FF445AF1448412213A901F037FC6B68C8F80C303BE7AA23C8F82C30EFE7052571
:206F8000FFF73EFB284624B0BDE8F0871725B8F1000F7FF40DAFF3E78C3D0020443F0020DB
:206FA000203F0020C1410020DBE5B15140420F00383F002080410020024200200122FFF7E8
:206FC000D3BE0000F0B590F85430002B40D090F85520032A3CD890F86E30032B36D1037A1E
:206FE000002B35D0C368342B34D14FF440551B496C68038A8C421ED143B1416979B1DBB223
:2070000000F114040021CEB2B34201D8122011E054F8047BAE89B74201F10101F3D10378A7
:207020007BB1012A18D90E4B4068DB6898428CBF01201020F0BD002BF1D04369002BE5D128
:20704000EDE7012A8CBF0F200120F3E71420F1E70F20EFE71120EDE70120EBE7DBE5B151F1
:20706000203F0020030A08704B70030C000EC8708B700420704770B50378082B06460D46B4
:207080000BD14B880A88013B9BB24B80002A7ED0002B7CD103234A8003702C69602323705D
:2070A000337863707378A370012B65D133780B2B6BD8DFE803F05D6A6A406A6A4A576A5D67
:2070C000062DE11C7068FFF7CDFF0330C2B254FA80F1B068FFF7C6FF1044C2B254FA80F126
:2070E000F068FFF7BFFF1044C2B254FA80F13069FFF7B8FF1044C2B254FA80F17069FFF761
:20710000B1FF1044C1B26B682046BDE8704018473379E370211DB068FFF7A4FF0430C2B275
:2071200054FA80F1F068FFF79DFF1044C2B254FA80F13069E3E77068E11CFFF793FF03302C
:20714000C2B254FA80F1B068D9E7E11CF068FFF789FF0330C2B254FA80F17068FFF782FF9C
:207160001044EDE7B388E3701B0A23710521CAE73379E3700421C6E70B2B06D1FEF7F2FE06
:20718000E0700020FEF7E8FEF4E70321BBE770BDF0B50F4687B004460D4616460021182251
:2071A000684601F031FC17F8013B1D4A8DF80030013B019402920A2B0BD8DFE803F011064E
:2071C0000A0A0A0E291E2D0A2D00B5F8013023806380A3683846984715E06B780493F8E7BE
:2071E000238863806B78D5F802200493012B0592EFD16069FFF730FAEBE7A3680497013E75
:20720000ADF8146003936846FFF7C8F807B0F0BDE368ADF81030DCE76B788DF81030D8E79D
:2072200077700E0030B10268034B04489A4208BF0020704702487047DD55AABB8208F000E8
:207240007108F00038B50D460446B0B1A0220021043000F049FD95B10822294604F1640055
:2072600000F048FD082205F1200104F1840000F041FD044B2360002038BD0348FCE7034891
:20728000FAE700BFDD55AABB7108F0008308F0002DE9F74305460E461F461146FFF7C2FF71
:2072A0000446002840F08280002E00F08380002900F08280202F40F0818005F14404082206
:2072C00005F10409204600F015FD05F1240808223146484600F00EFD06F12001082240462F
:2072E00000F008FD01A94FF48070019700F0A0FA002865D1334A4FF4807313600121936001
:20730000314A082300F04AFB012108462F4A052300F044FB08234A4601211C2000F03EFB10
:20732000082342460121032000F038FB224608230121022000F032FB254A082301211A2048
:2073400000F02CFB234A052301211B2000F026FB214A08230121142000F020FB1F4A082388
:207360000121152000F01AFB082305F164020121162000F013FB082305F1840201211720D4
:2073800000F00CFB0823164A01210B2000F006FB00F062FB0446019800F0EEFA114B002C9D
:2073A00018BF1C46A421284600F0A0FC204603B0BDE8F0830C4CF9E70C4CF7E70C4CF5E702
:2073C000084CEFE790B00250A49D0E001C9E0E00649D0E00089E0E00C89D0E00E89D0E0011
:2073E000849D0E008408F0007608F0008008F0008108F00037B50193069B0093044615462A
:20740000FFF720FF40B9DDE900322946204603B0BDE83040FFF73CBF03B030BD0C4BC269B6
:207420001A60826943F8042C426943F8082C026943F80C2CC26843F8102C826843F8142C7E
:20744000426843F8182C026843F81C2C704700BF5CB602500C4B1B68C3610C4B1B68836180
:207460000B4B1B6843610B4B1B6803610A4B1B68C3600A4B1B688360094B1B684360094BCE
:207480001B680360704700BF5CB6025058B6025054B6025050B602504CB6025048B6025074
:2074A00044B6025040B6025030B10268034B04489A4208BF0020704702487047DD55AABB41
:2074C0000202F0000002F00013B5044670B104307021019000F00AFC01980549202200F02E
:2074E00001FC044B2360002002B010BD0248FBE7409E0E00DD55AABB0002F0002DE9FF4721
:20750000254B04460F4615460FCBE84688E80F0025B90026304604B0BDE8F0872046FFF7D4
:20752000C3FF06460028F5D1666A231D01938EBB206FC0B1C0F14009A94528BFA94604F1AF
:20754000300A4A463946504400F0CCFB226F4A44402A4F442267A5EB090504D15146404662
:2075600000F0D6FB266705F03F0935F03F0505D039462A46404600F0CBFB2F44B9F1000FEB
:20758000C7D04A46394604F1300000F0ABFBC4F87090BFE7014EBDE7309E0E000C02F0005B
:2075A0002DE9FF41144B04460D460FCBE84688E80F002046FFF778FF0746B0B9CDB1636A1E
:2075C000261D01963BB90123226F636204F13001404600F09DFB3346043D243453F8042BA3
:2075E00012BAA34245F8042FF8D1384604B0BDE8F081024FF9E700BF309E0E000502F00096
:20760000084B1B681B0EF02B08D1074B1A68074B9A4205D1064B0020186070470520704723
:207620000620704728B9025024BA02500000E0200CBA0250002230B549001346023840F6D9
:20764000FC75940004F1A04404F52C34904202F10102CABF236025605B181E2AF1D1044ACF
:2076600013600B445360034B034A1A6030BD00BF78B0025084B0025020F80F0030B51F4B5E
:2076800085B01A46196800910099CC07FAD500F1A05000F52C408000016813680193019B32
:2076A000D807FAD5164B174C1B68174D13F11F0048BF03F13E0040110138002810DA002356
:2076C0000130400153B1A0F120014FF00042134204D1013888424FEA5202F8D105B030BDDC
:2076E00013680393039BDB07FAD5431823602B680293029B002BE3D10138DEE7B4B00250F4
:20770000ACB00250E4B00250DCB00250F0B51D6885B001F01F040DB91F2C25D1154D2E46A7
:207720002F680197019FFF07FAD500F1A05000F52C408000006835680395039DED07FAD5E3
:207740000D4D00EB611028600C48006802901F2C18BFC94302980FBF106001F01F0100FA8C
:2077600001F111600021196010684300C00F136005B0F0BDB4B00250E4B00250DCB0025033
:207780000C4B18603F3020F03F008901403058609960D9601961596199610748D9611C3372
:2077A00082B002680192019AD207FAD5196002B0704700BF90B00250B4B0025038B5A0F1F0
:2077C0002003B3F5426F05462CD88F2826D800F1470300F16604DB064FEA541400D001340C
:2077E00064013F34A409013411B18C421AD80C46E3004FF48050B0FBF3F0202828BF202008
:2078000002B11060084B01221A602146FFF712FF28462146FFF7B4FF002038BD00F11F0440
:207820006409DDE70148F8E71CB802502221F0000A460021FFF7C2BF2DE9F041484B88B09C
:207840001C461D680195019DEF07FAD5454BDFF820E1454F13449B000A181B681E2A88BF26
:20786000C0F11E011F330A185B095A43B2F5806F88BF4FF480614FF0000203F1010588BF40
:20788000B1FBF3F1944688BF091A25F001058000914233DC22680492049AD207FAD5334AB4
:2078A0001268216805910599CF07FAD530482E490260002215469A4246D15A1C2A4D1946DF
:2078C00022F0010200268A4241D8216806910699CE07FAD52749096825680795079DED0783
:2078E000FAD50160002120480C46994232D11E4900209A4231D808B0BDE8F081266802963F
:20790000029EF607FAD500F1A04606F52C363668D4F80080CDF80C80DDF80C8018F0010F13
:20792000F6D0CEF8006000269E4205D11E46B54206D801320430ABE7C7F800C00136F3E7BD
:20794000C7F800C00136F2E70D600132B3E72E600131B8E704600131C7E708600133C8E770
:20796000B4B0025024AC0014D8B002507CB00250D4B0025078B0025008B540B12028014688
:207980004FF0070228BF20210020FFF755FF024B00221A6008BD00BF1CB80250F0B52A4D5E
:2079A00085B02C462E680096009EF707FAD500F1A05000F52C4080000568206801900198A8
:2079C000C607FAD5214E2248356002EB8307BA422BD15A1C1E4822F0010200279A4229D839
:2079E00023680293029BD807FAD51A4B0B449B0018681F30B2EB501F4FEA501313D22168E8
:207A000003910399C907FAD5154400219B1A104A356008468B4210D85A1C0D4922F0010295
:207A200000209A420CD805B0F0BD52F804CBC0F800C0CCE707600133D0E710600131E9E7FC
:207A400008600133EDE700BFB4B00250D4B00250D8B0025024AC00142DE9F041834B1D6813
:207A600098682033A0B01E461A680192019AD207FAD57F4C7F4B236033680293029BDF07DC
:207A8000FAD57D4B23607D4B1F461A680392039AD107FAD57A4B1968C1F3402132680492B9
:207AA000049AD207FAD5774A22603A680592059AD207FAD51A68C2F34022002900F0D180BA
:207AC000002A00F0CE8032680692069AD107FAD56D4A22603A680792079AD207FAD51A6886
:207AE000C2F34022316808910899C907FAD567492160396809910999C907FAD51B68C3F317
:207B00004023002A00F0AF80002B00F0AC8033680A930A9BDA07FAD5564B236033680B9388
:207B20000B9BDB07FAD55A4A226033680C930C9BDF07FAD5574B236033680D930D9BD9074A
:207B4000FAD5554B236033680E930E9BDB07FAD5524B236033680F930F9BDF07FAD5504B46
:207B60002360504B1E46196810911099C907FAD53F4C4D4B236033681193119BDB07FAD5D7
:207B80004A4B236033681293129BDF07FAD5484B23603A4B9846196813911399C907FAD542
:207BA000324F386033681493149BDB07FAD5226033681593159BD807FAD53E4B2360336840
:207BC0001693169BD907FAD53B4B236033681793179BDA07FAD5394B236033681893189BEC
:207BE000DB07FAD5364B236033681993199BD807FAD5344B236033681A931A9BD907FAD579
:207C0000314B236033681B931B9BDA07FAD52F4B236000F033FC08BBD8F800301C931C9B71
:207C2000DB07F9D53D6033681D931D9BD907FAD5274B236033681E931E9BDA07FAD5254B2B
:207C40002360D8F800301F931F9BDB07F9D50C4B1B6813F4805F204B08BF184620B0BDE8C0
:207C6000F0811E48FAE71E48F8E700BF90B0025080B0025000100251C01F7229B4B00250A1
:207C800088B00250C0CF0129C01F0E29C03F002940010249003184A800001649400108A131
:207CA00080440888B0B00250C044708880077A41C0077E4100006A498006164940006E496B
:207CC0000002002100822021408220218082242140A161A100C861510308F1000108F10021
:207CE0000208F10000F07ABD00F08EBE0A46002100F08ABE01EB820204388A4201D1002013
:207D0000704752F8043D1BBA40F8043FF5E700002DE9F74F314B4468054691469A461A68ED
:207D2000002AFCD12E4B9B461A68002AFCD14FF0FF30019100F094FC802000F097FC294E5F
:207D4000294ADFF8B880294F012307203360A2F59E72C2F83C011360636AC8F80030A36A70
:207D60003B602B6842F8043CAB68204698470199DAF80030002BFBD1B9F1000F20D11C4B5F
:207D800004221A60DAF80030002BFBD1DBF80090B9F1000FFAD1EB6820469847D8F80030CB
:207DA00063623B68A362134BC3F80090C3F84491DAF80030002BFBD1336003B0BDE8F08FBA
:207DC000236A012B04BF0B4A13600B4B40201960C3F8049000F050FCD4E700BF10B9025010
:207DE00020BC025018B8025000B90250D0B70250C8B7025084B6025028BC0250CCB70250E7
:207E000010B5544B98B019461A680192019AD207FAD5514B514A1A600A680292029AD407D1
:207E2000FAD54F4A1A600A680392039AD007FAD54C4818600A680492049AD207FAD54A4A28
:207E40001A600A680592059AD407FAD5474A1A600A680692069AD207FAD5454A1A600A687E
:207E60000792079AD407FAD5424A1A600A680892089AD207FAD5404A1A600A680992099A0E
:207E8000D407FAD53D4A1A600A680A920A9AD207FAD53B4A1A600A680B920B9AD407FAD580
:207EA000384A1A600A680C920C9AD207FAD5364A1A600A680D920D9AD407FAD5334A1A6015
:207EC0000A680E920E9AD207FAD5314A1A600A680F920F9AD407FAD52E4A1A600A681092DF
:207EE000109AD207FAD52C4A1A601A4B19461C681194119CE407FAD5174B18600868129000
:207F00001298C407FAD51A600A681392139AD007FAD5124A1A600A681492149AD207FAD5F5
:207F20001E4A1A600A681592159AD407FAD51C4A1A600A681692169AD007FAD5194A1A60C0
:207F40000A681792179AD207FAD5174A1A6018B010BD00BFB0B0025080B002500093652131
:207F600000043190409665900083612100C3302100C3649000816190004610210081112105
:207F80000041442100C320290C4610C80086312100C3602140C12829409665210013319067
:207FA00040962529594614C84004324910B5494B94B019461A680092009AD207FAD5464B80
:207FC000464A1A600A680192019AD407FAD5444A1A600A680292029AD007FAD541481860FC
:207FE0000A680392039AD207FAD53F4A1A600A680492049AD407FAD53C4A1A600A680592D9
:20800000059AD207FAD53A4A1A600A680692069AD407FAD5374A1A600A680792079AD20747
:20802000FAD5354A1A600A680892089AD407FAD5324A1A600A680992099AD207FAD5304A58
:208040001A600A680A920A9AD407FAD52D4A1A600A680B920B9AD207FAD52B4A1A600A689C
:208060000C920C9AD407FAD5284A1A600A680D920D9AD207FAD5264A1A600A680E920E9A22
:20808000D407FAD5234A1A600A680F920F9AD207FAD5214A1A600F4B19461C681094109C79
:2080A000E407FAD50C4B1860086811901198C407FAD51A600A681292129AD007FAD5174AA0
:2080C0001A600A681392139AD207FAD5144A1A6014B010BDB0B0025080B002508090652187
:2080E00000040990409665908080612180200821802064900081619000461021008111219D
:208100000041442180202029024610C80086092180206021402128294096652140962529AD
:20812000594614C810B5504B96B01C461A680192019AD207FAD54D4B4D4A1A60226802929D
:20814000029AD207FAD54B4A1A604B4A42EA804022680392039AD207FAD51860226804924F
:20816000049AD007FAD5454A1A60A2F5800242EA814122680592059AD207FAD51960226840
:208180000692069AD007FAD53D4A1A6022680792079AD107FAD53B4A1A6022680892089AD0
:2081A000D207FAD5384A1A6022680992099AD007FAD5364A1A6022680A920A9AD107FAD542
:2081C000334A1A6022680B920B9AD207FAD5314A1A6022680C920C9AD007FAD52E4A1A60D9
:2081E00022680D920D9AD107FAD52C4A1A6022680E920E9AD207FAD5294A1A6022680F9286
:208200000F9AD007FAD5274A1A60216810911099C907FAD51A60144B1A46196811911199AC
:20822000C807FAD5114B20491960116812911299C907FAD51D491960116813911399CC0781
:20824000FAD50B491960116814911499C807FAD517491960116815911599C907FAD5154A75
:208260001A6016B010BD00BFB0B0025080B002504004419000862929D81001C8401441903B
:2082800040142129401465210034409000310C90C0400C90C030202940960D90004160901C
:2082A000031645C80086112100416021594644C84014459040142D9070B5264888B0054623
:2082C00004680094009CE607FAD52348234C0460234C44EA83432C680194019CE407FAD525
:2082E0000360930143EA824242F0104444F4C0442B680293029BDE07FAD504602B680393CE
:20830000039BDB07FAD5174B03608B0143EA814141F0104343F4C0432E680496049EF60741
:20832000FAD503602B680593059BDE07FAD5046041F058412B680693069BDC07FAD501607E
:2083400042F058422B680793079BDB07FAD5026008B070BDB0B0025080B00250C02102294A
:208360008071009880611890354B8EB019461A680092009AD207FAD5324B334A1A600A6892
:208380000192019AD007FAD5304A1A600A680292029AD207FAD52E4A1A600A680392039A35
:2083A000D007FAD52B4A1A600A680492049AD207FAD5294A1A600A680592059AD007FAD59F
:2083C000264A1A600A680692069AD207FAD5244A1A600A680792079AD007FAD5214A1A6042
:2083E0000A680892089AD207FAD51F4A1A600A680992099AD007FAD51C4A1A600A680A9200
:208400000A9AD207FAD51A4A1A6008680B900B98C007FAD51A600A680C920C9AD007FAD518
:20842000144A1A600A680D920D9AD207FAD5124A1A600E210D230F2200200EB0FFF73CBFCF
:20844000B0B0025080B002508043012940633921807001298020542100D13490C040349076
:20846000C0302029C0530D9000413890832308C880E3102100413821CF4308C82DE9F0413D
:20848000012392B0CDE90333624B1E461A680592059AD107FAD5604C604B2360604B194636
:2084A0001A680692069AD207FAD55E4B1A68D70400F1A88032680792079AD507FAD55A4A18
:2084C00022600A680892089AD007FAD51B68DA04C3F3003700F198801220FFF7CFF8054635
:2084E0001320FFF7CBF885428CBF12201320FFF7C5F8451EFFF738FF03AB01AA29461220DC
:20850000FFF704F904AB804602AA29461320FFF7FDF800EB4800022832D003283ED00128F9
:2085200074D133680993099BDB07FAD53F4B236033680A930A9BD807FAD53D4B236033682C
:208540000F930F9BD907FAD53A4B236033681093109BDA07FAD5384B236033681193119B8E
:20856000DB07FAD5354B2360013D25D51023192218210020FFF7A0FE384612B0BDE8F0815E
:2085800033680B930B9BD907FAD52D4B236033680C930C9BDA07FAD52A4BCFE733680D935B
:2085A0000D9BDB07FAD5284B236033680E930E9BD807FAD5254BC1E703AB01AA29461220C7
:2085C000FFF7A4F804AB044602AA29461320FFF79DF810EB440402D1FFF712FCC4E7FFF77C
:2085E000E5FC022C08D0032C09D0012C10D117211620FFF797FDB7E715211420F9E70F216E
:208600000E20F6E7124FB7E7124FB5E7124FB3E7124FB1E7B0B0025080B0025000084A5188
:20862000B4B0025088B0025000084E5100065A4940065E49000442410014424940042E49DC
:20864000000652494006564900063A4940063E490608F1000708F1000408F1000508F10044
:20866000014B1860704700BF08BA0250014B1860704700BF04BA0250094BC2431A60043B50
:2086800082B01B680193074B019A024204D0064A1060186802B0704720BF1A680192F3E715
:2086A00004BA0250903D002008BA0250054B4FF0FF321A6053F8042C034B1A601A68034B5C
:2086C0001A60704704BA0250903D002008BA0250002301461A46184600F0E0BA08B5074B97
:2086E000044613B1002100F02FFB054B1868836A03B19847204601F0D5F800BF498D0E001A
:20870000609E0E0038B5084B084D5B1B9C1007D0043B1D44013C55F804399847002CF9D183
:20872000BDE8384001F0C6B8FC000020F800002070B50D4E0D4D761BB61006D0002455F801
:20874000043B01349847A642F9D1094E094D761B01F0AAF8B61006D0002455F8043B0134C2
:208760009847A642F9D170BDF4000020F4000020F8000020F4000020032A70B515D940EA7D
:20878000010C1CF0030F04460B4621D1194620460E680568B54204F1040403F1040317D1A2
:2087A000043A032A20461946F0D8541EA2B100F1FF3C013901E0C3180CD01CF801EF11F8F1
:2087C000012F9645A4EB0C03F5D0AEEB020070BD541EECE7184670BD104670BD844641EA1B
:2087E000000313F003036DD1403A41D351F8043B40F8043B51F8043B40F8043B51F8043B1B
:2088000040F8043B51F8043B40F8043B51F8043B40F8043B51F8043B40F8043B51F8043B5C
:2088200040F8043B51F8043B40F8043B51F8043B40F8043B51F8043B40F8043B51F8043B3C
:2088400040F8043B51F8043B40F8043B51F8043B40F8043B51F8043B40F8043B51F8043B1C
:2088600040F8043B51F8043B40F8043B403ABDD2303211D351F8043B40F8043B51F8043BAC
:2088800040F8043B51F8043B40F8043B51F8043B40F8043B103AEDD20C3205D351F8043BBC
:2088A00040F8043B043AF9D2043208D0D2071CBF11F8013B00F8013B01D30B88038060466D
:2088C000704700BF082A13D38B078DD010F003038AD0C3F10403D21ADB071CBF11F8013B12
:2088E00000F8013B80D331F8023B20F8023B7BE7043AD9D3013A11F8013B00F8013BF9D26B
:208900000B7803704B7843708B7883706046704788420DD98B1883420AD900EB020CBAB139
:20892000624613F801CD02F801CD9942F9D170470F2A0ED8034602F1FF3C4AB10CF1010CF7
:20894000013B8C4411F8012B03F8012F6145F9D1704740EA01039B0750D1A2F1100370B5C8
:2089600001F1200C23F00F0501F1100E00F11004AC441B095EF8105C44F8105C5EF80C5C61
:2089800044F80C5C5EF8085C44F8085C5EF8045C44F8045C0EF1100EE64504F11004E9D17C
:2089A000013312F00C0F01EB031102F00F0400EB031327D0043C24F003064FEA940C1E44D1
:2089C0001C1F8E465EF8045B44F8045FB442F9D10CF1010402F0030203EB840301EB840195
:2089E00002F1FF3C4AB10CF1010C013B8C4411F8012B03F8012F6145F9D170BD02F1FF3C0D
:208A000003469BE72246EBE7830730B548D0541E002A3FD0CAB2034601E0013C3AD303F834
:208A2000012B9D07F9D1032C2DD9CDB245EA05250F2C45EA054536D9A4F1100222F00F0CF8
:208A400003F1200EE6444FEA121C03F1100242E9045542E9025510327245F8D10CF1010295
:208A600014F00C0F03EB021204F00F0C13D0ACF1040323F003030433134442F8045B93422A
:208A8000FBD10CF003042CB1CAB21C4403F8012B9C42FBD130BD64461346002CF4D1F9E7BC
:208AA00003461446BFE71A46A446E0E708B410B5002A9DB0044633DB4FF40273ADF814306B
:208AC0000291069120AB17D0013A4FF6FF7104920792ADF816101F9A019302A900F076FA78
:208AE000421C01DA8B232360029B00221A701DB0BDE8104001B070474FF6FF7104920792B5
:208B0000ADF816101F9A019302A900F05FFA431C01DA8B2323601DB0BDE8104001B07047B4
:208B20008B2303604FF0FF30F5E700BF0CB410B51F4B00291C689CB035DB4FF40273ADF8C6
:208B40001430029006901FAB18D001394FF6FF7204910791ADF8162002A91E9A01932046A2
:208B600000F034FA421C01DA8B232360029B00221A701CB0BDE8104002B070474FF6FF7244
:208B800004910791ADF8162002A91E9A0193204600F01CFA431C01DA8B2323601CB0BDE88E
:208BA000104002B070478B2323604FF0FF30F5E790000020000000000000000000000000D1
:208BC00090F800F06DE9024520F007016FF0000C10F0070491F820F040F049804FF000041D
:208BE0006FF00700D1E9002391F840F000F1080082FA4CF2A4FA8CF283FA4CF3A2FA8CF3D3
:208C00004BBBD1E9022382FA4CF200F10800A4FA8CF283FA4CF3A2FA8CF3E3B9D1E904234C
:208C200082FA4CF200F10800A4FA8CF283FA4CF3A2FA8CF37BB9D1E9062301F1200182FAE8
:208C40004CF200F10800A4FA8CF283FA4CF3A2FA8CF3002BC6D0002A04BF04301A4612BADC
:208C6000B2FA82F2FDE8024500EBD2007047D1E9002304F00305C4F100004FEAC50514F09F
:208C8000040F91F840F00CFA05F562EA05021CBF63EA050362464FF00004A9E7F0B5264CF3
:208CA000256885B0064605B36C681F2C41DCA6B1D5F8880048B3D0F8007140F824204FF017
:208CC000010C0CFA04FC00EB84024CEA0707022EC0F80071C2F8803010D0A31C01346C6069
:208CE00045F82310002005B0F0BD1448144D25600028D9D00068C5F88800D5E7D0F8043109
:208D000043EA0C03C0F80431E7E70E480191CDE9022370B14FF48470AFF3008048B10027FF
:208D2000C0E94077DDE902236C680199C5F88800C3E74FF0FF30D6E7203E002000000000E2
:208D4000943D0020000000002DE9F84FDFF8BCA0DAF800702DED028BE7B108EE100A894632
:208D60007D68D7F888806C1E14D407EB8506043608EB8505B9F1000F10D0B8F1000F02D06E
:208D8000EB6F4B450AD0013C631CA5F10405A6F10406EFD1BDEC028BBDE8F88F7B68326874
:208DA000013BA34216BF00237C603360002AEAD0D7F804B0B8F1000F1AD0D8F8000101232D
:208DC00003FA04F1014213D0D8F80401014218D155F8041C18EE100A90477A685A450BD1B9
:208DE000DAF80030BB42CED01F46002FB8D1D1E790477A685A45F3D0DAF80070002FAFD1F5
:208E0000C8E755F8040C9047E7E700BF203E00202DE9F0478F689F420C461D46164638D81E
:208E20008246888910F4906F0ED108683D462A463146FFF76DFDA2682368D21B2B44A2604A
:208E400023600020BDE8F0874B69096903EB4308236808EBD878A3EB01096B1C4FEA68085E
:208E60004B444345424684BF98464246430513D51146504600F066FC074608B321694A4619
:208E8000FFF7ACFCA38923F4906343F08003A38107E008681F46CAE7504600F0ADFC07463B
:208EA00050B107EB0900A8EB09032761C4F81480A36020602F46BAE72169504600F0E0FBBB
:208EC0000C23CAF80030A38943F040034FF0FF30A381B7E72DE9F04F936883B09146002B1A
:208EE0006ED017688D6880460C460868083744E0A38913F4906F2ED0D4E90415A0EB010A39
:208F000005EB450505EBD5750AEB06006D100130A8422A4684BF05462A465B0537D5114619
:208F2000404600F00FFC00283BD0524621690190FFF754FCA289019B22F4906242F0800201
:208F4000A281A5EB0A0203EB0A006561A260236120603546B24659465246FFF7D9FCA06811
:208F6000D9F808102368451B8E1B03EB0A00A5602060C9F808601EB3083757E902B6002E98
:208F8000FAD0B542AA46B3D93546B246E3E7404600F032FC03460028D3D12169404600F09E
:208FA0006FFB0C23C8F80030A389002243F040034FF0FF30A381C9E9012203B0BDE8F08F26
:208FC0000020C9F8040003B0BDE8F08F2DE9F04F92468A8915069DB0884681461C4603D55E
:208FE0000A69002A00F0EF80002209929AF800307E4D039420228DF8292030228DF82A2063
:209000000126002B72D0544603E014F8013F002B76D0252BF9D1B4EB0A0B74D12278002AAB
:2090200064D000234FF0FF32CDE90523049307938DF853301A93013404E0049A06FA03F3F8
:2090400013430493A246052214F8011B284600F0C7FA431B0028F0D1049BD80644BF2022C4
:209060008DF8532019079AF8001044BF2B228DF853202A2954D1039A11680432002903926C
:209080007CDB07919AF801100AF1010A2E2959D0574C0322204600F0A3FA40B1049B001B52
:2090A000402404FA00F0034304930AF1010A1AF8011B50488DF82810062200F091FA00282D
:2090C00062D04D4B002B52D003AA00924B4B424604A94846AFF3008007467A1C06D0099B62
:2090E0003B4409939AF80030002B8CD1B8F80C305B0654BF09984FF0FF301DB0BDE8F08FAB
:20910000B4EB0A0BF2D05B46524641464846FFF77FFE0130EAD0099B22785B4409937EE74F
:20912000A1F13002092AB1D8079B1AF8011F03EB830302EB4303A1F13002092AF5D92E2918
:209140000793A5D19AF801102A2927D1039B9AF802101A6805920433002A0AF102000393C2
:20916000B8BF4FF0FF338246B8BF059390E7039B073323F0070308330393B0E7494243F09E
:209180000203079104937DE703AA00921B4B424604A9484600F0CAF807469EE7A1F1300287
:2091A0000023092A05930AF1010A3FF671AF1AF8011F03EB830302EB4303A1F13002092A96
:2091C000F5D9059364E7402100F0BCFAC8F80000C8F8100018B14022C8F8142004E70C230E
:2091E000C9F800304FF0FF3087E700BF649E0E006C9E0E00709E0E0000000000118E0E00F2
:209200002DE9F84F92461F460A698B68DDF828909A42B8BF1A46CAF8002091F843300C46DE
:20922000064613B10132CAF80020226891065DD5DAF800300233CAF80030226812F0060FEC
:2092400011461ED1E168CB1A002BD8BF114618DD04F1190B4FF0000805E0E568DAF80030F8
:20926000ED1A45450CDD01235A4639463046C847013008F10108F0D14FF0FF30BDE8F88F1E
:20928000216894F84330003B18BF01238A060AD5E1185A1C302081F84300224494F84510DF
:2092A00082F84310023304F1430239463046C8470130E1D0236803F00603042B1DD0A368DE
:2092C0002269934225DD4FF000089B1A98441A34002501E045451CDA0123224639463046FF
:2092E000C847013005F10105F4D1C5E712F0060F12D0003B18BF0123D5E7DAF80030E1688B
:209300002269C91AA368934221EAE178DDDC0029DDDC0020BDE8F88FE168DAF80030CB1A84
:20932000002BD8BF114693DCABE700BF2DE9F0470C4684B09046227E0C990746994604F145
:209340004300002A33D0A2F15803DDB2202D67D8202B65D8DFE813F0DE0064006400640038
:209360006400640064006400640064006400A3006E0064006400640064006E00640064005A
:209380006400640021007F00C00064006400AE0064007F0064006400E50023681A0640F1C3
:2093A00004810B6862691D1D0D601B681A60002382462361CDF80090434603AA2146384667
:2093C000FFF71EFF013020D02369524641463846C847013019D02368E068039E9B0719D503
:2093E000831B002B16DD04F1190A002504E0E068039E831BAB420DDD012352464146384671
:20940000C847013005F10105F1D14FF0FF3004B0BDE8F087B042B8BF304604B0BDE8F08761
:20942000012384F84220236104F1420A002384F84330BFE723681A0602D45E0600F1C18096
:209440000D682A6804350D601546002A6BDBDFF884C10A2610E023681D0640F19C800B68EA
:209460001D1D0D601D68DFF86CC16F2A0CBF08260A26002384F843306268A260002A7FDB98
:20948000236823F004032360002D5BD1002A79D18246082E65D0A0EB0A0020618AE70B68AA
:2094A0000122186804330B6004F1420A84F842002261BBE70B686268181D0860D3F800A0FE
:2094C0000021504600F08CF8002800F08180A0EB0A0060602061A9E7236843F0200323607E
:2094E0007822DFF8F4C084F845200A68151D0D601D0643D4590641D51588DE0744BF43F0EE
:2095000020032360002D44D1236823F0200323601026AEE7582384F84530DFF8B8C023680E
:20952000E3E72368DCE76268A2602D21002AC5F1000584F8431002DB23F004032360DFF8F4
:2095400094C00A268246B5FBF6F306FB13512A461CF801100AF8011DB2421D46F3D2082EBA
:2095600099D12368D90796D5626823699A4292DC30230AF8013C0AF1FF3A8CE71568BCE7B2
:20958000002DDFD19CF8003084F8423004F1420A7FE710266DE713F0400F0B6803F1040549
:2095A0000D600CBF1D681D885DE713F0400F0B68626903F104050D601B6814BF1A801A60A1
:2095C000F5E60A68B2F9005004320A602A463CE760687FE7789E0E008C9E0E000000000086
:2095E00001F0FF01102A2BDB10F0070F08D010F8013B013A8B422DD010F0070F42B3F6D131
:20960000F0B441EA012141EA014122F007047FF000070023F0E80256083C85EA010586EADD
:20962000010685FA47F5A3FA87F586FA47F6A5FA87F68EB9EED1F0BC01F0FF0102F00702D8
:2096400032B110F8013B013A83EA010313B1F8D10020704701387047002D06BF354603383B
:20966000073815F0010F07D1013015F4807F02BF013015F4C03F0130F0BC0138704700BFFF
:20968000002958D030B551F8043C83B0002BA1F10404B8BFE418019000F0E8F8284A019834
:2096A000136833B1A3420DD9216804EB010C63452FD06360146003B0BDE8304000F0D8B8D5
:2096C000A34210D81A465B68002BF9D1116802EB010C644519D02FD36360546003B0BDE8CF
:2096E000304000F0C5B8116802EB010CA44516D022D8216804EB010C6345EDD11D685B681E
:209700002944C4E900135460D5E7236819441160D1E71D685B682944C4E90013CAE72468E9
:2097200021445418A3421160C5D1D3E900432144C2E90013BFE770470C230360BBE700BFFA
:20974000243E0020F8B5CD1C25F0030508350C2D38BF0C25002D064623DBA94221D8254F67
:2097600000F084F83A6822B3144603E063682246FBB11C4623685B1BF8D40B2B15D86368CD
:2097800094420CBF3B605360304600F071F804F10B00231D20F00700C21A01D01B1AA350DF
:2097A000F8BD0C2333600020F8BD23601C442560EAE77968C9B12946304600F045F8431C58
:2097C0000CD0C41C24F00304A04205D0211A304600F03AF8013001D02560D5E70C23304640
:2097E000336000F045F80020F8BD304600F02CF87860E0E7243E0020F8B51446F9B1CAB1FD
:2098000006460D4600F036F8A04202D32F463846F8BD21463046FFF795FF07460028F6D08A
:2098200022462946FEF7DAFF30462946FFF728FF3846F8BD2746FFF723FF3846F8BDBDE8F1
:20984000F8401146FFF77EBF38B5074D0022044608462A6000F018F8431C00D038BD2B680A
:20986000002BFBD0236038BD2C3E0020704700BF704700BF51F8040C0028A0F10400BCBF73
:209880000B58C018704700BF044A05491368002B08BF0B461844106018467047303E00204E
:2098A000A0420020FEE700BFF8B500BFF8BC08BC9E467047F8B500BFF8BC08BC9E46704704
:2098C0002C01002058990E0002000106010204828101000000000101810000006D040E0026
:2098E0000800002059040E0009040E00000000002F2A00000000010101000000000000005E
:2099000048000000002040000000000085080E00F9080E0095080E0020000000000000002A
:209920000000000001000600000000007C2A00205D0B0E000100000101010100D90F0E00E9
:209940000A0000000900000008000000850000008003030E0D810000AD1E0E0009180E003D
:20996000000000000000000000000000B42B002088990E0001000203008000000F09020019
:2099800000000104C032000019240E00000000000000000000000000000000001201000270
:2099A0000000004015191F52000101020301000049220E00000000004D220E00C42B0020BB
:2099C00025303468582530386C5800000000040309044E6F726469632053656D69636F6E8C
:2099E000647563746F72004F70656E2044465520426F6F746C6F6164657200446566617535
:209A00006C7420636F6E66696775726174696F6E0055736572203100CC990E00D2990E00F2
:209A2000E7990E00383E0020FB990E00119A0E000000010102020303040405050000000089
:209A40000338FDD87047000020000020001000000400000001000000DD310E0001320E008D
:209A600011320E0021320E0075320E00E9310E00ED310E00F1310E000000010101010102F4
:209A8000030405060708090B08010C011001140118011C01200124012C010C0D0E0F101155
:209AA000121314003001340138013C014001440148014C0150010000A9390E00DD390E0010
:209AC0000D3C0E00253B0E001F3B0E00193B0E00133B0E000D3B0E00073B0E00013B0E00AB
:209AE000F13B0E009D3C0E001D450E00193F0E00133F0E000D3F0E00073F0E00013F0E0013
:209B0000FB3E0E00F53E0E00553C0E00113C0E00753F0E00E9460E00213F0E0084B7AC5D12
:209B2000BA001CCDBE4928F7CBD974445DA08494DB12A36DB24A17A13D05B938DBA4214522
:209B400042101BBFEB09B53367AB91146DF5F17DD69D178820DFCFEC866407C101DC000516
:209B6000000001000000000000040000000000504000002000000000000000000000000030
:209B80000338FDD87047000031590E00D7580E002B5E0E009B5E0E00BB5E0E0027580E00D7
:209BA000E9570E00C75D0E000000000001000100000000000100000000000000020005001B
:209BC000010000004200000000000000000000000000000000000000000000000100110030
:209BE0000100FFFF0100000000000000020017000200FEFF640100003C9C0E000000000002
:209C000000000000000000000000000001000100000000000100000000000000020005003A
:209C20000100000022000000000000000000000000000000000000000000000001001100EF
:209C40000400FCFF0400000000000000020011000400FCFF040000000000000003002100C7
:209C60000400FCFF0400100000000000040011000100FFFF010000000000000005001100A6
:209C80000200FEFF0400000000000000060011000400FCFF0400000000000000070011008F
:209CA0000400FCFF0400000000000000080017000200FEFF240000000C9C0E000900100090
:209CC0000100FFFF01000000EC9C0E000A0027000200FEFF44000300AC9B0E000000000022
:209CE00000000000000000000000000000000000010017000400FCFF68010000DC9B0E005F
:209D0000020017000400FCFFAC010000209D0E0000000000000000000000000000000000B3
:209D2000010007000000000068010000DC9B0E000200010000000000010000000000000029
:209D40000300050001000000420000000000000000000000000000000000000000000000B8
:209D600000000000FFFFFFFFFFFFFFFFFFFFFFFF00000000000000000000000001000000EE
:209D8000FFFFFFFFFCFFFFFFFFFFFFFFFFFFFFFF00000000000000000000000001000000D5
:209DA000FFFFFFFF512563FCC2CAB9F3849E17A7ADFAE6BCFFFFFFFFFFFFFFFF0000000079
:209DC000FFFFFFFF0000000096C298D84539A1F4A033EB2D817D0377F240A463E5E6BCF891
:209DE00047422CE1F2D1176BF551BF376840B6CBCE5E316B5733CE2B169E0F7C4AEBE78EEF
:209E00009B7F1AFEE242E34FFFFFFFFF7F000000800000000000000000000000FFFFFFFFC3
:209E20007F00000080000000000000000000000002000000000000001D740E0055740E00AB
:209E400067E6096A85AE67BB72F36E3C3AF54FA57F520E518C68059BABD9831F19CDE05BB0
:209E600094000020232D302B20000000686C4C0065666745464700003031323334353637A3
:209E800038394142434445460000000030313233343536373839616263646566000000005A
:209EA0000000000081090E0071090E0039030E0035030E00B8010020CC190020CF1900200C
:209EC000C001002004080000C063FF7F01000000100000000090D00300100140110004001A
:209EE0000000000005100E000000000000000000FFFFFFFFFFFFFFFF000000000000000047
:209F000000000000000000000000000000000000FFFFFFFFFFFFFFFF000000000000000049
:209F2000000000000000000000000000000000000000000000000000000000000000000021
:209F4000000000000100000060000020700000200100000000E00F0094000020000000004C
:209F60000000000000000000000000000000000000000000000000000000000000000000E1
:209F80000000000000000000000000000000000000000000000000000000000000000000C1
:209FA0000000000000000000000000000000000000000000000000000000000069020E0028
:189FC00041020E0000000000000000000D5F0E0000100000000010009E
:020000041000EA
:0810140000000E0000E00F00D7
:0400000500000A816C
:00000001FF
