:1000000000020020450F0000E10E00009D0E0000E0
:10001000F10E0000010F0000110F000000000000B1
:10002000000000000000000000000000810E000041
:10003000210F000000000000350E0000310F00000D
:100040008FA9000079B5000055B00000A51200008E
:10005000C11200008FA900008FA900008FA9000025
:100060008FA900009DAD0000A3AD00008FA9000086
:100070008FA900008FA900008FA900008FA90000A0
:100080008FA90000B9AA00008FA900008FA9000065
:100090008FA900008FA900008FA900008FA9000080
:1000A0008FA900008FA90000A9AD0000AFAD00002E
:1000B0008FA900008FA900000000000000000000D0
:1000C0008FA900008FA900008FA90000DD12000099
:1000D0008FA900008FA900008FA900008FA9000040
:1000E0005BB000008FA900008FA900000000000095
:1000F000000000008FA9000000000000F9120000BD
:1001000070B50D4681890446164619B14268074804
:100110000FF094FD294632462046442301F070FD3D
:1001200020460021BDE870400AF0D6B874080100EE
:1001300000B50648A1B00EF03DFB054801F048FDB2
:100140008022694600200BF071FDF9E77D0801006F
:100150000002002070B5064E064CA41BA408002522
:10016000AC4200D170BD56F8253098470135F7E70D
:10017000D02E0100F42E0100704700002DE9F04759
:1001800004460E461746EFF3108872B60568C5B9E7
:10019000DFF88890051DD4E90331A2689A1A8A42D3
:1001A00022DC1D4A12883280581C6269E0600B40D4
:1001B00096E8030002EBC30383E8030088F310888A
:1001C00010E055F80C390360D1E900012B6983E890
:1001D000030028460C2100F0DDFA687988F31088C6
:1001E00000F018FB012714E08FB1D9F800A0092115
:1001F000504600F0CFFA5146284600F08FFB88F3B6
:10020000108800F06BFBEFF3108872B6C3E788F339
:1002100010883846BDE8F087B40500202805002086
:1002200070B50B4604461046EFF3108672B6D4E95B
:10023000022191421DD0501CA0602069616965684F
:10024000024001EBC20292E8030083E803001DB9FB
:1002500086F31088012070BD55F80C39636028467C
:100260000C2100F097FA687986F3108800F0D2FA32
:10027000F0E778B1094A156809212B61284600F09A
:1002800089FA2946204600F049FB86F3108800F0E1
:1002900025FBDFE786F31088DDE700BF2805002097
:1002A000F8B50446EFF3108672B6334F3B685A6ACE
:1002B000002A5BD0D3E90620904257D0501C9861A9
:1002C000186A024039B9596929B9511C03D186F31A
:1002D00010881046F8BD002A4CDB596A01EBC201B8
:1002E00003C984E803005D699DB9002A2CDA042162
:1002F000184600F04FFA86F31088204B4FF08052DA
:100300005A60BFF36F8F3B681B79042B1ED100F03E
:1003100033FC55F80C195961002A0DDBD3E907208D
:1003200099695C6A511A8842A9BF511C4FF0FF328B
:100330000240D96104EBC2042B6993E8030084E80E
:1003400003002B79062B03D186F310880122C0E726
:10035000002328462B610C2100F01CFA687986F3F3
:1003600010880E28F2D800F055FAEFE74FF0FF3270
:100370000029A8D01C61B6E72805002000ED00E0A8
:100380000346D0E9072010B59C69141BA04201DA8E
:10039000002010BD541C0240DC61F9D4586A00EB07
:1003A000C20203C982E803001A896FEA42426FEA77
:1003B00052421A81184600F079FB0120E9E700005B
:1003C00008B50E4B53F82130A3B11A79042A0BD18A
:1003D00003C81A6982E8030018460C2100F0DAF914
:1003E000074B0120186008BD01461846BDE80840CB
:1003F000FFF7C6BF4FF0FF30F5E700BF3005002024
:10040000240500202DE9F0411D46294B53F82140D9
:10041000284B1B880380064690462CB985F310882C
:100420004FF0FF30BDE8F081234B1F682379042B88
:1004300034D001462046FFF7A3FF78B185F310883A
:100440003B79062B02D01D4B1B682BB11C4B4FF088
:1004500080525A60BFF36F8F0120E3E7B8F1000FBD
:1004600002D185F31088DDE73B793E61062B14BF8E
:1004700005210621384600F08DF904F114003946B3
:1004800000F04CFA23896FEA43436FEA5343238118
:10049000204600F00BFB85F31088D7E7D0E9000178
:1004A000236983E803000C21204600F073F9F2E78A
:1004B00030050020B4050020280500202405002078
:1004C00000ED00E010B50146EFF3108472B6054B65
:1004D0001B880380044B1868FFF752FF84F31088D1
:1004E00010BD00BFB4050020280500202123038093
:1004F000FFF766BFEFF30583DBB20BB1FFF7F6BF83
:10050000064B1B881BB2994201D1FFF7DBBFEFF30B
:10051000108372B60122FFF775BF00BFB40500203B
:1005200010B4EFF3058212F0FF0203D05DF8044B24
:10053000FFF7DCBF074B1B881BB2994203D15DF864
:10054000044BFFF7BFBFEFF3108372B65DF8044BA7
:10055000FFF758BFB4050020104B1B881BB29A420E
:100560002DE9F04106460C46154601D100F004FB8A
:10057000EFF3108872B60A4B1F680621384600F068
:1005800009F996E803003C61434684E80300012230
:1005900029462046BDE8F041FFF734BFB4050020EE
:1005A0002805002038B5EFF3108572B60F4BB0F96F
:1005B000002053F822400CB900F0DEFA2379062B14
:1005C00004D085F310884FF0FF3038BD03C923698C
:1005D00083E8030020460C2100F0DCF8607985F305
:1005E000108800F017F90120EFE700BF3005002068
:1005F0000021FFF755BE0121FFF752BE034B1B68D8
:10060000586A10B1D3E90630C01A70472805002097
:1006100008B5064B4A1E1B681140586201D000F015
:10062000ABFAC3E906111A6208BD00BF2805002015
:1006300070B504460846EFF3108672B6236833B9E6
:100640004FF0FF33236086F31088012070BD11B98D
:1006500086F31088FAE70F4B1D680DB900F08CFA8D
:100660000321284600F096F8236801330DD105F1E7
:100670000C0323600023EB6086F31088064B4FF0D9
:1006800080525A60BFF36F8FDFE72946204600F0A3
:1006900045F9F1E72805002000ED00E038B50446F3
:1006A000EFF3108572B6006810B985F3108838BD75
:1006B000431C02D100232360F7E750F80C39236074
:1006C0000C2100F067F8236813B94FF0FF33236063
:1006D00085F31088034B4FF080525A60BFF36F8F41
:1006E000E5E700BF00ED00E008B503790B2B04BF80
:1006F0000C230371836A1A68934208D0B0F906107C
:1007000003480FF09BFA03490D2000F06DFA08BD75
:10071000B1080100E008010070B5184C184E2368BC
:10072000356843BB15B12846FFF7DEFF00F0B0FB8C
:100730002368002BFAD00020124B00221A60236895
:10074000114AB3FA83F352F823301C680C3C0B2394
:10075000AC4223710DD008B1FFF7C6FF0B4BA16A65
:10076000B4F906201A801F31094A3460022000F0D3
:10077000D7FA204670BD2846DEE700BFE00400201F
:100780002805002024050020E4040020B4050020F2
:10079000080006160A2930B503791AD90A2B14D88D
:1007A00042791A4B53F8225000F10C047DB12D68A8
:1007B000C56053F822502C6043F82240144C4FF08F
:1007C0000043D340226813432360017130BDC460ED
:1007D000F2E70A2BF9D945790C4A52F825303BB19A
:1007E0001C68A3420BBF0023246842F825301C601C
:1007F000437952F82320002AE7D1054C4FF00042FC
:10080000DA40236823EA0203DEE700BFE4040020A5
:10081000E00400200B4B1B685A791B790A2B01D985
:1008200090420DD2EFF30583DBB21BB1064B0122E0
:100830001A607047054B4FF080525A60BFF36F8FBC
:10084000704700BF280500202405002000ED00E0CF
:1008500008B5EFF3108372B6084B094A1B88094CA0
:100860001BB2002142F82310074A20681368013B9D
:100870001360FFF78FFF216000F0C6FAB405002077
:1008800030050020280500202C050020431E9BB2C7
:100890001F2B05D8034B53F8200010B1C06A7047D6
:1008A000002070473005002010B5EFF30583DBB260
:1008B0007BB9EFF3108472B6064B02211868FFF77C
:1008C00069FF84F31088044B4FF080525A60BFF3E5
:1008D0006F8F10BD2805002000ED00E0EFF31080C1
:1008E00072B60B4B1B681A790A2A07D95A79094B39
:1008F00053F8221011B1096843F8221080F31088D0
:10090000054B4FF080525A60BFF36F8F704700BFA6
:1009100028050020E404002000ED00E038B50B7944
:100920000A2B01D900F028F94C7901F10C02034699
:10093000006818B110F8075CA542F8D9C8601A60C1
:1009400038BD03460144814202D90268824201D087
:10095000C01A70470430F6E70F2A2DE9F84F054614
:100960008A469046994632D810F003031DBFC3F162
:100970000402043B5B180B46A3F1340318BFAD1807
:1009800023F0030319F0080F05EB030416D02D60C4
:10099000EFF3108B72B6284A0126114652F8047FF5
:1009A000C7B10136212EF9D18BF310886FF08A067A
:1009B0003EE012600432A242FBD3E9E72A46FAE79E
:1009C00002212046FFF7E6FE8BF3108830E06FF03F
:1009D00015062DE036B22A4641F82640DDE90A0127
:1009E000E68000F0C3F90C9B144AE3624FF0FF333A
:1009F000C4E9083713682060013319F0010FC4E916
:100A00000377C4E90577A562C4F830A084F80580AF
:100A10002771E7611360D3D10C212046FFF7BAFE9E
:100A200019F0040FD0D18BF310884046FFF7F2FE87
:100A30003046BDE8F88F00BF300500202C050020AF
:100A400008B5034B53F8200008B900F095F808BD2D
:100A50007029010010B50346EFF3108472B60289C5
:100A600002EA010022EA01021A8184F3108810BD13
:100A70000C4A034610B51068EFF3108472B6028971
:100A800013420CD103610721FFF784FE84F3108821
:100A9000054B4FF080525A60BFF36F8F10BD84F347
:100AA0001088FBE72805002000ED00E010B5037971
:100AB000048A072B03D0082B0CD0002408E00389FC
:100AC0001C4005D00C21FFF765FE054B01221A6082
:100AD000204610BD03899C43EFD10124F2E700BFFB
:100AE0002405002038B5054B1D680446FFF7C0FFFC
:100AF00021462846BDE83840FFF7ACBF2805002056
:100B000010B5EFF3108472B6038902791943072AEE
:100B1000038A018104D0082A13D084F310880FE0DF
:100B20001942FAD00C21FFF735FE074B01221A605B
:100B300084F31088054B4FF080525A60BFF36F8FDB
:100B400010BD8B43E9D1EDE72405002000ED00E066
:100B500008B5EFF30583DBB243B9EFF310832BB98C
:100B600004480DF027FEFFF79FFEFCE70149032034
:100B700000F03AF85909010008B5714602480FF033
:100B80005DF8FFF7E5FF00BF6B09010008B5FFF74F
:100B9000E1FA03480DF00EFEFFF7CAFA002008BD87
:100BA000740901001FB5EFF3108372B6074B02936F
:100BB00000230193064B0093072204234FF4C061E6
:100BC0000448FFF7C9FE00F01FF900BF9D090100AE
:100BD0008D0B0000B605002008B50AF0ECFDBDE85D
:100BE00008400CF0BFBF704708B50D4B1A680C46A3
:100BF0007AB901221A60FFF7F6FF214609480FF083
:100C00001DF80AF0FDFD0A200EF0C6F806480DF0AA
:100C1000D1FDEFF3108372B600F092F809F004FFF3
:100C2000B80B0020A2090100BE09010070B50D46F5
:100C300000210446FFF7FCFC0D4E70B9BFF35B8F3B
:100C4000E288BFF35B8F338812B21BB29A4204D0A2
:100C50006DB901212046FFF7EBFC3388BFF35B8FB2
:100C6000E380BFF35B8FA3880133A380012070BDB5
:100C7000B40500200021FFF7D9BF000008B50F4BD5
:100C8000BFF35B8FC188BFF35B8F1B8809B21BB2B8
:100C9000994201D0FFF770FF8388002BFAD0013B07
:100CA0009BB2838043B9BFF35B8FC380BFF35B8F7D
:100CB000BDE80840FFF7F2BC08BD00BFB405002046
:100CC0000C4B0D4A10B540219A600C4CE02283F881
:100CD0002220D9770022A0180132302A80F8001390
:100CE000F9D11A6942F010021A615A6942F400728D
:100CF0005A6110BD00ED00E00000000000E100E0DE
:100D0000064BD3F8942042F00502C3F894205A6AA7
:100D100042F480325A620020704700BF00ED00E0CC
:100D2000064B21F01F0142F00102C3F89800C3F8FE
:100D30009C100020C3F8A020704700BF00ED00E029
:100D400008B5EFF30581C1F3080119B10548103961
:100D50000EF074FF044BD3F8F030DB0700D500BE73
:100D600008BD00BFCB09010000ED00E01A4422F0ED
:100D7000030210B54FF0773442F8044C540758BFC3
:100D80004FF08834A2F104035CBF42F8084CA2F192
:100D900008034FF0807243E902020D4A43F80C2C1D
:100DA0000020032243E9052043F8201C01220224ED
:100DB000194643E907246FF0020241F8242D0B2263
:100DC00041F8042D013A032AFAD1A3F1440010BDE1
:100DD00051080000054B064A06481968914201D1A6
:100DE000834201D3C01A70470433F6E700000020A5
:100DF000FEE7FEE700020020EFF3088070470000E6
:100E000000487047000000200023E1EE103AEFF3A5
:100E1000148323F0040383F31488BFF36F8FEFF37D
:100E2000108362B6024B4FF080525A60BFF36F8F4F
:100E300000ED00E0114910B50C6872B6FFF76CFCCC
:100E400062B6A04208BF10BD2146BDE8104049B1BE
:100E5000EFF309821EF0100F08BF22ED108A22E97D
:100E6000F04F0A600068B0E8F04F1EF0100F08BFA6
:100E7000B0EC108A80F30988704700002805002034
:100E8000024B4FF080525A60704700BF00ED00E007
:100E900030BF62B6BFF36F8F72B670470D4B0E4A0C
:100EA0000E496846904203D8984201D9002102E0D9
:100EB00009468D46012104207246024202D1EFF319
:100EC000088001E0EFF309802DE9F00F6B4600F098
:100ED0008FF800BF5801002000000420000200200D
:100EE00008B502490620FFF77FFE00BFDA090100BE
:100EF00008B502490520FFF777FE00BFE6090100AB
:100F000008B502490820FFF76FFE00BFF90901008C
:100F100008B502490920FFF767FE00BF0B0A010070
:100F200008B502490A20FFF75FFE00BF1F0A010053
:100F300008B502490B20FFF757FE00BF310A010038
:100F400070477047204AD2F8883043F4700310B5D8
:100F5000C2F88830FFF7F4FF6A461C4B1C491C4658
:100F600093422DD31B4B1C48DA1C121AC11E22F0CF
:100F70000302994288BF002218490EF03FFA184B2D
:100F80001848DA1C121AC11E22F00302994288BFC7
:100F9000002200210DF0A0FD24B1134A13490120C5
:100FA000FFF7BEFEFFF7ACFEFFF7CBFF00F032F914
:100FB000FFF7E2F80DF08EFBBDE81040FFF7F2BD41
:100FC00043F8041BCCE700BF00ED00E00000002068
:100FD000FEE7FEE7E004002000020020A42F01004D
:100FE00004440020E0040020080006161F00002032
:100FF0002DE9F04F9A46564B8FB093469A6B039269
:101000005A6B0492D3F82880DA6A05921A6BDB6B6C
:101010000793504B06921A684F4B9A4204460E466D
:1010200002D04E480DF0C6FB002E62D04C480DF0A9
:10103000C1FB4C4B4C48198809B20EF0FFFD00254E
:101040002F464A480DF0B6FB414649480EF0F6FDE2
:10105000059948480EF0F2FD069947480EF0EEFD5E
:10106000079946480EF0EAFD18F4004F03D00399A3
:1010700043480EF0E3FD18F0800F03D00499414877
:101080000EF0DCFD40480DF095FB404859460EF04F
:10109000D5FD002E29D11BF0080F53D0314B1E88EF
:1010A00036B23046FFF7F2FB3146024638480EF0C2
:1010B000C5FD38480DF07EFB394637480EF0BEFDC1
:1010C0006946364BC91A03D5354849420EF0B6FD7C
:1010D00020468268C36801698C4641698E46AD46E8
:1010E000514691E8F00F416800682E490720FFF74C
:1010F0007BFDD4E90230D4E90679D4E900120890E6
:101100002069099060690A9019F4007F26480B91C4
:10111000CDE90C230CBF04F1200504F124050DF0EA
:1011200049FB089B0B9900932048DDE90C230EF046
:1011300085FDDDE90912CDF800903B461C480EF014
:101140007DFD7EE7217F1B4810390EF077FDB0E76B
:1011500000ED00E000000020FEE7FEE73F0A01008E
:10116000550A0100B4050020840A01002E0B01007D
:10117000370B0100470B0100570B0100670B010003
:10118000770B0100870B0100970B01009C0B0100FE
:10119000AE0B0100ED0B01001E0C010058010020F8
:1011A000460C0100730C0100980A0100B30A01000B
:1011B000F00A0100C70B0100BFF34F8F0549064B32
:1011C000CA6802F4E0621343CB60BFF34F8F00BFE5
:1011D000FDE700BF00ED00E00400FA054FF07043AA
:1011E00093F8E02F062A12D1D3F8E40F10F00F0085
:1011F0000DD1D3F8E82F02F0F002302A08D1D3F84D
:10120000EC3F13F0F00F0CBF0120002070470020CE
:101210007047000010B5FFF7E1FF30B1184AD2F86F
:10122000FC3023F08073C2F8FC30FFF7D7FF20B109
:101230004FF080430322C3F8A025FFF7CFFF30B162
:101240004FF080430022C3F80C21C3F810214FF067
:1012500080430124C3F87845D3F84026A24208BF52
:10126000C3F8804500F056F8064BC3F84045FFF739
:1012700027FDFFF7B1FCBDE810400AF095BA00BFAA
:1012800000ED00E000E00140044B1B682BB1044B73
:101290004FF080525A60BFF36F8F704724050020D3
:1012A00000ED00E008B5044A044B10681B6898473D
:1012B000BDE80840FFF7E8BFBC0B0020CC0B0020C6
:1012C00008B5044A044B50685B689847BDE808407D
:1012D000FFF7DABFBC0B0020CC0B002008B5044A96
:1012E000044B90689B689847BDE80840FFF7CCBF67
:1012F000BC0B0020CC0B002008B5044A044BD0687E
:10130000DB689847BDE80840FFF7BEBFBC0B002074
:10131000CC0B002070470000EFF3108172B6094A31
:1013200013680133012B136009D14FF08042002074
:10133000C2F800011360D2F80031002BFBD081F31A
:1013400010887047E00B0020094A08B513680BB9F4
:10135000FFF712FCEFF3108172B61368013B1360C4
:101360001BB94FF0804301225A6081F3108808BDF9
:10137000E00B0020084A107868B94FF08043012143
:10138000C3F81815C3F804019960D3F804110029B3
:10139000FBD0012313707047DC0B002008F0E7BC82
:1013A0000346006838B10268904219BF13680360B1
:1013B000002119601046704708B500B109B9FFF760
:1013C000DBFB4B68002BFAD0EFF3108272B60B6890
:1013D00033B903686BB11B680B6003681960016067
:1013E000406882F3108830B1BDE808400121FFF762
:1013F00087BB0960F3E708BD10B5EFF3108472B640
:10140000FFF7CEFF84F3108808B10023036010BDFE
:101410002DE9F0410D46044600B109B9FFF7ACFBD8
:10142000EFF3108872B6002726467368002BF5D0BC
:101430003046FFF7B5FF50B90137BD4206F1080647
:10144000F3D188F310880120FFF74CFBE8E788F31D
:10145000108800220260BDE8F0810146006810B1EA
:1014600004310CF0EDBC704738B58569044685B190
:101470000A4B1868436901330CD00CF0A4FC2369B3
:101480006A68C11A8A4226BF9B181B1A00236B6028
:10149000206138BD83685B689847F0E7702D0100D4
:1014A0008369084A10B5044610682BB15A68214672
:1014B0000CF0DFFC206110BD2146BDE810400CF0AF
:1014C000BFBC00BF702D01008369002210B5044627
:1014D0005A60A06930B1436823B90368A3616369A6
:1014E0009847F6E72046BDE81040FFF7D9BF000057
:1014F00070B505460C46EFF3108672B6FFF7B4FFE1
:1015000005F118000368BBB923600460AB69A3420E
:1015100006D10F4B6268186829460CF0AAFC2861B6
:1015200086F310880B4B1B682BB10B4B4FF080528E
:101530005A60BFF36F8F70BD61685A68914203D3E0
:10154000891A61601846DDE7521A23605A60DCE7A9
:10155000702D01002405002000ED00E070B5044668
:101560000D46EFF3108672B6FFF77EFFA36904F114
:1015700018022BB92046FFF793FF86F3108870BD41
:101580009D4202D01A461B68F3E72B681360002BBC
:10159000F0D05A6869680A445A60EBE7034B41612E
:1015A000C0E9023000238361704700BFC914000006
:1015B00058B1037843B1013810F8013F0BB901204D
:1015C0007047303B092BF7D90020704738B1054BE5
:1015D0000A0901F00F019A5C5B5C02704370022003
:1015E000704700BFA42901000E4A914230B503465E
:1015F00016D80A22012014468A420ED963B1034448
:101600000A25B1FBF5F405FB1412303203F8012D65
:101610000A46092A2146F4D830BD62430130EBE77F
:101620000A20EBE7FFC99A3BFFF7DEBF88B1E9B1BB
:10163000002340EA0102D2070DD5C2070FD5CA0721
:101640000FD5814222BF0A4601461046421A0AD1EE
:10165000994008467047400849080133E9E74008C7
:10166000EBE74A08014608461146E8E70146F0E77D
:101670002DE9F84306460D4614460AB9FFF77CFAF1
:1016800011462846FFF7D2FFA042F7D8A84239D822
:10169000B5FBF0F1B4FBF0F20025B1FA81F44FF0A4
:1016A000004EC4F120002EFA04FEC4F15F0C2B465C
:1016B0002C462F46DB1847EB070811EA0E0F18BF20
:1016C00043F00103934278F1000947464FEA44048E
:1016D0004FEA5E0E0FD39B1A68F1000744F0010435
:1016E000002C0BDA3B4300D00134C0F120033371EE
:1016F0003460BDE8F883002CF2D10138013565452E
:10170000D8D1EFE700200446EFE700000D4A10B5FE
:10171000D2F83C41002303601CB1D2F84441A142FD
:1017200007D0D2F860315BB1D2F86831994207D165
:1017300001235B4203F0240303F59E731A44026005
:1017400010BD00BF18020020F8B5054616460C462D
:1017500069B108B9FFF710FA03688B42FAD84268FA
:1017600003EB02129142F5D2CC1A241101346B68BA
:10177000A34201D800200AE02868314600EB04109B
:10178000270108F096FB0028F0D128683844F8BDFE
:10179000F0B593B015462F23009306460C46402320
:1017A00002AA0B21284608F087FC00281BDD2B68C5
:1017B0005B7803F01F03013B01259D400023ADB280
:1017C00023600227216802AA3046FFF7BDFF206090
:1017D00010B9384613B0F0BD83881D424FF00107A1
:1017E000F0D00027F5E70227F3E7000070B5164CAC
:1017F000A36805460E4683B1E36801330BD104F1BB
:1018000010035B88B34208D1104829460CF086F9D2
:1018100018B1002314E02369F3E7236F0BB900200C
:1018200070BD636F013314BFA36F094B5B88B34274
:10183000F5D1084829460CF071F90028EFD068234B
:101840000833E018ECE700BF180200203402002043
:10185000900200209C0200201FB514461A4603780F
:10186000012B0AD10023CDE901314068069B039486
:1018700001A907F00FF904B010BD4FF0FF30FAE7EF
:101880000A4B10B504461868436901330AD00CF0BE
:101890009AFA20F07F42626520460621BDE810409A
:1018A00008F00BBD83685B689847F2E7702D010074
:1018B0002DE9F0411C46064600680D4690460DF0A5
:1018C0009FF8238903F0010383F0010402340746E3
:1018D00004449DB1444516D89BB92C232B70012399
:1018E0003C22EA5403F1010831683A4605EB08004E
:1018F0000DF084FDE9193E2301F808302046BDE8CB
:10190000F0810023ECE74FF0FF30F8E71FB54268A5
:10191000002A034611DB82687AB11068516801AC75
:1019200003C490680021117001AA044603CA4FF055
:10193000FF329860D9601C615A6004B010BD30B5A8
:101940000368013B012B97B004461CD8C56A0423E9
:1019500003609DB1502200210DEB03000DF0BCF897
:101960004FF0FF3315936368013314BFA36804F18C
:1019700008030093002269462046A8472046FFF747
:10198000C5FF0023236017B030BDF8B50468256893
:10199000002306460F4603602DB120460CF0BEF82A
:1019A0004FF0FF3538B9A36943B1183439462046A2
:1019B0000CF0B4F800B134602846F8BD0125FBE70F
:1019C000014B0360FFF7E1BFF402002010B586B0C1
:1019D0001222002101A80DF07FF80423009341F2A8
:1019E0003363ADF8163000230E481A46694606F0F8
:1019F00049FF002810DB0C4B0C4C1A6809480023E7
:101A0000C4E9003221460A4A0CF06EF80121204652
:101A1000FFF7FEFC034610B9002006B010BD5B685E
:101A20009847F3E7E40B0020280500202C0D002048
:101A3000651C00002DE9F843184C06460F46154674
:101A400004F1D009A368FBB1E368013314BF216935
:101A500004F1100104F108080B7803F00F03AB4206
:101A600012D12A46043138460EF0AAF860B9314640
:101A700004F11C000CF052F858B9E369042B0BD1A7
:101A800094F82030FF2B04D068344C45DAD14FF065
:101A900000084046BDE8F883FFF76EF81802002002
:101AA0002DE9F74F99460023CDE90033054614464A
:101AB000036011B16846FFF783FF2CB1214B0193FE
:101AC000214601A8FFF761FFDFF87C80DDE900AB6C
:101AD00000244FF0FF364746D8F83C312BB9264654
:101AE00008F12408BCB90124F6E7534502D0BAF145
:101AF000000FF5D1D8F840315B4502D0BBF1000FA3
:101B0000EED1B9F1000F0AD1644204F0240404F5C7
:101B10009E743C442C60304603B0BDE8F08FD9F889
:101B20000010D8F854210B7803F00F039A42D7D154
:101B3000002AD5D0043108F5A4700EF041F8002831
:101B4000CED1E1E724030020180200207FB51B4E10
:101B5000B6F9004074BB1A4B1A481B4DCDE901433E
:101B60001A4B0093062223464FF48B61FEF7F4FED6
:101B700030802846D022214640F8084B0CF0ACFFBC
:101B80003022214605F1DC000CF0A6FF4822214658
:101B900005F59E700CF0A0FF8022214605F5C2706D
:101BA0000CF09AFF09F0A8FEC5F8D800B6F90000BD
:101BB00004B070BD6FF01000FAE700BF8C11002078
:101BC000860C0100340D002018020020CD19000001
:101BD00008B503690BB1FEF7CFFF064B5A68586092
:101BE000C36802610BB9044BC36043690BB9034B73
:101BF000436108BD18020020B118000091170000D1
:101C0000F7B50E460027194615461346009732468B
:101C1000044608F0A2FA00280DDD636DE781064452
:101C20002D1A6660A58113B1002003B0F0BD2046D7
:101C3000FFF726FEF8E74FF0FF30F6E710B50B464A
:101C4000802207490446FFF7DBFF014620B9204602
:101C5000BDE8104008F040BB4FF0FF3010BD00BFA2
:101C6000AC0C00202DE9F047CA06B8B081464AD531
:101C7000002514AF1C22294638460395A84C0CF0C9
:101C80002BFF01238DF868302E460EAB0093019791
:101C9000002303AA02A9484606F060FEB0F100083E
:101CA00031DB0FD008EB0503802B88BFC5F180081E
:101CB00004EB05000299424688BF012645440DF019
:101CC0009DFBE2E7BC46BCE80F001BAC0FC4082339
:101CD0009CE803008DF88430149B042B84E80300F7
:101CE00014D19DF854308E49CDF824901BACFF2BB5
:101CF00008BF44462A46012322A88DF8203008F068
:101D000039F9002804DA38B0BDE8F087FEF734FF6F
:101D1000229A137803F03003302B56D151880EA845
:101D2000FFF764FD054628B13430FFF796FB2846DF
:101D3000FFF705FE229B0EA906A8B3F80280FFF765
:101D40003FFE069D002D40D07648D0F83C1198FA11
:101D500098F2002392B2079329B1A94203D1B0F8B7
:101D60005011914209D0D0F8601169B1A9420BD14C
:101D7000B0F87431934207D101235B4203F024038E
:101D800003F59E7303440793DDF81C80B8F1000F40
:101D90001BD04FF000094B46D8F80420C8F800903B
:101DA00049460AA8FFF77CFE0A9B1BB9D8F8043005
:101DB000C3F8009000231A46C8F80490294607A8E3
:101DC000FFF76EFE079B03B92B6022994A784FEA12
:101DD0005218B8F1020F20D01AD8B8F1000F92D1E2
:101DE0000B78002A6ED113F0300FC3F301154ED1DA
:101DF0000321229A137823F0300343EA011323F0DE
:101E00000F030021137051700EAB009404226BE19C
:101E1000A8F10403012B3FF676AF11F8042B0EA8AE
:101E200002F00F02FFF706FE229B0546002800F095
:101E300062811A7812F0300FC2F3011300F0598159
:101E4000013B012B3FF65FAF4FF0FF37AB6C1BB18F
:101E500005F13400FFF701FB002E0CBF032306231E
:101E60002B60EB6A379E1BB10EAA22A92846984721
:101E70002846FFF74BFD013602D0B8F1020F01D022
:101E800000232B6001373FF43EAF0221B1E7022D62
:101E90007FF439AF49880EA8FFF7A8FC0446002854
:101EA0003FF431AF436801333FF42DAFC36A05609F
:101EB000002B7FF428AF3430FFF7CFFA2046FFF72E
:101EC0003EFD20E79B063FF51EAF26B18D2122A8DF
:101ED000FFF7B4FE7CE0DFF84C80CDE90466CDE985
:101EE0000666D8F804504FF0020955B9B9F1010F50
:101EF0003CD0B9F1020F3BD0B9F1000F17D0A021AF
:101F0000E5E76B690A9622AA0AA92846984702289B
:101F100001D12D69E9E7012806D12D698146E4E761
:101F2000AC0C0020180200200028E8D10A9D2946A8
:101F300007A8FFF7EBFBDDF8DC90B9F1000F40F0EC
:101F40009F8022AB4A460EA906A8FFF7A9FDDDE94E
:101F5000063A0646BAF1000F3ED05BB19A4515D05D
:101F6000CDF818904FF0FF3337930FE08521AEE79F
:101F70008421ACE79AF81C30012B2FD1DAF800103D
:101F80000EA80BF0CBFD48B3CDF818A0069B8BB183
:101F9000229F9D603A78DDE9080102F00F0203F10B
:101FA0001C069A6186E8030022B1391D03F10C007A
:101FB0000DF024FA0EABCDE90B3401230A950D93F5
:101FC000AD6852490AAB802222A8A847002896DBB8
:101FD00000283FF498AE84E0002BD7D1379B013323
:101FE000D4D0002EBEDBBAF1000FBBD10EA904A8DD
:101FF000FFF7E6FC049B33B90028A1BF182303FBBD
:102000000080DC300490424B0593214605A8FFF781
:10201000BCFC059B3BB90028A1BF182303FB008330
:1020200003F586730593049A002A9BD0DDF814C04B
:10203000BCF1000F96D00DF1380996464B4603CB04
:10204000BB42CEF80000CEF8041099460EF1080EFF
:10205000F4D1A646674604F11809734603CB4B45F5
:10206000386079609E4607F10807F6D12423734350
:1020700003F59E7141444344C3E94F2C069185E723
:10208000B9F1010F27D122AB00220EA906A8FFF754
:1020900007FD069FDFB100233B601A460EA90AA880
:1020A000FFF7FEFC0A9E36B90EA904A8FFF788FCCC
:1020B000049B03B11E60002319467A680AA8FFF743
:1020C000EFFC0A9B0BB97A68136000237B604FF02A
:1020D000FF3337936EE7B9F1FF3F3FF46BAF4FF03B
:1020E000FF3000940EAB0246084908A8FFF7B4FB86
:1020F00009E60227AAE61B7813F0300F3FF478AE0A
:10210000379B01337FF474AEFDE500BFAC0C0020BB
:1021100024030020282A2DE9FF4105460F4601D05F
:10212000FEF72AFD164B01925C680123ADF80C30D6
:1021300000261CB9304604B0BDE8F081E36823B145
:10214000002362680293934201D32469F1E7206877
:10215000D4F80C8000EB031001AB75B1BA1BA919C0
:10216000C0470028F1DDBDF80C3023F00103ADF8C5
:102170000C30029B06440133E3E72A462946EFE789
:1021800018020020F8B504461E464523FFF738FD27
:1021900028220C21204608F090F80121204608F062
:1021A0009BF8054630466768A48908F0AAF82822FB
:1021B000C3B221463846FFF7ADFF2844F8BDF8B555
:1021C000048906460F46154600200DB1B54218D1C8
:1021D00032897168002307F076FA04F13A03034468
:1021E000B3F5803F24BF013080B2796820443A3093
:1021F00000232022083180B207F065FAC04380B284
:10220000F8BD23462A89696807F05DFAAB682D6836
:1022100023449CB2D9E72DE9F8430E4681460321B9
:10222000304604F023F9044608B9FEF7A5FC022164
:1022300004F01CF907460028F7D0A368032B05D843
:1022400030460021BDE8F84304F018B90146324693
:102250002046D4F80480FFF7B2FF0028F0D198F8A8
:102260000050892D0FD8842D11D8802D16D098F8C4
:102270000010334640F20122032002F09DFD0028A9
:10228000DED0BDE8F8836335EDB2012DEFD8A36849
:1022900079684246484601F059FDE8E723897968A4
:1022A0004246484600F050F8E1E738B50D4614467E
:1022B00000211A46032304F023FA28B143680022C0
:1022C0001D705C709A70DA7038BD10B5044660B14C
:1022D00090F91030032B0BD10268FFF770FF50B15B
:1022E000636840BA5880002010BD6FF00D00FBE716
:1022F0006FF04C00F8E76FF00100F5E7426901323A
:1023000001D00BF060BD83685B6818472DE9F04190
:10231000DDF81880154600220E461F46014608F1DA
:1023200008031046FFF7C1FF044650B1406876BA73
:102330006DBA8680C58027B14246394608300DF017
:102340005DF82046BDE8F08173B506460C46002ACC
:102350003ED0072B3CD99188D088083B40BA49BA77
:10236000009389B202F1080382B28120FFF7CEFF09
:10237000054668B3237EFF2B04F1080214BF04F165
:102380001801002100F001FC044610B9014628465E
:1023900009E000231A461946184603F047FD054692
:1023A00030B90146204602B0BDE8704004F066B87E
:1023B00043680EB1B6F966615E8006492C602B4613
:1023C00040F20222022002F0F7FC01460028DED093
:1023D00002B070BD0000FFFFF7B5099D0C46114625
:1023E0001A464FF6FB739D4207464AD800950023D4
:1023F0008020FFF78BFF002846D022460021466848
:1024000000F0C3FB044630B921480CF0D3F9002595
:10241000284603B0F0BD43689DF82020DA7167B10B
:1024200000231A461946184603F000FD30B34368EE
:10243000B7F866215A8004600446164B1868FFF707
:102440005DFF032D89BFB0600836043D0C360023C4
:102450009D42DAB20FD11049234640F202220220F7
:1024600002F0AAFC0028D2D16FF008050021204616
:1024700004F004F8CCE7F2540133E9E76FF00B0500
:10248000F4E76FF01505C3E76FF00B05C0E700BF79
:102490009E0C0100742D01000000FFFF2DE9F047A4
:1024A0001F46224B0546186816460C46FFF726FFC6
:1024B00002218146284603F0D9FF0321824628469F
:1024C00003F0D4FF8046BAF1000F2BD050B3DAF8F6
:1024D0000400083002F0D7F8D8F80410032C01F1FA
:1024E000080C1CD98B68043CA9EB03020C310B19B6
:1024F0000C469C4202D14FF0FF310AE00134601AD1
:10250000013814F801ECC0B28645F2D0A4EB0C01FE
:1025100001393B462846B446BDE8F047604761466E
:102520000022E4E76FF01500BDE8F087742D01008C
:10253000002103F0A3BF000008B5044910220DF0EC
:102540003FFBB0FA80F0400908BD00BF2A2A010015
:1025500010B50A49082204460DF032FB48B1237831
:10256000FF2B08D1607800F00F00831E58425841BD
:1025700010BD0120FCE70020FAE700BF1A2A010085
:1025800070B51E46CBB2002115460246084603F040
:102590004DFC044620B92846FFF7CAFF204670BD0F
:1025A00043681E710560F9E738B50B680C460546AF
:1025B00008B9FEF7E1FA4A68B0F8661151800022C6
:1025C0004BB9B5F8A030934209D220467A21BDE834
:1025D000384003F053BF99681B680A44F0E7284667
:1025E00002F0BAFD60B10B49234640F202220120FD
:1025F00002F0E2FB68B92046BDE83840FFF798BF1B
:10260000B5F9660140F20222214602F0CAFB002819
:10261000F1DD38BD0000FFFF2DE9F8430E46D1E99A
:10262000001405460A4600232ABB5BBAA380A3799F
:10263000FF2B02D119BB3B23A371E37913B94DBB27
:102640004023E37104F108073E49102238460DF09B
:10265000B7FA04F11809804678BB4846FFF76CFFCB
:102660000246D0B11022414638460CF035FA01231B
:10267000E37534464FE0906812680344D4E70B7C5E
:10268000023BDBB2022BD6D82F4AD35CA371FF2BBF
:10269000D3D1D0E795F86431D3E74946284602F014
:1026A0008BFF03460028E4D000F1100253F8041B0E
:1026B00047F8041B9342F9D1DBE7284602F071FD8D
:1026C0004846FFF739FF98B10024284602F070FD14
:1026D000002CCED00321304603F0C8FE28B1436859
:1026E0001B7803F0FD03852BC3D06FF07C0022E044
:1026F0003946284602F04CFF0028E5DB2844047DDB
:1027000004F01F04103C18BF0124DEE704F014F8A5
:1027100098B12060044694F91030022B02D1206851
:102720000028F3D13146204603F08FFE002807DA57
:10273000831C08BF0020BDE8F8836FF00B00FAE7A8
:102740000020F8E73A2A0100C429010080B590B0C2
:102750001022002105A80CF0BFF9AD4B0693AD4B3C
:10276000AD481B88ADF820300821FDF751FF05A9C1
:10277000022003F0D3FDA94F40F20523ADF80E303F
:1027800001A8FDF738FFBDF80620B2F5017F2CD86F
:1027900040F202239A4200F2B48140F201218A42BF
:1027A00039D09A42ECD1029E96F91030013340F0B4
:1027B000EF8074688CB3B4F9020002F0E7FC0546C0
:1027C000304694F8048003F0B7FF08F03F08014654
:1027D00000283DD003F07CFE064696F91030022B0F
:1027E00000F0DA80162130464DE0A2F59F43403BD1
:1027F0009BB2152BC4D88A4901209840014000297A
:1028000040F08781152B00F08981142BB8D10298F4
:1028100001F048F9B4E7029E0EB9FEF7ADF94FF0AA
:10282000FF31304603F022FE054638B14368002BE5
:10283000F3D0B3F9020002F0A9FC054673683BB17E
:10284000B268272A04D91B7803F0F003602B01D06B
:1028500030460EE0304603F06FFF04460028F7D004
:102860000222282103F08AFF00232374034618B9AB
:102870002046FFF75DFE83E7D0F8048098F8072034
:1028800022B97421204603F0F9FD79E7B8F8041065
:1028900098F806608AB249BA89B20AB93B2EE7D1E4
:1028A0009C42A2685AD08A4257D9204603F0CEFFF4
:1028B00008F118084046FFF73FFE70B94046FFF7A1
:1028C00047FE08B1002D58D1404602F051FF0546A1
:1028D000B0FA80F040090028CAD1292E51D03A2EF2
:1028E00051D0A6F11102534253419B00237431464B
:1028F000022003F092FD002801DC3A2E45D101218F
:10290000204603F073FE4FF00108414994F910008E
:10291000234640F2012202F04FFA10B92046FFF799
:1029200007FEB8F1000F10D03A2E03D10121204646
:1029300003F05CFE234640F201223146022002F001
:102940003BFA10B92046FFF7F3FD3A2E7FF418AF9B
:1029500021462846FFF75FFC12E7234600209A68CD
:10296000104493F91020022A02D01B68002BF6D1E4
:10297000283888429CD2162184E7404602F0F8FEAF
:10298000A6E70223B2E70323B0E74FF00008BCE755
:102990004FF00008454620E770681022394618308D
:1029A0000DF00EF900283FF41DAF304603F0C4FED1
:1029B000044600283FF44CAF4668337EFF2B54D1C9
:1029C00085BB02F0D6FB00283FF452AF411E2046E3
:1029D00003F00CFE48F04008284602F0C8FB05460C
:1029E00000283FF4CDAE204603F0A6FE06460028A0
:1029F0003FF43EAF01462846FFF70EFE002827DAD7
:102A0000B4423FF435AF3046FFF792FD30E700BFE8
:102A10000000FFFFB4050020901100203A2A0100B9
:102A2000EFFB060001462846FFF7F6FD0028FFF6FB
:102A30001FAF002148F0400322460846FFF7A0FDE3
:102A4000014600283FF49CAE2846FFF7ADFD97E60F
:102A50000021084643463246FFF792FD0146002812
:102A6000BAD02846FFF7A0FDB6E71836304602F088
:102A70007FFE8542814606D03046FFF769FD00287B
:102A800018BF4FF000093046FFF756FD10B9B9F1F5
:102A9000000F17D021464846FFF7BEFD0028FFF67D
:102AA000E7AE204603F02CFD00287FF4E1AE1D497F
:102AB000234640F20122022002F07EF900287FF432
:102AC0005FAED5E609AB22462946304601F05CF8F8
:102AD0000028FFF655AEBDF83C00C0F3041002F02C
:102AE00055FB054600283FF498AE2146FFF794FDBC
:102AF0000028FFF6BDAE9DF83E10434622460DA8C5
:102B00009CE76FF0850303A901A80493FDF74AFD34
:102B100036E60298114601F0D7FB31E6029800F044
:102B2000EBFF2DE60000FFFF1FB50A4CB4F90030A3
:102B30005BB9094A0948CDE90132094A00924FF4CC
:102B400070710422FDF708FF2080B4F9000004B082
:102B500010BD00BF8E110020B80C0100D011002064
:102B60004D27000008B5022103F080FC60B14368E6
:102B70000BB9FEF701F88268272AFAD91A7802F011
:102B8000F002602AF5D1184608BDF8B50C46174684
:102B900002232822002103F0B3FD064608B345684E
:102BA00005F10800FCB1214604F1100351F8042B93
:102BB00040F8042B9942F9D105F11800C7B1394604
:102BC00007F1100351F8042B40F8042B9942F9D176
:102BD000602200232A70FF226B70AB70EB70AA7129
:102BE000EB713046F8BD102221460BF075FFE3E78C
:102BF000102239460BF070FF012385F82730E7E7F4
:102C0000F8B5044615460E4609B90020F8BDD1F8BE
:102C1000A470FA04F9D5194908220CF0D1FF38B193
:102C20002378FF2BF1D1637803F00F03022BECD153
:102C3000FB0701D4FDF7A0FF96F8650105F110022E
:102C400004F1080106F0ACFF10F0FF00DDD0A8761B
:102C50002B4604F1100254F8041B43F8041B944261
:102C6000F9D1B6F866311B0103F4F87343F48063BD
:102C700043F006032B830120C8E700BF1A2A010096
:102C80002DE9F843054602F073FD0446002859D0AB
:102C900002F087FAB4F96611002000F07BFB0028EF
:102CA00043D00368B4F966119A8EC2F304129142BC
:102CB00001D0FDF761FF043318462A46214600F093
:102CC000FCF82946204602F063FC0028F1DB2118BD
:102CD0000B7D03F01F02102A31D003F00702013AE6
:102CE000012A27D80133D4F898800B75050105F126
:102CF0007806154B1548B3F9009026443146FEF787
:102D00002DFC05F1160760190023C0E91E38274481
:102D100044F6CF73A0F88230C0F88470A0F8809099
:102D200031460A48FEF7E4FB04E084F89C002046A4
:102D300001F084FA2046BDE8F84302F039BA4EF6B5
:102D40006028D3E7BDE8F8838E110020901500209D
:102D50002DE9F3470D461F46044608B9FDF70CFF61
:102D6000D0F8A430D90403D4042002B0BDE8F08721
:102D700079780229F8D11278882AF5D1DB07F3D5C2
:102D800090F8C0206B4600F1B80102F0C1FF08289E
:102D9000EAD1DDE90002B968FB689A4208BF8842BF
:102DA000E2D1BB78012B41D0022B45D0CBBB05F142
:102DB00018012046FE8802F0EBFB00281FFA86F877
:102DC000D2DBB8F5807F2ED076BAB6B24EF660234D
:102DD0005E43A6F56A46603E22180501137D25482C
:102DE00023F01F0343F0100305F178081375A04486
:102DF000214B4146B3F900A005F11609FEF7AEFBE1
:102E000060190023C0E91E36A14444F6CF73A0F830
:102E10008230C0F88490A0F880A041461548FEF7A3
:102E200067FBB878A1E747F23056D5E705F11801FE
:102E3000204602F069FDF4E7B4F9661105F10800D7
:102E400000F0A8FA0646002888D000F06BFA0020AF
:102E500000F08AFA28B984F89C00204601F0EEF9C7
:102E6000DFE73368002B3FF479AF05F11800FFF777
:102E700007FFD6E7901500208E11002013B58A7841
:102E80004878412A34BF02230323984212D1CC88C8
:102E9000C87864BAC0F30013A4B200930831234683
:102EA00000F00F0003F0FAFE4EF6602303FB04F07F
:102EB00002B010BD4FF0FF30FAE7F0B5074685B01D
:102EC00015461E460C4609B9FDF756FEB1F96611C6
:102ED000002000F05FFA45B3D4F8A430DA0424D51A
:102EE00018B30068B4F96621838EC3F304139A42C1
:102EF0001BD13146043006F029FCB0B1D4F8A4301F
:102F0000DB0710D594F8C02002AB04F1B8012046CD
:102F100002F0FEFE082806D1002302AA0F2118465F
:102F200005F01BFB10B905B0F0BD00200090334642
:102F30002A462146384601F0E5FDF4E72DE9F04147
:102F400017469846054608B9FDF716FE01F1080632
:102F5000B0F96611304600F0C3F8044628B190F885
:102F6000363013F0010F08BF0024D5F8A430DA077B
:102F7000EAD595F86501414606F028FE00281ADBDF
:102F800074B9B5F966110322304600F0FBF8044627
:102F900088B13B78872B02BF838E23F0080383869A
:102FA00094F83630DB0706D53B78862B05D1A38E07
:102FB00043F00803A386BDE8F081872BFBD0A38EE6
:102FC00023F00803F6E730F9081FFDF78FBA000079
:102FD00008B5044910220CF0F3FDB0FA80F0400966
:102FE00008BD00BF3A2A0100054A106838B10368DD
:102FF000984219BF1A680260002111601846704794
:103000008017002090F8361011B938220BF064BDFB
:10301000704770B5044610460E461546FFF7F2FF9E
:103020004CB123462A1D04F1100153F8040B42F859
:10303000040B8B42F9D11F2E01D9FDF79DFDAB8EFC
:1030400023F4F87343EA0611A98670BD01490248CA
:10305000FEF7A4BAC72F0000901500200148FDF725
:1030600009BE00BFAC1500200148FDF707BE00BF38
:10307000AC15002070B50F4CA38EC3F30413994216
:1030800005460E460FD150B9201DFFF7A1FF50B1E4
:103090002846084A3146FFF7BCFF064870BD211D8F
:1030A00006F054FBF3E794F83630002BF0D0002004
:1030B000F4E700BF4817002028B13830064B98428B
:1030C00003D3002070470548F8E790F83620002A1F
:1030D000F8D13830F3E700BF8017002048170020F0
:1030E00008B50B46014638B9FDF746FD0A4806F01B
:1030F0002DFB78B109480EE0084A92F8360048B135
:10310000928E12F4F87FC2F30410EFD0002BEDD0B2
:103110008342EBD0002008BD4C1700204817002048
:103120007047000010B590F8363023F0010300F12D
:10313000240180F8363004461048FEF70FFA104993
:103140000A6822B113689C4206D1FFF74DFF204662
:10315000BDE81040FFF756BF13461B68186884424D
:1031600002D09A42F9D1F2E7002BF0D022681A601F
:103170000A68944208BF0B60E9E700BF9015002081
:10318000801700202DE9F8438846074608B9FDF767
:10319000F3FC02F007052B1F022BF8D9FFF76AFF9B
:1031A000002839D1FFF720FF814660B3284E04463E
:1031B00094F83630012B29D8A38E03F4C0632BBBBF
:1031C0002046FFF7AFFF384622464146FFF721FF72
:1031D000A38E2B43A386012384F836302046336820
:1031E000B3B11B68236033681C60346060B9FFF7BB
:1031F000FBFE81450446DBD133685BB11B6803608D
:103200003368186034600020BDE8F8830020E6E7EA
:103210002460EAE72060F5E790F83630DA0708D452
:10322000828E22F00702154343F00103858680F861
:1032300036300368002BE7D1054B1A682AB11268B3
:1032400002601A6810601860DEE70060FBE700BFEC
:103250008017002070B50C46054600B109B9FDF78E
:103260008BFC0A46031D00F1140153F8040B42F8CD
:10327000040B8B42F9D1A88E2083C0F3041001F017
:1032800085FF10490646082220460CF099FC38B10B
:103290002378FF2BE3D1637803F00F03022BDED1F9
:1032A000002EDCD0D6F8A430DB0705F10C0104F1C8
:1032B0001002D4D596F8650106F072FC0028A8BF6C
:1032C000A07670BD1A2A0100F8B5154E346807467D
:1032D0000D4694B1A38EC3F3041399420BD1211D63
:1032E00006F034FA38B194F8363043F0080384F825
:1032F00036300B48F8BD0020FCE7FFF7BBFE024666
:1033000030600028F7D029463846FFF782FE326841
:1033100092F8363043F0080382F83630E9E700BF10
:10332000B4150020036810B504468BB1011D0C488C
:10333000FEF714F9206890F8363023F0080380F87F
:103340003630FFF75FFE1422002120460BF0C4FB4D
:10335000044B1A68A24204BF00221A6010BD00BFCD
:10336000901500208417002028B11430074A90429D
:1033700003D3002070470648F8E703681BB193F8B1
:103380003630002BF6D11430F1E700BFC81500200D
:10339000B415002010B520B10D4B1C682CB90020CD
:1033A0000FE00029F8D1FDF7E7FB21B1A38EC3F3AD
:1033B00004139942F3D128B994F836301B07F2D59B
:1033C000034810BD211D06F0C1F90028E7D0F3E73E
:1033D000B415002010B5124C2168B1B10B689B8E5A
:1033E00003F00703013B012B0DD80020FFF7BCFFC2
:1033F00068B90846FFF7B8FF01B110B90020FFF720
:10340000B3FF20600146084610BD0846EEE703689A
:103410009B8E03F00703013B012BF2D8E6E700BFC8
:103420008417002038B50C46054610B1036803B177
:1034300009B9FDF7A1FB1022002120460BF04CFB3F
:10344000114A12680023AA4284F8203008D12B6860
:103450009B8E03F00703013B012B94BF0023012344
:1034600084F821302B6804F110011A1D143352F82E
:10347000040B41F8040B9A42F9D12B689B8EC3F3DD
:103480000413638438BD00BF841700202DE9F84F72
:10349000054689461F4690463AB11046FFF798FD0B
:1034A000044610B97B1E7F2B01D9FDF765FBDFF8C1
:1034B000E4B082469BF82420DBF80060DAB9002CE7
:1034C00008BF5C460AF1010ABAF1080F0BF1300B94
:1034D000F0D174B12368002B45D149462846FFF747
:1034E000C9FD0146206000283DD1302220460BF066
:1034F000F3FA00242BE09BF825209742E2D14146C5
:103500000BF1040006F038F98742DBD8002ECCD04E
:10351000B28EC2F304129145D4D104363046FFF77F
:1035200057FDB8B13DB105F1100255F8041B46F83E
:10353000041B9542F9D1302202FB0AF2154B99582F
:1035400091F8362042F0400281F836205C46204651
:10355000BDE8F88F002DB5D03146284606F0F6F8C4
:103560000028AFD0DFE7226849462846FFF751FD23
:103570002046FFB250F8042B92F8363043F0400357
:1035800082F8363041463A4606F015F984F825703F
:10359000DDE700BFC815002010B590F824300446C0
:1035A000FBB90068D0B920463022BDE810400021A8
:1035B0000BF092BA3033013A04D09C42FAD0196829
:1035C0008842F7D1074A9342EDD390F8363023F082
:1035D000400380F83630FFF715FDE4E7024B09227F
:1035E000E9E710BD48170020C815002028B1303089
:1035F000064B984203D3002070470548F8E790F83F
:103600002420002AF8D13030F3E700BF481700200B
:10361000C8150020054B984206D303F5C0739842A5
:103620002CBF00200120704700207047C8150020E3
:1036300038B50B4610B1026802B109B9FDF79CFA22
:10364000021D00F1140452F8045B41F8045BA2422D
:10365000F9D190F8252083F82020002183F821104B
:103660000268948EC4F304145C8490F82400042847
:1036700003F1100004D1BDE8384010220BF02CBA41
:10368000131D143253F8041B40F8041B9342F9D164
:1036900038BD00002DE9F8431646074600B10AB9C7
:1036A000FDF76AFA184D0024A04605F5C07995F893
:1036B00024305BB13946281D06F05EF8404505D937
:1036C00095F8253083429CBF80462C4630354D45C9
:1036D000EDD134B194F82430042B0FD1E38CDB0707
:1036E0000CD4FFF777FE18B944B96FF0710003E00E
:1036F0003146FFF797FE0020BDE8F88331462046AB
:10370000FFF796FFF7E700BFC815002010B5044685
:1037100000F114010648FDF721FF94F8243023F04E
:10372000040384F824302046BDE81040FFF734BF7E
:10373000901500202DE9F843044600F114011748C4
:10374000FDF70CFF2368988EC0F3041001F01EFDF6
:103750000546D8B100F1160604F104094946304681
:1037600094F8257006F008F805F1260887424946C6
:10377000404694BF94F82570002605F0FDFF87426F
:1037800009D91EB13146284602F0BEF82046BDE8F0
:10379000F843FFF7BBBF4646F4E700BF9015002093
:1037A0002DE9F8431F4613460A4601460020089EAD
:1037B000FFF76CFE044600283DD090F82430B74255
:1037C00043F0040380F8243001D2FDF7D5F907EA6D
:1037D0000605681C36D01D4B1868436901332DD08F
:1037E0000AF0F1FA711C05461CD0194B1948B3F9BF
:1037F000009004F114084146FDF7B0FE0023C4E92F
:10380000053644F6CC731348E3832462A4F81C9075
:103810004146FDF76DFEB21C04D07319013308BF99
:1038200001362E44FB1C0FD87B19013308BF01372A
:103830003D44C4E90A562046BDE8F88383685B68C6
:103840009847CFE72E46F4E73D46F2E7702D01009A
:103850008E1100209015002010B50A4B9B6902467E
:10386000002013B94FF0FF3010BD5C6820445C8924
:103870008C4204D1002AF7D0DC689442F4D01B6853
:10388000EFE700BF90150020F0B5044685B00E4666
:1038900017460021102268460BF01EF9D4F8A43018
:1038A000D90406D4B4F9661123480CF0C7F905B061
:1038B000F0BDDA07FBD594F8C02002AB04F1B801E3
:1038C000204602F0A3FA0028F1DB3A46314668466A
:1038D00005F071FF6946204601F05AFE051E29DAFF
:1038E00007233A466946204601F0B6FD051EDEDB99
:1038F0000127D4F8A430DB04D9D51049082230467A
:103900000CF05EF938B13378FF2B0BD1737803F0EC
:103910000F03022B06D16219137D23F01F0343F01E
:1039200010031375002FC2D004EB05101630FFF7FB
:10393000A7F9BCE70027DCE7BD0C01001A2A01004B
:1039400010B50A49082204460CF03AF948B1237828
:10395000FF2B08D1607800F00F00831E58425841B9
:1039600010BD0120FCE70020FAE700BF1A2A010081
:10397000002102F083BD08B5FFF7B2FB28B190F833
:10398000363013F0010F08BF002008BDF8B504461B
:10399000174606981A460D46A9B191F865310A2BCB
:1039A00011D1134604F1100154F8040B43F8040B31
:1039B0008C42F9D1B5F866311B011383002393764D
:1039C00001263046F8BD78B929462046FFF718F998
:1039D00006460028F4D1D5F8A41011F4805107D080
:1039E0003846FFF7C5FFECE71146FFF733FCE7E782
:1039F0000DB1B5F9661102222046FFF7C3FB00287E
:103A0000EED0002FDDD07621384602F037FDD8E722
:103A100038B505685DB195F836301B0707D5FFF757
:103A200081FC00242046FFF7E1FD044600B938BDC3
:103A300023689D42F6D1FFF7AFFDF3E72DE9F84388
:103A4000DFF834801F460B4B144605460E464046B1
:103A50001146B3F90090FDF781FD0023C4E900375A
:103A60006681E560A4F8089021464046BDE8F84329
:103A7000FDF73EBD8E1100209015002038B5084C92
:103A8000FFF7ECFAA16929B10D682046FDF766FD44
:103A90002946F8E7FFF7DAFABDE83840FFF7E4BA5D
:103AA0009015002038B5044608B9FDF765F80025E3
:103AB00001F077FB0E49A4F89C50204601F06FFE00
:103AC000402220460B49FFF7DFFE4FF47A7128466B
:103AD00007F036FF04F16802034644F6C37120463E
:103AE000FFF7ACFF2046BDE8384001F061BB00BFE6
:103AF000FA2901001A2A010038B5044608B9FDF771
:103B00003BF801F04EFB04F11605104804F1680182
:103B1000FDF724FD2846FFF713FF18B1294620467C
:103B200001F0F2FE04F126052846FFF709FF18B15F
:103B30002946204601F0E8FE2046054901F085FEB1
:103B40002046BDE8384001F033BB00BF901500208F
:103B5000FA29010010B5044608B9FDF70DF801F087
:103B600020FB4FF47A73C4F8983094F89E3043F0F9
:103B70000103204684F89E3002F0E8F82046BDE8B4
:103B8000104001F015BB00002DE9F0470C468CB049
:103B9000054608461746994601F003FBFFF75EFA13
:103BA000002C3ED0B4F966112846FFF7E4FE064625
:103BB000002838D0B0F83480C8F304182846FFF73E
:103BC000BFFE00285FD1B8F1000F5CD0204601F0A5
:103BD000EFFA404601F0DAFA0446FFF745FA2046CC
:103BE00001F0DFFAFFF73AFA002C4ED0B4F9661173
:103BF0002846FFF7C0FE064600964B463A46214649
:103C00002846FFF7C3FE00280CBF6FF0750600269C
:103C1000FFF72AFA204601F0CBFA30460CB0BDE897
:103C2000F0872146C0E72846FFF78AFEB046002805
:103C3000C4D1B2465046FFF7D9FC824678B9B8F1F4
:103C4000000F2BD098F824305A0727D5B8F8263023
:103C5000DB0723D5D8F80030B3F83480ACE70AF19D
:103C60000401284605F088FD9AF825309842E1D3F2
:103C7000B8F1000F05D098F825209A4238BFD046F9
:103C8000D8E7D046D6E7002CB6D11FB1762138460A
:103C900002F0F4FB6FF075060024B9E703AA394679
:103CA0002846FFF7F7FC061E35DB2749102207A838
:103CB0000BF086FF78B976BB2846FFF741FE50B37C
:103CC00007AA05F1100C28686968134603C3083574
:103CD00065451A46F7D1BDF82E3024BBBDF92E003C
:103CE00001F054FA0446FFF7BFF9204601F059FAF3
:103CF000FFF7B4F924BB214607A8FFF73CFE4B466B
:103D000000903A46214607A8FFF740FE002808BF6A
:103D10006FF075067CE71FB17221384602F0AEFBEA
:103D20006FF0710674E7B4F966219A4208D0204614
:103D300001F03EFAB4F96621BDF82E309A42CDD199
:103D4000B4F96611D8E700BF3A2A01002DE9F04F17
:103D50000F4689B015469846044608B9FCF70CFF93
:103D600001F01FFAFFF77AF92B78872B00F05481C6
:103D7000882B00F01D82862B40F0AB8107F10809EB
:103D80004846FFF7DDFD002800F0A381FB79FF2BFB
:103D900040F09F816B78002B40F09B81B8F10F0FB2
:103DA00040F29781D4F8A430DA0407D4EB885BBAE8
:103DB0009BB242F22832934200F28B81A8F1100BA1
:103DC00005F1100632465B46002B59D1B5F8068046
:103DD000B4F966111FFA88F34846002B5CD0FFF750
:103DE00073FA8146002800F0748198FA98F84FF42D
:103DF0007A731FFA88F803FB08F84346021D44F65D
:103E0000CD71FFF71BFE2B790BB184F86431EB68A1
:103E100013B11BBAC4F89830B9F1000F13D0D4F81D
:103E2000A430DB040FD5237D13F0EF0F03D004F192
:103E30001600FEF725FF637D13F0EF0F03D004F1AA
:103E40002600FEF71DFFBBF1000F2FD1B9F1000FC7
:103E500000F03F8104F16805A2482946FDF77EFB8A
:103E6000D4F8A430DE0440F134814FEA980303EB28
:103E700043032A4644F6C3712046FFF7DFFD28E1DD
:103E80009845C0F026815178002900F02281A3EBEB
:103E9000C10302EBC10297E7FFF77CFA08B1FFF715
:103EA000B7FD4FF0FF384FF00009ACE73378052B32
:103EB0001BD009D8012B11D0032B24D07378ABEB86
:103EC000C30B06EBC306BEE7222BF7D131462846CB
:103ED000FEF7D4FF804528BF8046EFE733462A46E9
:103EE00039462046FFF72AF8E8E77378012BE5D139
:103EF0002B78862BE2D173681BBAB3F5A06FDDD3A4
:103F0000A4F8A030DAE773680493B3680593737874
:103F1000042B05D04FF0FF33984528BF9846CDE7D6
:103F20002B78862BF6D106F1100318460293FFF783
:103F300007FD0028EED1049B059A1BBA92FA82FA7B
:103F40005345E7D3D4F8A410F278C80401D511067C
:103F5000E0D4500606D5B278029903932046FFF7C5
:103F600093FC039BF2783F2AD4D9B278039272680B
:103F7000E2B9924613E09AF8243059070FD59AF81F
:103F80002530039A93420AD102990AF1040005F000
:103F9000F3FB039B984202D35046FFF7CBFB5046FE
:103FA000FFF724FB82460028E5D1B3E7049A0132EB
:103FB00007D04D4A93429ABF4FF47A7253436FF041
:103FC0000103059A013208D0474A92459ABF4FF43F
:103FD0007A7202FB0AFA6FF0010ACDF800A0DDE95F
:103FE0000212B4F966010493FFF7DAFB002891D0BE
:103FF00096F90320F178049B002ABEBFC28C42F0E0
:104000000102C2844A0642BFC28C42F00202C2844C
:10401000534528BF53467FE7FB79FF2B59D16B7877
:10402000002B56D1B8F1170F53D92B7AFF2B50D054
:1040300007F108092D49102248460BF0C1FD38B997
:104040002B490D2207F118000BF0BAFD002840D1D2
:1040500005F1080B5946204601F09AFA031E029317
:1040600037DBA8F1180605F1180A5246334673B932
:104070001E490393102248460BF0A2FD039B78B91A
:1040800000934A462146584600F098FD21E09845A5
:104090001FD35178E9B1A3EBC10302EBC102E6E7FC
:1040A000D4F8A430D80705D4B4F9661103224846E1
:1040B000FFF768F8F6B9029B23441B7D990670D57B
:1040C000B4F966115846FFF756FC054618BBFFF7D2
:1040D0004FFCFEF7C9FF204609B0BDE8F04F01F0E4
:1040E00067B800BF90150020378941003A2A0100C7
:1040F0000A2A01009AF80030012B05D153462A46BE
:1041000039462046FEF71AFF9AF80130A6EBC3069F
:104110000AEBC30ACEE73B7EFF2B1FD194F8C07099
:1041200004F1B8013A4606A80BF068F9B7B1324677
:10413000394606A800F0DBFC06460028C7D040211F
:104140003246584600F072FC074648B14A46002104
:10415000FEF71BFD804628B93846B8E76021EFE737
:104160003046B4E74368FF22DA7100231A46194645
:10417000184601F05BFE064608B94046A7E74368CB
:10418000B4F866215A804FF47A71C0F8008000209C
:1041900007F0D6FB05F12402034644F6C27130460F
:1041A0006BE63B7E0096A3F1FF025342534168E762
:1041B000FB79FF2B8DD16B78002B8AD1B8F1170FCB
:1041C00087D92B7AFF2B84D03B7EFF2B03D12B7911
:1041D0005B063FF57EAFA8F1180905F118063246D7
:1041E0004B46F3B9B4F9661105F10800FFF7C3FBBC
:1041F000804600283FF46DAFB9F1000F3FF469AF7E
:104200003378212B07D1CDE9006833462A46394659
:104210002046FEF79DFD7378A9EBC30906EBC306A4
:10422000EAE79845FFF455AF517800293FF451AFC4
:10423000A3EBC10302EBC102D3E700BF38B50446CC
:1042400000F0AFFF44F6C3712046FFF705FBD4F83A
:10425000A430DA0423D594F89C30022B42F2107576
:104260000AD9033B4FF47A6202FA03F31D444EF677
:1042700060239D4228BF1D46A8420BD91149204604
:1042800000F020FD94F89C30092B0BD9D4F8A43011
:10429000DB040DD42046BDE8384000F089BF4FF460
:1042A0007A65E9E70133DBB2022B84F89C30EDD864
:1042B0002B4604F1680244F6C3712046FFF7BEFBAB
:1042C000E8E700BFEA290100F8B50D460446FEF70D
:1042D000C5FEA5F59F4142390D2914D8DFE801F04C
:1042E000071713131313131313131B69136D354996
:1042F000234640F20222022000F05EFD18B9092197
:10430000204602F0BBF8BDE8F840FEF7ADBE2046FF
:10431000FFF794FFF7E72368988EC0F3041000F0CE
:1043200035FF05460028EED0274B18684369013356
:104330000FD009F048FD0646284600F032FFA36A78
:10434000B3420AD82046FFF7F5F9284600F030FFBF
:10435000D9E783685B689847EDE7E36AB342F4D82E
:10436000271D394605F1160005F006FA94F82530A8
:1043700083429FBF2B7D23F01F0343F008032B755F
:10438000394605F1260005F0F7F994F82530834207
:104390009FBF6B7D23F01F0343F008036B75A36A77
:1043A00004F114029B1B44F6CC712046FFF746FB38
:1043B000CBE72046FFF72CFBA5E72046FEF760FC85
:1043C000A1E700BF0000FFFF702D010008B5044900
:1043D00010220BF0F5FBB0FA80F0400908BD00BFD9
:1043E0003A2A0100F8B5069D14461E4680B179B1FF
:1043F000FFF7ECFF1D4B9D429ABF4FF47A735D436C
:104400004FF0FF350EB128B164B96FF0150407E025
:104410000120EFE7FEF722FE6FF08504FEF724FE91
:104420002046F8BDFEF71AFE20463146FEF74CFF47
:104430000446C0B10E4B18609DB10E4B061D3146AF
:104440000D48B3F90070FDF789F80023C4E9013580
:1044500044F6CD730848E3812461A7813146FDF716
:1044600047F80024DAE76FF00B04D7E737894100FB
:10447000841700208E1100209015002038B50446C6
:104480000D46FEF7EBFD24B11DB12046FFF79EFF60
:1044900020B1FEF79FFF08B1FEF744FFBDE83840AA
:1044A000FEF7E2BD2DE9F04106460F469846154657
:1044B00002B10BB9FCF760FB106838B92C682046D4
:1044C000FFF794F80446E8B9286003E0FFF7A2F884
:1044D0000028F3D12C682046FEF746FF044668B159
:1044E00020680028F7D027B1838EC3F304139F42BE
:1044F000F1D14EBB41462046FEF794FF201E18BF67
:10450000012017E094F82430002BD3D02068002835
:10451000D5D0042B02D1E38CDB07D0D527B1838E15
:10452000C3F304139F42CAD13EB920464146FFF768
:104530007FF801202C60BDE8F0813146043005F0A1
:1045400005F90028F1D1BAE73146043005F0FEF84C
:104550000028C0D0CEE7000030B590F820308BB0F6
:10456000044613B1FFF732FFF8B194F82110154A51
:10457000154B164800290CBF114619460BF05EFB7F
:1045800004F110052846FFF721FF40B929462822EB
:10459000684605F0D7F901460D480BF04FFB618CDA
:1045A0000C480BF04BFB0BB030BD2146282268466F
:1045B00005F0C8F994F82020014607480BF03EFBAF
:1045C000DEE700BF6B0F01003C0D01003E0D010056
:1045D000500D0100580D0100490D010038B50D4680
:1045E000044608B9FCF7C8FA082BFBD84B1E1F2B52
:1045F000F8D8FEF733FD294600222046FEF7C2FD1B
:10460000054620B9FEF730FD6FF00B0038BD0E49AE
:10461000082220460BF0D4FA38B12378FF2B10D1B2
:10462000637803F00F03022B0BD1AB8E23F4C0632E
:1046300023F0070343F4C063AB86FEF715FD0020AB
:10464000E4E76FF01500E1E71A2A010070B50546AE
:104650000E46FEF703FD00242046FEF72DFD04461E
:1046600068B1A38EC3F304139E42F5D1211D2846E1
:1046700005F06CF80028EFD02046FEF753FDBDE8AA
:104680007040FEF7F1BC38B50546FEF7E7FC0024A4
:104690002046FEF711FD044678B194F83630DA076B
:1046A000F6D5211D284605F051F80028F0D0A38E3C
:1046B0005B0702D02046FEF733FDBDE83840FEF729
:1046C000D3BCF8B50C6806460D461746FEF7C6FC87
:1046D0002046FEF7F1FC044668B194F83630DB075B
:1046E000F6D526B1A38EC3F304139E42F0D139460A
:1046F0002046FEF7AFFD2C60FEF7B6FC28680038B8
:1047000018BF0120F8BD000010B58AB0014604466C
:104710002822684605F016F9014610480BF08EFA7B
:10472000238B13F4F87FC3F3041102D00C480BF071
:1047300085FAA17E6A4604F1100005F060FA014690
:1047400008480BF07BFA238B1B0702D506480BF0B9
:1047500075FA06480AF02EF80AB010BDD51F010000
:10476000610D01006A0D0100750D01006B0F010064
:104770002DE9F04387B00C4605461646002110226D
:1047800002A8DDF838901F460AF0A6F90CB9FCF72C
:10479000F3F9802EB04628BF4FF080085FFA88F208
:1047A000214602A805F007F82449102202A80BF0C0
:1047B00007FA00283FD02249082220460BF000FAD1
:1047C000002838D02378FF2B35D0B94533D8FEF7F1
:1047D00045FC2146CDF800903B4642462846FEF770
:1047E000DFFF044630B9FEF73FFC6FF00B0007B067
:1047F000BDE8F08328B200F0C9FC054618B9FEF701
:1048000033FC0020F3E700F0CCFCD5F8A430DA0448
:104810005EBFE38C43F00103E38495F89E30DB0731
:1048200005D57F2E9EBFE38C43F00203E384284628
:1048300000F0BEFCE3E76FF01500D8E73A2A01006C
:104840001A2A0100F8B5054617460E4609B9FCF7C5
:1048500093F9FEF703FC00242046FEF7C7FE04464A
:10486000A8B12368002BF2D094F82520BA42F3D1E6
:1048700025B19B8EC3F304139D42EDD1211D30461B
:1048800004F07AFFB842E7D32046FEF753FFBDE8B5
:10489000F840FEF7E9BB2DE9F0410C6807460E46EB
:1048A0001546FEF7DBFB2046FEF7A0FE044630B3BC
:1048B000D4F80080B8F1000FF5D094F824305B07ED
:1048C000F1D52FB1B8F83430C3F304139F42EAD1C5
:1048D00094F825302B741022002128460AF0FCF8A9
:1048E00094F82520211D284604F065FFB8F83430DF
:1048F000C3F304136B82A36A6B61E36AAB61FEF7D7
:10490000B3FB201E346018BF0120BDE8F081000019
:1049100030B58FB005461022002168460AF0DCF859
:104920001E4B18684369013334D009F04CFA2A7CD5
:1049300029460446684604F03EFF2822694604A83A
:1049400005F000F82A7C014615480BF077F9698AD2
:1049500014480BF073F969694A1C07D0091B4FF41E
:104960007A731148B1FBF3F10BF068F9A9694B1C9C
:104970000BD0A14284BF091B4FF47A730B488CBF44
:10498000B1FBF3F100210BF059F9094809F012FFCE
:104990000FB030BD83685B689847C8E7702D010091
:1049A000490D0100610D01007C0D01008D0D01001C
:1049B0006B0F010038B504461846FEF7E6F80546C9
:1049C00068B14368FF22DA7100231A461946184677
:1049D00001F02CFA28B92946284601F079FD00207B
:1049E00038BD43680CB1B4F966415C800560F7E7F7
:1049F00010B50446084614B12378FF2B01D1FCF70B
:104A0000BBF8182300228721FDF74FFC68B14368EB
:104A1000216800221A715A719A71DA716268DA603B
:104A20009960A168E2685A61196110BD38B5044601
:104A30000D46104614B12378FF2B01D1FCF79CF8EA
:104A4000182300228821FDF730FC78B1436800224A
:104A500025F01F051D71DA719A715A71216862681B
:104A6000DA609960A168E2685A61196138BD08B5D9
:104A7000002208238521FDF718FC28B14368002295
:104A80001A715A719A71DA7108BD10B50023044683
:104A90001046CA1D02F0F802194601F031FE20B19D
:104AA000426814708368DB08537010BD70B5064609
:104AB0000D4618460231FFF7E8FF044658B1436837
:104AC00082680233023A002118460AF005F82A46A5
:104AD00031460AF093FC204670BD10B500B109B90B
:104AE000FCF74AF8BDE810400123FFF7DFBF10B51F
:104AF00000B109B9FCF740F8BDE810400223FFF708
:104B0000D5BF00002DE9F7430A9D0C46164698468E
:104B1000074610B10378FF2B01D1FCF72DF80029CF
:104B2000FBD0B8F1000FF8D0084600F03AFB36B9D8
:104B300032463946204600F03FFD0646B8B11D49D1
:104B4000102230460BF03CF888B194F8C09004F184
:104B5000B8014A4668460AF051FCB9F1000F06D088
:104B60002A4649466846FFF7B8FFE8B10546384689
:104B70002946FFF73DFF0746B0B10346424631469E
:104B80002046FFF717FF054668B103460A4940F281
:104B90000222022000F010F930B1204600F008FB9C
:104BA00003B0BDE8F0833D460021284601F066FCD5
:104BB000F3E700BF3A2A01000000FFFF2DE9F043B0
:104BC00087B00D460E9E14469946074610B10378ED
:104BD000FF2B01D1FBF7D0FF0029FBD0002AF9D031
:104BE000084600F0DEFA3946284600F0D1FCB0F164
:104BF00000085CDB3049102220460AF0E1FF30BBA0
:104C00002E4B02AC03F1100C18685968224603C2FF
:104C1000083363451446F7D1002495F8C09005F198
:104C2000B8014A4668460AF0E9FBB9F1000F3BD0EB
:104C3000324649466846FFF75AFFC0B3A84498F881
:104C400014309B0601D444F0200406460FE02246AF
:104C500002AB04F1100C106851681C4603C4083202
:104C600062452346F7D14024B9F1000FD5D1214642
:104C700032463846FFF7DAFE0446C0B1034602AAC0
:104C800000212846FFF796FE064678B103460C49F8
:104C900040F20222022000F08FF840B1284600F0D6
:104CA00087FA07B0BDE8F0833046CEE726460021FC
:104CB000304601F0E3FBF1E73A2A0100FA2901004E
:104CC0000000FFFF2DE9F3410E46054608B9FBF74A
:104CD00053FF214B002908BF1E4600F062FA002254
:104CE0003146284600F068FC8046A0B195F8C040E7
:104CF00005F1B801224668460AF080FB64B12146FE
:104D000000226846FFF7E9FE044628B90021204644
:104D100001F0B4FB17E004462046FFF7A8FE074663
:104D20000028F3D00346324641462846FFF742FEAC
:104D3000044670B10346094940F20222022000F005
:104D40003BF80028E2D0284602B0BDE8F04100F070
:104D50002FBA3C46DAE700BFEA2901000000FFFF56
:104D600000B589B006930A9BADF81C30BDF82C3015
:104D70008DF81410ADF81620ADF80630024605ABDC
:104D800003A901A80293FBF7E7FBBDF80E2040F250
:104D900005239A4201D0FBF7EFFE049809B05DF8B5
:104DA00004FB07B5019101466846ADF80220FBF708
:104DB000B7FB03B05DF804FB2DE9F34104468846D8
:104DC00017461D4601F074FA4146204601F025FBC6
:104DD000064648B14146204601F01AFB711E0446C2
:104DE000284601F003FC2CB901F07CFA304602B0F1
:104DF000BDE8F081237A012B0FD0022B16D003BB24
:104E0000B4F90C003A462946FFF7CBFF002813DC23
:104E10000521284601F032FB0EE0E068ADF8027093
:104E2000002269460195FBF7A9F9EFE7E3682946F7
:104E3000D3E900823846C047204601F000FB044613
:104E4000D1E78C21E5E710B50C46B0F86611204695
:104E5000FCF7EAFB0022225410BD13B54FF4017495
:104E6000B0F966010194049C0094FFF779FF02B049
:104E700010BD13B540F20324B0F966010194049CFF
:104E80000094FFF76DFF02B010BD1FB5002403941E
:104E9000ADF80C30436801941B698DF80410029240
:104EA00001A9984704B010BD50F8A80C03681B690D
:104EB0001847000008B5044910220AF081FEB0FA34
:104EC00080F0400908BD00BF3A2A010010B50A4928
:104ED000082204460AF074FE48B12378FF2B08D15B
:104EE000607800F00F00831E5842584110BD012029
:104EF000FCE70020FAE700BF1A2A010070B58568B8
:104F0000044600F0E9FE2B6801465E6904F1B80230
:104F100008232846B04710F1860F08D0D4F8A430F3
:104F2000002843F00103C4F8A43006DC70BD94F8F7
:104F3000C030002BFAD0FBF71FFE84F8C000F5E765
:104F4000F8B5044608460E461546FFF7B3FF98B974
:104F50005DB104F1360503270024314605EB04104A
:104F600004F0F4FB28B12046F8BD04F11605022731
:104F7000F2E70134BC42F0D14FF0FF30F4E70378A0
:104F8000FF2B10B5044603D1407800F00F0010BD90
:104F9000FFF79CFF60B9208840BA20F03F00000472
:104FA000000C4FF6C06398420CBF05200E20EEE7C0
:104FB0000220ECE770B504460D4616467AB908B9EA
:104FC000FBF7DAFDD0F8C8304BB100F031F82946D4
:104FD000204601F0D5F830B3134809F0EBFB01216E
:104FE000284601F003FB636829465B682046984722
:104FF000103016D12946204666B101F0FDF806466C
:105000008EB10A4809F0D6FB0C212846BDE8704055
:1050100001F034BA01F0B4F80646204601F0CEF8AB
:10502000EEE70021F1E770BDA10D0100D90D0100EF
:1050300010B5044608B9FBF79FFDD0F8C8307BB126
:105040001A685968C0F8C82000221A605A6039B13D
:105050000122FFF7AFFF2046BDE8104001F0AEB8D7
:1050600010BD000037B5846841B904F1B00104F106
:10507000A80003B0BDE83040FCF79EB9023907290B
:105080000ED8DFE801F0110D2C2C2C2C040F174B3F
:10509000CDE90034164B6846B3F90010FBF72AFA45
:1050A00003B030BD134BF3E7636820469B68984715
:1050B00005462046FFF7BCFF002DF1D00E4995F9BB
:1050C00010002B4640F20122FFF776FE0146002831
:1050D000E6D1284603B0BDE8304001F0CFB9204604
:1050E00003B0BDE83040FFF7A3BF00BF0000D44FBE
:1050F0008E1100200000D54F0000FFFFF0B589B0F1
:105100001E4687680023C0E90333109B43600C46AA
:1051100015460FB1FBF730FD0F9B8360CDE9050706
:10512000012106A8FBF784FA0E9B029305AB0193BD
:10513000084B009332463B4629462046FBF70CFCC1
:105140000028E7DD012106A8FBF772FA079809B0ED
:10515000F0BD00BFC151000090F865310B2B9DBF21
:105160004FF43760D84000F001000020704705F090
:1051700063BB10B500242046FFF7F9FF08B92046AD
:1051800010BD4368002BF7D00134F5E710B5044695
:105190000020FFF7ECFF18B1B0F96631A342F8D157
:1051A00010BD20B1436813B10C30FBF763BD7047ED
:1051B00020B1436813B10C30FBF760BD70470000AD
:1051C0002DE9FF410468DFF808810546002640F21A
:1051D00005232046CDE90066ADF80230FFF7E1FF78
:1051E000B8F80030A4F86631364BC4F8B430364B0A
:1051F0001B68C4F8AC30102104F1E400C4F8A860C6
:10520000FBF706FA636820461B689847A860281DCC
:10521000FBF744FAAA68B24204F1A80748DB20462B
:10522000FFF7C6FF41F233263846FCF7E5F805469E
:1052300048B902A8FBF7DCF9002809DC48F20100B4
:10524000FBF750FCF0E76B68002BEDD09847EBE7DD
:10525000BDF80A30B3F5017F27D00FD840F2022203
:10526000934211D040F20322934213D063685B69EA
:10527000002BD9D002A920469847D5E7B342F5D1F3
:105280002046FFF7D5FECFE703992A462046FFF7D1
:1052900091FEC9E763681B690399204698476946F0
:1052A000019002A8FBF77EF9BEE76368DB68F3E7CD
:1052B000B8F80010054809B20AF0C0FC304604B046
:1052C000BDE8F081A94E0000280500200D0E010068
:1052D000B40500202DE9F8430E460546FFF761FFAF
:1052E00033783489112B0CD8062B0FD9073B0A2BA6
:1052F0000CD8DFE803F01F89260B50690B0B0B0B52
:105300009A00402B0BD0412B00F09B80A86872685C
:10531000036831785C693389A047044635E0012C85
:1053200001D0FBF729FC2846FFF716FF73681870B9
:1053300001242AE0012CF4D1736895F864211A70D5
:10534000F6E70F2CEDD92C7D73688CB105F11602B0
:10535000194605F1260052F8044B41F8044B8242ED
:10536000F9D13289102A03F110034FF010040CD93F
:105370006A7D52B105F1260205F1360152F8040B9F
:1053800043F8040B8A42F9D110342846FFF710FF86
:105390002046BDE8F883002CC3D0726805F11303E2
:1053A00005F1150000243189A142EEDD834203D1CD
:1053B00014F1860FAAD0E8E713F8011F0029F2D0F4
:1053C00002F8011B0134EEE70F2CAAD9D6F80480AD
:1053D00005F1360705F1660900243389A342D4DDBF
:1053E000B945D2D03846FFF765FD07F1100348B93B
:1053F000424657F8041B42F8041B9F42F9D110346F
:1054000008F110081F46E8E7072C8AD9D5F8A42030
:105410007368D2077FF57AAF95F8C02005F1B8011F
:10542000284600F0F3FC0446C2E77388022B7FF4A1
:105430006DAF022C7FF475AF7368B5F8A0201A80A9
:10544000A3E7012C7FF46DAFD5F8A4307268C3F3E5
:10545000002313706CE700002DE9F0470D468AB079
:1054600091461F46044600B109B9FBF785FB0B784E
:10547000FF2BFAD00846FFF71DFD0028F5D1414962
:10548000102228460AF09CFB0028EED009F1FF33D9
:105490007F2BEAD82046FFF784FE07F01F03072B77
:1054A00008BF07F0F807294604F1160008BF47F0C7
:1054B000010704F04BF9B8B9267D2946003E04F1F6
:1054C000260018BF012604F041F97642804688B9CB
:1054D00096B1637D002B4AD02046FFF769FE6FF03E
:1054E0000B000AB0BDE8F08700262046FFF760FEFB
:1054F0003046F6E70126F8E70646D4F8A430DB0488
:105500000BD4282229462048B4F966A104F01AFADF
:10551000514602461D480AF091FBA11904EB0613FF
:105520000F752A46163305F1100052F8047B43F834
:10553000047B8242F9D10B7D03F01F03102BD4D1E1
:1055400000230293B4F9660103AA02A9FFF7A3F9A5
:10555000074670B9B8F1000FC7D14FF0FF33009381
:10556000B4F966014A462946FFF702F9BDE701266C
:10557000C3E7294603A804F0FFF8484528BFB8460A
:10558000E0E700BF2A2A0100891700202D0E010044
:1055900038B50D46044600B109B9FBF7EDFAFFF73F
:1055A00000FE294600222046FFF7CAFC0546204699
:1055B000FFF7FEFD284638BD2DE9F04F8FB01746A6
:1055C0000191044600B109B9FBF7D6FAFFF7E9FDEE
:1055D000257D002D47D06A0744D1002F46D004F125
:1055E0001600FFF773FC00280BBF002580254FF045
:1055F000FF360026637D002B41D05B073FD1002F93
:1056000037D145F04005764200270198ADF8147077
:10561000FFF7B5FC04F116084FF0FF3102460DF11B
:10562000140943460091BB468BF00701012000FAA4
:1056300001F1294246D00199039218469A460293F5
:1056400004F084F8002875D1029B1846FFF797FCF8
:10565000039A99F80010029B824218D111440F312D
:10566000C9B219E000254FF0FF36C3E780253E465A
:10567000C0E704F12600FFF729FC0028C1D1002E65
:10568000C2D04FF0000A5CE04FF0010BCCE75FD2D4
:105690000F31101A0844C1B204F1140089F8001047
:1056A00010F80B0000F01F0008281CBF013189F81A
:1056B000001099F800100098B94288BF5846009031
:1056C00088BF0F4609F101091033BBF1000FDBD091
:1056D0004FF000094D4605AB5B5DBB4220D10199FF
:1056E000404604F049F8029082464046FFF7EEFB40
:1056F00000283AD106908346B4F9660107AA06A9A4
:10570000FFF7C9F840BBBBF1000F04D0029B5B451B
:1057100028BF5B469A46D1453CBF5FFA8AF900959F
:1057200008F11008B5B1009B002B06DB04EB031356
:1057300003F1160ABAF1000F03D104EB061606F1C5
:10574000160A2046FFF734FD50460FB0BDE8F08F33
:10575000014485E70125BEE7414607A804F00CF89F
:10576000584588BF9DF82CB0C6E74FF0400BCDE7F9
:1057700038B5054600242046FFF7F9FC044660B121
:1057800000222946FFF7DCFB002806DA0122294621
:105790002046FFF7D5FB0028EDDB204638BD2DE97C
:1057A000F34105466A4690F865010E4604F024FA76
:1057B00004462846FFF7F5FC002C1DDDA3B26A461F
:1057C0006E212846FFF761FB10F1860F044601D0D9
:1057D000002814DB05F1360800274FF0FF3431466E
:1057E000404603F0B3FF70B12846FFF7E1FC3C46AA
:1057F000204602B0BDE8F08114F1860FEAD02846B9
:10580000FFF7D6FCF4E7621C05D14046FFF752FBD8
:10581000002818BF3C460137032F08F11008DED1DD
:10582000631C05D12846FFF7C3FC6FF00B04DFE7CC
:1058300005EB04133146363306F1100251F8040B20
:1058400043F8040B9142F9D1D9E72DE9FF478A4685
:10585000044600B109B9FBF78FF990F865016A4673
:1058600004F0CAF9051E02DA15F1860F2FD1204681
:10587000FFF797FC002704F13608B9464FF0FF36D2
:10588000002D13DD4046FFF715FB78B994F865014C
:1058900002AA414604F0B0F9854207D12A4669467A
:1058A00002A80AF08DF908B909F1010940465146EC
:1058B00003F04CFF002818BF3E460137032F08F1C4
:1058C0001008DDD1002E05DA2046FFF771FC04B088
:1058D000BDE8F08715F1860F02D0B9F1000FBAD0FC
:1058E000B9F1010F05D1ABB26A466F212046FFF72F
:1058F000CCFA04EB061010220021363009F0ECF847
:10590000E2E70000000000002DE9F04F2DED028BD2
:105910000E468BB0044600B109B9FBF72DF99FED97
:10592000288B4B7B8DF815304FF08079CB89CDF8E3
:1059300010904FF0FF0A8DED028B8DF814A0ADF89A
:105940001630FFF72EFC04F1160504F1140804F1DB
:10595000360B01273146284603F0F8FEC0B100217E
:1059600088F800101022284609F0B6F810355D4579
:1059700008F10108EED11FB102A92046FFF765FF2B
:105980002046FFF715FC0BB0BDEC028BBDE8F08F95
:105990008DED068BCDF820908DF824A06A7B8DF8D4
:1059A0002520EA89019002A906A8ADF8262003F077
:1059B000CDFE019B002818BF1F46D7E7AFF300803C
:1059C000FF0200000000000070B50E460546FFF71C
:1059D000E8FB327833891B2A11D8062A11D9073AF5
:1059E000142A0ED8DFE802F01F0D293B0D474E0D9B
:1059F0000D0D550D0D0D0D0D0D0D0D0D6F00412AE9
:105A000052D0A8687268036831789C693389A047CE
:105A1000041E2BDD3378052B67D8012B26D92846A9
:105A2000FFF76CFA22E0012B01D0FBF7A5F87368B1
:105A30001B7885F86431012418E0102BF5D17288A9
:105A4000716802F0E00343F01003120A2846FFF7E2
:105A500003FD041E09DA14F1860F07D1D1E7102BDC
:105A6000E3D171682846FFF74FFF10242846FFF75F
:105A70009FFB204670BD102BD7D171682846FFF7D9
:105A80008EFEE6E7102BD0D171682846FFF7DDFEC9
:105A9000EBE77288022AB4D1022BC6D17268128851
:105AA000A5F8A0201C46E1E7012BBED17268D5F80D
:105AB000A4301278012A0CBF43F4807323F480735E
:105AC000C5F8A430B7E77268D5F8A410107801289B
:105AD000A8680CBF41F4803121F48031C5F8A410CE
:105AE00001688C691B21A047A5E7572BBED128462A
:105AF00000F051F9BAE7000070B5744B8568C5E94C
:105B000001302B6886B0DB68044628469847002899
:105B1000C0F28A80204604F07DFE01238DF810300B
:105B20002A681E215669284604AAB047012803D1D5
:105B30009DF81030012B02D0654808F03BFEA068AC
:105B400003680DF106025D6928210223A847022897
:105B500001D0FBF711F8BDF8063084F86531204616
:105B600000F019F92046FFF7C9F90023CDE9043305
:105B70004FF480730022ADF804300023CDE90223F6
:105B800094F86521D31E082BE3D8DFE803F0055114
:105B90000579935189930500D4F8A430D907D8D555
:105BA00094F8C030062BD4D1052AB4F8A03006D022
:105BB0000B2A40F2DC5239D1934203D9C9E7B3F53D
:105BC000A06FC6D1D4F8A430D90720D594F8C0204E
:105BD00002AB04F1B801204600F018F98630B8D0C5
:105BE000D4F8A430DA07B4D594F8650101A903F01C
:105BF000EDFF8630ADD0D4F8A430DB07A9D594F8FA
:105C0000650104AA02A903F0CBFF8630A1D0314D73
:105C100001232B70402384F864312046FDF79AFF5E
:105C20002B78002B95D0002006B070BD9342C8E7BA
:105C3000D4F8A430DB078CD594F8C030022B01D007
:105C4000082B86D1B4F8A030B3F5A06F81D1A0683D
:105C500003680DF103025D6919210123A84786300D
:105C60003FF477AF94F86531042BABD1A06803689B
:105C700004AA5D6903210823A8478630A2D168E7FA
:105C8000D4F8A430DE077FF564AF94F8C030012B60
:105C90007FF45FAFB4F8A0204FF6FF739A42EDE7B0
:105CA000D4F8A430DD077FF554AF94F8C030033B3F
:105CB000022B82E7D4F8A430D8073FF54AAF94F816
:105CC000C030002B3FF47EAF43E700BF65500000BB
:105CD000D20E01008817002013B590F86531043BFF
:105CE000012B13D8806803680DF106025C69052159
:105CF0000223A047022801D0FAF73EFFBDF8063084
:105D0000082B0CBF0320022002B010BD0220FBE7CD
:105D100030B41D46D0F8A430DB07044612D590F805
:105D2000650104280AD1022A08D1A06803685C69C9
:105D30002A46A446082330BC032160472B4630BCCA
:105D400003F0D4BE6FF0850030BC70471FB590F8EB
:105D50006531052B044616D0082B14D0042B18D11E
:105D60000823ADF8023000230193039305238DF837
:105D700004300DF1020302930223ADF80C304368A6
:105D800001A91B699847D4F8A43043F48053C4F8A0
:105D9000A43004B010BD37B50446806803685D695F
:105DA00094F86531043B072B22D8DFE803F0042187
:105DB00004210404210AD4F8A43043F48073C4F805
:105DC000A43002230DF106021121A847022801D0B8
:105DD000FAF7D2FE4FF4A063A4F8A030BDF8063065
:105DE000B3F5A06F28BF0023A4F8C23003B030BDC4
:105DF00002230DF106021121A8470028ACBFBDF80F
:105E000006304FF6FF73A4F8A030EFE710B4D0F8D7
:105E1000A440E40705D590F865015DF8044B03F054
:105E20007BBE6FF085005DF8044B70472DE9F041B3
:105E3000174603F108020A440E46002180461C461C
:105E400008464FF0FF3300F05BFC0546F0B14068B8
:105E50000022428082804FF4004206704470C2806B
:105E6000B8F1000F05D026B132464146083009F09E
:105E7000C5FA5FB154B168684378A34206D103788C
:105E8000083322463946184409F0B8FA2846BDE8D6
:105E9000F081002100F0F2BAF0B5866891B0758CFF
:105EA000738AADF8183005F028050C4681B391F9D6
:105EB0001030013349D149680B79DF0654BF45F0F2
:105EC000010545F011053F2B9BBF0B7891F801C0F0
:105ED0001F4B083394BF5B184FF0020C2A071CD5E8
:105EE00006F116010822B07F471CB777CDE90350B1
:105EF0000AAFBDF81800ADF80800ADF80400CDF801
:105F000000C0384602F0C6FF80B92046FFF7C1FF47
:105F10006FF01505284611B0F0BD0A780AB10831B6
:105F2000E1E790F8C02000F1B801DCE72368CDE993
:105F300007373368C0B209901B6807A930469847F5
:105F400005462046FFF7A5FFE4E76FF04C05E1E7C3
:105F5000E82901002DE9F04F866833689C6800232A
:105F600087B005461A4619463046A047022807461C
:105F700040F3A980002302461946184600F0C0FBF2
:105F80003368044650B99D68014603463A46304698
:105F9000A8470024204607B0BDE8F08FD3F808805A
:105FA00041683A4601AB3046C047071E03DC204635
:105FB000FFF76FFFEDE7D5F8A430D9031DD5002317
:105FC0001A4619461846FFF731FF0028EFD04368FC
:105FD0009DF806205A71BDF80420DA800DB1B5F99C
:105FE00066515D8023461A461B68002BFBD110606A
:105FF0003946204600F02AFCCCE7606802F0D2FF68
:10600000D4F804B081460028D1D08742CFD36A4665
:1060100004A9584603F047F86A46824602A9584642
:1060200002F0F3FFBAF1000FC1DB0028BFDDC1B2FF
:106030005FFA8AF304AA02A8FFF7F8FE8046002858
:10604000B5D0BAF1020F43680AD19DF810209DF82F
:1060500011100A40FF2A02BF1A7962F07F021A71FA
:106060009BF80020D20642BF1A7942F010021A7142
:106070009DF806205A71BDF80420DA800DB1B5F9FB
:1060800066515D80336804F110025D6919210123B6
:106090003046A84749460022204600F06FFB0146E3
:1060A00020B92046FFF7F5FE404681E78368204689
:1060B000FF1A00F00DFA23461A461B68002BFBD18D
:1060C000C2F8008094E700287FF763AF33689C68CC
:1060D0000023024619463046A0475AE71FB5054C33
:1060E0000294079C0194069C0094FFF707F804B003
:1060F00010BD00BFC829010013B50C4C0823A381B3
:1061000005F010FA204604F071FB04F1280005F0B8
:1061100039FB074B00930749019402234FF4607247
:106120000548FFF7DBFF02B010BD00BFB417002029
:10613000FE0E01008C19002024180020FFF7DCBFA0
:1061400038B5012105460B48FAF772FA0A4A0023CE
:1061500052F83300D90038B9084C0C446560054842
:10616000FAF79CFA204638BD0133102BF0D10024F9
:10617000F5E700BF8C1D0020101D00200C1D002025
:1061800010B5044608460CB9FAF7F6FC0029FBD016
:10619000FFF7D6FF70B100230360D4F8C83033B1E5
:1061A0001A461B68002BFBD11060002010BDC4F8FC
:1061B000C800FAE74FF0FF30F8E7000013B508B960
:1061C000FAF7DAFC41F23323A0F8CE30EFF3108473
:1061D00072B6B0F96631009300F1D40100F1CC033E
:1061E000044841F28832006807F076FF84F3108893
:1061F00002B010BD742D010010B5044608460CB95C
:10620000FAF7BAFC0029FBD0FFF79AFF30B1D4F8B7
:10621000C8300360C4F8C800002010BD4FF0FF3044
:10622000FBE70121FAF704BA70B50B4D0B4E0C4C8D
:106230000948FFF7F6FF336823B9BDE87040084806
:10624000FFF7EFBF2846FAF729FA2046FFF7E9FFE4
:106250002046FAF723FAEBE7981D0020941D002052
:10626000901D002070B504460E480D461646FFF7F7
:10627000D8FF0D4B1B680BB9FAF77EFC0948FAF7FB
:106280000DFA64B9EBB2042B01D9204670BD074B5F
:1062900053F82540002CF8D06368B342F5D0246849
:1062A000F8E700BF981D0020941D00209C1D0020D1
:1062B00010B5094C0948FFF7B4FF236813B9084823
:1062C000FFF7AFFF236805485A1C1CBF013323604A
:1062D000BDE81040FAF7E2B9941D0020981D002097
:1062E000901D002008B50A48FFF79BFF094A136874
:1062F0000BB9FAF741FC591C05D0013B136013B9E7
:106300000548FAF7CBF9BDE808400148FAF7C6B9E5
:10631000981D0020941D0020901D002070B50B7A60
:1063200006460D4653B9B1F90C104A1E92B21F2A07
:106330009CBF134B53F821305B6A2BB1F3B2042B93
:1063400007D96FF0150015E00E4809F077FCFAF751
:1063500013FCFFF769FF0C4B53F82620144654B981
:106360002A600A4843F82650FAF798F90848FAF7DD
:1063700095F9204670BDAC42E9D02468EFE700BF34
:1063800030050020080F01009C1D0020901D0020FA
:10639000981D0020C3B2042B37B505460C4618D80B
:1063A000FFF742FF174A52F82530A34213D1236862
:1063B00042F825301448FAF771F91448FAF76EF9E3
:1063C000237A012B05D1E06800226946F9F728FFFE
:1063D00050B903B030BD1A461B68002BEAD0A34267
:1063E000F9D123681360E5E7BDF802306FF400725D
:1063F00013449BB2012BE6D80198092100F03EF826
:10640000E1E700BF9C1D0020901D0020981D00208A
:106410000A4601460020FFF725BF70B505460E4627
:10642000FFF746FF0020044632462946FFF71AFFD1
:1064300018B9FFF757FF204670BD0134F4E718B1D3
:1064400042680021FFF70EBF704761B190F910302C
:10645000032B04D0042B04D06FF001007047FBF72E
:1064600034BF02F0C9BC6FF01500704718B190F945
:1064700010308B4200D170470068F7E738B5012132
:1064800004461248FAF7D4F824B9BDE838400F485A
:10649000FAF704B9204600F0BDF808B9FAF76CFB2A
:1064A000E368002BFAD0012B25680BD10023D4E937
:1064B0000101E36000F0BCF81421204600F0B8F8B8
:1064C0002C46E1E7013BE360FAE700BFB01D002086
:1064D00003468B4210B5084606D10C6800210160C6
:1064E000FFF7CCFF204610BD31B11A4622B111682A
:1064F000884203D1016811601C46EFE70A46F5E7C0
:1065000070B5866804460346002173B98E420AD0EE
:10651000204600F09BF938B9256855B9206829460E
:10652000FFF7ACFF2560002070BD9A681B6811441E
:10653000EBE76068D5E90112304408F05FFFAB6813
:106540002D681E44E9E7000070B5184C0346073378
:10655000206823F00703002188B142689A420FD3D4
:10656000D21A072A124E03440FD8026859B9226082
:10657000104A9B1B11889BB2994238BF138070BD93
:1065800001460068E8E70A60F2E79D1B0835B5F5AB
:10659000C05F05D9002121600168C3E90012E7E767
:1065A00009B92360F8E70B60F6E700BFB81D0020CB
:1065B000C01D0020B41D002010B5094C012120464B
:1065C000FAF736F8074A084B136000214FF4C0521F
:1065D0002046BDE81040C3E90012FAF75FB800BFDB
:1065E000B01D0020B81D0020C01D002038B5044695
:1065F0000D4607480121FAF71BF824B9BDE83840D9
:106600000348FAF74BB8E3682B44E3602468F4E7E7
:10661000B01D0020054B834206D803F5C0538342CA
:1066200094BF00200120704700207047C01D00204B
:1066300070B51D4D02462C68FFF7ECFF10BB70BD16
:10664000234624680CB19442FAD3073121F00701A4
:1066500016485618801B072898BF0918C2E9004140
:1066600093B92A6013461A68002AE8D05968194479
:10667000511A0729E3D811681960D11A52680A44DF
:106680005A60DCE70023DDE759681A601944511AA3
:106690000729E7D80AB9FAF76FFA11681960D11A11
:1066A00052680A445A60DEE7B81D0020C035002059
:1066B0002DE9F843814614200F4615469846FFF70A
:1066C00043FF044648B1CDB12846FFF73DFF0646DB
:1066D00038B914212046FFF7ABFF00242046BDE85F
:1066E000F8831FB12A46394608F088FE0123C4E921
:1066F0000096A56084F81080E360EFE72E46F5E78A
:10670000B2F5C05FF8B505460E4614461F460FD8D1
:1067100001210848F9F78CFF22463B4631462846BE
:10672000FFF7C6FF04460348F9F7B8FF2046F8BD57
:106730000024FBE7B01D002038B5012104460E48B7
:10674000F9F776FF1CB90C48F9F7A8FF12E0E368E7
:10675000012BF8D9D4E9011294F910302068FFF721
:10676000A7FF054610B1E368013BE3600248F9F773
:1067700095FF2C46204638BDB01D00202DE9F8437A
:106780000D460446012130489146F9F751FF35B1D5
:106790002CB1D4F80880A84501D3636833B92A48DE
:1067A000F9F77CFF00263046BDE8F8831420FFF798
:1067B000CBFE06460028F2D0A8453DD0EB1D23F0C5
:1067C00007039D423CD22846FFF7BEFE074620B98C
:1067D00014213046FFF72CFFE1E7A8EB0500FFF797
:1067E000B3FE804630B914213046FFF721FF294619
:1067F0003846EFE761682A46384608F0FFFDD4E9DD
:10680000011240462944521B08F0F8FDD4E9010169
:10681000FFF70EFFA368C4F804805B1BA360236826
:106820000948B560C6E90037012386F81090F36087
:106830002660F9F733FFB6E767684FF00008E9E72D
:10684000676807EB0508E5E7B01D0020F8B50446CA
:106850000D4625480121F9F7EBFE0CB9FAF78CF942
:10686000D4E901261EB9002AF8D14DB117E0002A5B
:10687000F4D01046FFF7CEFE0028EFD0AE4204D190
:106880001948F9F70BFF002012E035B931461046E0
:10689000FFF7CEFE6560A560F2E7AE4217D228464C
:1068A000FFF752FE074620B90F48F9F7F7FE0C2014
:1068B000F8BD616829B1AE42324628BF2A4608F0C9
:1068C0009DFDD4E90101FFF7B3FE6760E3E7E81D32
:1068D000F31D20F0070023F007039842DBD2311AA2
:1068E0001044FFF7A5FED6E7B01D00200021FFF7FA
:1068F000C5BD00001FB50A4CB4F9000000280CDC2F
:10690000084B094A0293002300920848019303228E
:106910004FF47071FAF720F8208004B010BD00BF6A
:10692000C03900205F0F0100016A0000003600201E
:1069300010B503460446064940F201220220FEF744
:106940003BFA20B92046BDE81040FFF7CFBF10BD8D
:106950000000FFFF10B590F910300133044601D05C
:10696000FAF70AF94368B3F90200FEF70FFC40F2A8
:106970000222B0F966012146FEF713FA002804DC72
:106980002046BDE81040FFF7B1BF10BD2DE9F04132
:1069900088461F46044608B9FAF7EEF8002AFBD0ED
:1069A000066800235EB9B2F8C2200AB19A420AD33F
:1069B0003A4620460021BDE8F041FFF7CBBFB16861
:1069C00036680B44EEE7B8F5006F17D200F0E8FA2E
:1069D000054628B90C212046BDE8F041FFF74EBD21
:1069E0000460A0F8048000F0E3FA2E81E8803A46C3
:1069F00029462046BDE8F04100F0E5B97A21EAE7F2
:106A000080B5102288B00DEB0200002108F064F878
:106A1000604B0593604B61481B88ADF81C30082122
:106A2000F9F7F6FD04A90120FFF778FC40F20523F1
:106A3000ADF80A3040F202266FF085076846F9F794
:106A4000DAFDBDF80230B3F5017F1DD8B34200F284
:106A5000958040F20122934221D0B342EED1019DB4
:106A60001DB3AB68072B20D92B68F3B193F9103015
:106A7000022B1AD12846FFF75FFE0446A8B14368EF
:106A8000002B4CD1FAF778F840F2252293427BD0C4
:106A900040F226229342D1D100F0CCFACEE7019DFC
:106AA0002846FFF749FE044618B92846FFF71EFF9F
:106AB000C4E70121FFF7DAFC08B182680AB9204671
:106AC000F4E743681B78412B15D1FFF735FE0546E7
:106AD0000028F4D001221146FFF750FE014600289D
:106AE000EDD02046FFF7F4FC022300222B74114660
:106AF000FFF71EFFA2E703F0D802C02A09D003F077
:106B0000E003602BDBD100221146204601F0A4F9FE
:106B100094E700221146204600F019FA8EE7B3F9F7
:106B20000200FEF733FB256880464FF0000965B987
:106B3000B8F1000FC3D0D8F8A430DB0509D52A4638
:106B40002946204601F08FFB78E7AB682D68994411
:106B5000EDE701231A4629462846FFF7D1FD002814
:106B6000ADD0236803604368206041221A70494613
:106B70002B4642462046FFF709FF5FE702A9684619
:106B80000397F9F70FFD59E700220199104600F02D
:106B90001AF953E70000FFFFB4050020C0350020BC
:106BA00008B5084B18684369013306D007F00BF9A4
:106BB0004EF66023B0FBF3F008BD83685B6898472E
:106BC000F6E700BF702D010038B50C4C142303FB11
:106BD00000440546638A23B9637C23F01003637481
:106BE00038BDFFF7DDFF064B53F82530834202D84E
:106BF00000236382F0E71B1A6382F1E7083A002062
:106C0000C83900202DE9F041012180461048114C7F
:106C1000F9F70EFD00252F462E46F0B2FFF7D4FF00
:106C2000237C53B14146204602F0A6FD237C8342DB
:106C300003D8A84284BF274605460136102E04F12A
:106C40001404EAD10248F9F729FD3846BDE8F0817D
:106C5000C4390020083A00200F2838B5044616D859
:106C600001210C480C4DF9F7E3FC2046FFF7ACFF7F
:106C7000142303FB045307481B7C33B104EB840447
:106C8000F9F70CFD05EB840038BDF9F707FD00208E
:106C9000FAE700BFC4390020083A00202DE9F84384
:106CA0000F289DF820500646884614461F4639D8BE
:106CB000AAB301211C48F9F7BBFC1C4B002F4FF075
:106CC000140909FB063908BF0025802C28BF802441
:106CD00089F810406D4206EB860403EB840405F04E
:106CE0001005414635432046A9F8127089F8115025
:106CF00002F02CFD014648B91022204607F0ECFEB8
:106D000099F810204146204602F055FDFFF748FF54
:106D1000074B0744044843F82670F9F7BFFC2046A8
:106D2000BDE8F8830024FAE7C4390020083A0020BF
:106D3000C83900202DE9F04180460D4616461C4614
:106D40000DB1B44202D32046BDE8F081AB6869685A
:106D5000371B9F4228BF1F4608EB0400BAB23C44D1
:106D600008F04CFBA4B22D68EAE7F8B50E460178AE
:106D7000934228BF134601F10802024405461F460C
:106D8000083010F8073CFFF751F8044678B1426824
:106D90002B6813606B6853600021084601233A4654
:106DA000FFF7AEFC014628B92046FFF767FB002439
:106DB0002046F8BDB38842685BBA1380F3885BBA9B
:106DC00053802060F4E72DE9F74F0C4609B9F9F735
:106DD000D3FE0A6813680027002B51D1824201D0EC
:106DE0000028F4D15368002BF1D0B3F90200FEF76C
:106DF000CDF92589D4F800B0002D45D1A38890F8AD
:106E0000C260DBF80400DB1B06FA83F6043E26F0C2
:106E10000706F61AB6B23A46331D2146FFF7A5FF1C
:106E20000746002800F08A8003687A68586803786B
:106E300063F03F0300F8043B137943F01003137130
:106E4000DBF8001032462B46FFF774FF2A46064651
:106E500029463846FFF77EFD002E6FD02389019426
:106E60001E44268140F225236846ADF80230F9F72A
:106E700029FB002862D003B0BDE8F04FF9F72EBD22
:106E800099681B680F44A7E7BD4257D2B0F8C2907B
:106E9000DBF80400A9F1050929F007091FFA89F9AF
:106EA00009F10503C5F105029BB23A442146FFF7FB
:106EB0005CFF8046002841D003685A689246002152
:106EC0001AF8053B63F01F031370A388DB1B2B44E8
:106ED000DB101371DBF8006076B38D4201D1002323
:106EE00014E0B368CA1892B2954222D2691A89B2E4
:106EF0005B1A4B4528BF4B469B4673685A4619445C
:106F0000504608F07BFA36681FFA8BF34A46314642
:106F10005046FFF70FFF0544AF4281BFD8F8042069
:106F2000137943F0100313710022064611464046C0
:106F300090E736681146CFE73346E7E7206800213F
:106F4000FFF79CFA0023236003B0BDE8F08F43688D
:106F500019782DE9F04101F0F8010668C029D6F84A
:106F600004800446174619D0E02912D11D79ED009E
:106F700001213046FFF73AFB3B462A462146404670
:106F800000F00EFA10B1414600F024FA002130461C
:106F900000E00021BDE8F041FFF770BA0025E7E707
:106FA00002480368002B18BF002070474C3B0020AC
:106FB000024B1888013080B218807047483B00208F
:106FC0004269013201D006F0FEBE83685B68184753
:106FD0000021FFF753BA000007B5074B07481B888D
:106FE000074A084900681BB20093074B07F074F882
:106FF00003B05DF804FB00BFB4050020742D010050
:10700000C0C62D00583B0020340400200022036835
:107010000BB9038370471968C3E900220160F6E7E2
:1070200010B508B9F9F7A8FDFFF7F0FF00230362D8
:1070300010BD0000F8B50C4B0C4C18680C4FFFF756
:10704000BFFF04250646206A40B1E369F31ABB423C
:1070500004D9FFF7BDFF2046FFF7E2FF013D04F131
:107060002404F0D1F8BD00BF742D0100683B00205E
:10707000C0C62D002DE9F04F16468BB0024609938D
:1070800012F8083B05920833C31804934B681A782A
:1070900002F0F802C02A04460D4602D14EB1F9F7BB
:1070A0006BFDE02AFBD11A79B6EBC20FF7D15A1D5E
:1070B00000E01A1D0092AA68002E76D1032A08D893
:1070C0002846FFF785FF4FF0FF3420460BB0BDE8A0
:1070D000F08F00990978412969D0A2F1040BBBF126
:1070E000000FEDD01A8852BAC2F30A0203925B88ED
:1070F0005BBAADF81E309BB20893FFF79BFF237875
:10710000019363780293A14BA14C1868FFF758FFD5
:107110004FF0000806904746C246236AA146002B5E
:1071200000F0CD80E38A089A934240F0CB80238B15
:10713000039A9A4240F0C680237D019A9A4240F019
:10714000C180637D029A9A4240F0BC80019A059901
:10715000201D08F035FD002840F0B480029A049903
:1071600004F10C0008F02CFD002840F0AB80884BA7
:10717000242202FB0A33069ADA61FFF72DFF5446F8
:10718000DFF80CC22420604300EB0C0706EB0B0376
:107190003A8B934210D9386AFFF71AFF2846FFF757
:1071A00017FF3846FFF73CFF8DE7042A88D9A2F184
:1071B000050B94E7C846B0E7B1B25CF800804A1E00
:1071C0005A44434692B25BBB4A1E12FA8BF292B209
:1071D000DFF8C49101921FFA8BFA39F833204FEA95
:1071E000C30E7ABBDFF8B491019ACE444CF800E0AC
:1071F000AEF80410AEF8062049F833807B8BDFF838
:10720000908153447B837EB3242303FB048800993D
:10721000D8F8203058685A46304408F0EFF81FE09C
:10722000B3F804E0724509D3B3F80690494505D890
:10723000714540F09F804A4540F09C8076450FD0D4
:107240001B68C0E70133342BC7D1242303FB04C3DD
:107250004FF0FF34186AFFF7BBFE3846FFF7E0FE39
:107260002846FFF7B5FE30E7009B1B7803F0E002ED
:10727000602A1ED16B681B7803F0D803C02B04D0A2
:10728000242303FB0483186A86E70122042128468D
:10729000FFF774FA0028F3D032463946284600F04A
:1072A000DBFD242303FB04831B6A002B7FF40DAF5B
:1072B00009E7412B02BF009B01330093A4E7002F95
:1072C00008BF2746B8F1000F09D0E269D8F81C3092
:1072D0009B1A6FF00042934234BFA146C1460AF1A7
:1072E000010ABAF1040F04F124047FF463AF57B923
:1072F000D9F8200000283FF4D2AEFFF769FE4846D7
:10730000FFF78EFE4F46099B039AB3FA83F30021E1
:107310005B095B000846FFF7F3F9386200283FF489
:10732000CFAE436813B100221A605A60039B3B83BF
:10733000069BFB61019A0599381D08F05FF8029AD7
:10734000049907F10C0008F059F8019B3B75029B6A
:107350007B75BDF81E30FB8200237B83FFF73CFE6C
:107360000B4B0C4AFB1A9C10002B02FB04F4BFF6DB
:1073700007AFA5E6242303FB04C36FF00104186ADA
:10738000FFF726FE3846FFF74BFE9EE6742D010000
:10739000683B0020398EE338FE3B0020F83B00209C
:1073A000F8B51F4604460D461646FFF763FE831CDC
:1073B00005D13B46324629462046FFF75BFE0028B2
:1073C000A3BF034B242202FB00300020F8BD00BF06
:1073D000683B002038B50D46044608B9F9F7CCFBE8
:1073E0000029FBD0428B038B9A422ED1437D017D35
:1073F00000F10C020430FEF719FD40B9206AFFF7D6
:10740000E7FD2046FFF70CFE4FF0FF3038BD436824
:10741000B5F902205A802A791A716A795A71B5F938
:107420000620DA80226A32B1134619461B68002B07
:10743000FBD108601046002220621146FFF778FA5F
:107440002046FFF7EDFD0120E0E70020DEE7000029
:107450003C280ED8282805D868B1112814BF002070
:1074600001207047054B2938C0B2C34003F001002A
:1074700070478728F2E70120704700BF0D00080021
:10748000024A136803605368436070471A2A010078
:1074900008B508B9F9F770FBBDE80840B0F902007B
:1074A000FDF774BE1022002107F016BB0021FEF785
:1074B000E5BF70B505460E46144622B11046FFF7EB
:1074C000A5FD002323623046FFF7F0FF2846BDE804
:1074D0007040FFF7EBBF000010B50A4908220446D0
:1074E00008F06EFB48B12378FF2B08D1607800F0DC
:1074F0000F00831E5842584110BD0120FCE70020B8
:10750000FAE700BF1A2A01002DE9F34188461A491B
:1075100003460868496815466A4603C2184623B3FD
:107520005E7C16F0100625D11C7C802C20D0402CCF
:1075300020D9E708F91F781CC7F10F0229444044FD
:1075400008F03EFBB0B93D4418F8072015F8083C98
:1075500004F00704534004F108020DEB020414F890
:10756000082C13420CBF0120002002B0BDE8F081BE
:107570000120FAE70020F8E7630F010010B5044688
:10758000084611468368934203D90022FFF7F6F8B4
:1075900020B101462046FEF79BFF012010BD0000F0
:1075A0002DE9F04F8B4687B01D4692460AB9F9F790
:1075B000E3FA0368002B00F00C815E68BE4960238B
:1075C0002B7006F1080700236B701022384608F074
:1075D000F7FA002840F091804FF00009337EFF2B2E
:1075E00000F0158206F118042046FFF70BFB8046D9
:1075F000002800F00C82437CDB0640F10882214623
:1076000002F0BAF83F2840F20282B9F1000F40F0D0
:10761000038298F81130180700F009826B7863F044
:107620007F036B700023AB7003243368727830786B
:1076300023F4704323F0FF0311090201002B7AD1D8
:107640000A43D2B22B78002A69D143F018032B7079
:10765000B2791046FFF7FCFE002800F094802B78EA
:1076600043F004032B70F379402B00F09080FF2B44
:1076700000F09180012B40F092802B7843F00103C1
:107680002B708D491022384608F09AFA002840F0F5
:107690008A806B7843F040036B70337EFF2B40F0A1
:1076A00053816B7843F008026A70728B2F19002A9D
:1076B00040F01A81F269002A40F01681328C002ACB
:1076C00040F01281727E022A40F0DD80326A002A88
:1076D00040F0D980B28C002A40F0D58096F8262060
:1076E000002A40F0D08043F00B036B7096F82730EF
:1076F0003B700134A4B220466CE03846FFF782FAB2
:10770000814600283FF468AF437CDA067FF564AF1A
:10771000394602F031F83F287FF65EAF5EE743F06E
:1077200010032B70337871781B01621C43EA11132C
:107730002B5594B28CE702F03000631C08439BB2D7
:1077400018D12A7842F008022A7032683178C2F3E0
:107750000322891042EA81122A55326812BAC2F312
:107760000B22EA549C1C326801339BB212BAEA54D1
:10777000A4B26DE70A432A5532680234C2F30322E9
:10778000EA54A3B2E9E7631C2A559CB26BE72B7855
:1077900043F0020374E72B7843F0030370E7621CA5
:1077A0002B5594B26DE7B9F1000F16D13846FFF7AB
:1077B00093FE00285CD0002200235046CDE902232E
:1077C000FDF7EFFCDAF8A430DA0713D45046FDF7E2
:1077D000EFFC002007B0BDE8F08F6B7843F040036A
:1077E0006B7099F8112011071EBFAB7843EA0213A2
:1077F000AB70E0E79AF8C02002AB0AF1B80150463E
:10780000FEF704FB0028E1DB5046FDF7D1FC3369AD
:107810000093DDE90213726900989A4208BF88421A
:107820006B7807D002AA394648460193FFF76CFEF1
:10783000019B10B143F030032EE70099B1F17F4F67
:1078400005EB040224B20AD1B18AFE2907D143F024
:1078500020036B70F38A13800234A4B21DE743F057
:1078600010036B7033691360736953600834F4E775
:107870002B1907F1100257F8041B43F8041B974219
:10788000F9D11034E9E7718C22B2B9B996F8241015
:10789000A1B943F00A036B70737E3B700134A3B24D
:1078A000B6F82510E95215FA84F496F82730A3703B
:1078B000043294B21FE700BF3A2A010096F8221062
:1078C000002940F0988043F009036B70737E3B7091
:1078D0000134A3B2D6F82310E95015FA84F496F8CF
:1078E000273023710632E4E7B38BADF80830F38B11
:1078F000ADF80A30338CADF80C3002A8738CADF8BB
:107900000E30FFF77FF9002875D0437CDB0672D577
:10791000027CF37E9A426ED16B7843F004036B7065
:10792000437C13F00F031EBFAA781343AB70737E22
:107930003B70631C9BB2B27EEA54A31C9BB2726A7A
:10794000EA500634A4B2D6E6B8F1000F05D106F12C
:107950001800FFF7C1FD00284DD09BF80130002B27
:1079600049D0B8F1000F0BD06B7843F004036B7073
:1079700098F8113013F00F031EBFAA781343AB70B1
:107980009BF800109BF80120083102AB5944504687
:10799000FEF73CFA0028FFF61CAFDDE90213D6F82B
:1079A0002090726A6F789A4208BF894506D002AA71
:1079B00006F118014046FFF7A7FD18B147F003078D
:1079C0006F7098E6B9F17F4F05EB040324B209D13B
:1079D000B28CFE2A06D147F002076F70F28C1A8033
:1079E0000234AFE747F001076F70326A1A60726ABB
:1079F0005A600834A6E706F118032544283653F8E0
:107A0000042B45F8042BB342F9D110349AE7B9F1AD
:107A1000000F0AD04FF0000899F811301C077FF4CE
:107A2000FDADB8F1000F7FF4F4AD4FF00008022473
:107A3000FBE500BF2DE9F84390F901301446002B17
:107A4000064688464FF027024FF0000104F101007E
:107A5000B4BF0325022507F03FF860232370337875
:107A600003F01803082B3DD0102B4CD09BB9735D4D
:107A70001A091B01711942F06002DBB263702270B7
:107A80004A7802F00F02134363708A78A270EB1CED
:107A90000435F35CE37033785F075CBF735DA371FB
:107AA000337803F0030358BF0135022B34D0032B86
:107AB00034D0012B01D0735D0135E371777817F075
:107AC00040032DD038064ABFB0780020000917F0D7
:107AD000300726D0FFF7C0F8074610BB0025284620
:107AE000BDE8F883735D9B099B0043F0600323703E
:107AF000735D721903F00F0363705278A270AB1CB0
:107B00000335F35CC6E7735D1A0942F060021B019E
:107B1000227063700135BEE74023CEE7FF23CCE738
:107B20001F464046FFF7B4FC737803F07003402B08
:107B300081467CD048D8202B57D00FD8711904F13A
:107B40000800002B49D10B4601F1100253F8041B29
:107B500040F8041B9342F9D1103501E0302B57D087
:107B6000737859070DD51A064ABFB078002000F087
:107B70000F0013F00B0F04D0FFF76EF80746002834
:107B8000ACD0737803F00F030C2BA8D801A252F8E5
:107B900023F000BFA37C0000BB7C0000D17C000070
:107BA000037D0000DF7A0000297D0000477D000092
:107BB000817D0000A37C0000B17D0000D57D000028
:107BC000F97D0000137E0000602B41D0702B55D052
:107BD000502BC5D187BBF8F7CFFFFFF751FC735986
:107BE00023614B6863610835BAE704F10800FFF7C9
:107BF00047FC4FF0FF320023E2746FF00102237460
:107C00006374A37422756375735BE3820235A7E71F
:107C1000414604F1100311F8082BFEF7F7F800288D
:107C2000FFF65CAF04F10800FFF72AFC98E704F1C7
:107C30000800FFF737FC93E773592361721939463F
:107C4000536863613A7C04F1080001F0B4FDCAE7AF
:107C5000002FC0D04FF0FF320023E2746FF001021A
:107C600023746374A37422756375735BE3823A7C37
:107C7000394604F1080001F09EFDC7E7002FAAD0A5
:107C8000414604F1100311F8082BFEF7BFF8002855
:107C9000FFF624AF3A7C394604F1080001F08BFD71
:107CA0005EE72E44183406F1100356F8042B44F80E
:107CB000042B9E42F9D1103511E704F11800FFF7AB
:107CC000DFFB73592362721953686362083506E754
:107CD00004F11800FFF7D4FB4FF0FF32002384F8C3
:107CE00023206FF0010284F8203084F8213084F8DA
:107CF000223084F8242084F82530735BE384023535
:107D0000EDE698F8001098F80120083104F12003FE
:107D100041444846FEF77AF80028FFF6DFAE04F14A
:107D20001800FFF7ADFBDAE6002F3FF454AF7359AC
:107D3000236272193946536863623A7C04F1180071
:107D400001F039FDC2E74FF0FF32002384F8232011
:107D50006FF0010284F8203084F8213084F822305A
:107D600084F8242084F82530735BE384002F3FF4EB
:107D700032AF3A7C394604F1180001F01CFDBEE731
:107D800098F8001098F80120083104F120034144CC
:107D90004846FEF73BF80028FFF6A0AE002F3FF460
:107DA0001AAF3A7C394604F1180001F004FD96E65A
:107DB00004F11800FFF776FBFF232376735D6376EB
:107DC0006B1CF218F358C4F82330137984F8273069
:107DD000063584E604F11800FFF764FBFF232376E1
:107DE000735D63766B1CF218F35AA4F82530937810
:107DF00084F82730043572E604F11800FFF752FBCF
:107E0000FF23237602236376735D84F827300135E0
:107E100065E6002F3FF4DFAE04F1180097F81080FC
:107E2000FFF740FB3B7C402B84BF40233B74FF2388
:107E30002376735D63762E4439467378A3763A7C55
:107E4000E27604F11C0001F0B6FC7368636206354B
:107E500087F8108043E600BF2DE9F04F89B00F4648
:107E60000592064608B9F8F787FE436804938368CD
:107E7000012B0BD821B10846FFF7C8F800233B625D
:107E8000304609B0BDE8F04FFFF710BB91B10D6A65
:107E9000002DE8D0AB68272B17D828212846FEF7FD
:107EA000D5FC78B13A462946304609B0BDE8F04FD6
:107EB000FFF7FFBA022328220846FEF721FC0546F9
:107EC0000028DDD0AB68272BCDD94FF0FF313046ED
:107ED000FEF7CCFA01900028C5D04068FFF7D8FA29
:107EE000019B6A6859680498FFF7A4FD834600283F
:107EF000D8D0B3688342D5D3049B1B785A0740F18E
:107F00008281062303932824049B13F80B3003F08B
:107F1000F803E82B04D0F02B00F0E980E02B18D117
:107F20007368029313F80B304FF0010803F00E0949
:107F300008FA09F840F2551218EA020831D1B9F1ED
:107F40000E0F00F08580B3685B45ABD3039B002B1D
:107F5000DAD1B168002F00F05881B7F81880AB680B
:107F60002144A1EB0B01A8F128088B421FFA88F8E5
:107F700098D3B268686898FA98F89345A0F8048096
:107F800006D27168A2EB0B025944204407F036FA7E
:107F9000002F00F04C817B8B1C44A4EB0B047C83F2
:107FA0006EE7029AA96813F0010308BF5A440BF167
:107FB00001080CBF927812F8082004F1020A9244DA
:107FC00051450BD369680819B9F1080F10D8DFE8DB
:107FD00009F0190F390F170F330F36005146284695
:107FE000CDE90632FEF732FCDDE906320028E9D0A1
:107FF000A2464FF0000B5446BBF1000FA3D151E74E
:108000004FF02C09039C01F80490F3B9029911F880
:10801000081001700BF1020802990393931F08F1F5
:108020000108DB08437041440230069207F0E6F98C
:10803000069A02EB080BDEE74FF03C09E2E74FF04F
:108040008709DFE74FF02B09DCE76B68C31AE3E72A
:108050004FF0FF313046FEF709FA024600283FF4A0
:1080600021AFAB6804F1280A53450BF1010B2ED365
:108070006B685168069103EB0409029B08465B4458
:108080000793FFF705FADDE906134A461846FFF79E
:10809000D1FC00283FF406AF6B68039929225A549B
:1080A000029B13F80B305B0742BF6B6809F10608AF
:1080B000A8EB03088344A4B297B13B8B283B1B1B5E
:1080C0009CB264BAA9F80440CDF80C8093E70690FE
:1080D00051462846FEF7BAFB069A0028C8D0E1E6CA
:1080E000B368283B1C44A4EB0B04A4B2E9E7AB68DB
:1080F000D6F8048004F108018B4218F80B900BF1BC
:10810000010A22D3686818F80AE009F0030CBCF1F0
:10811000020F00EB04030BF102024FD0BCF1030F7E
:108120005BD0BCF1010F18D083F800E018F80220F2
:108130005A7008EB0B0C9CF803209A709CF804C052
:108140000BF1050283F803C017E028460291FEF701
:108150007DFB02990028D5D0A4E683F800E018F84A
:1081600002205A700BF10402C3449BF803C0ACF523
:10817000805C9CFA9CFCA3F802C019F0040F7FF409
:1081800091AE18F802C083F806C0904402F1020BC9
:1081900098F80120DA718FB33A8B121B92B252BA5F
:1081A0009A80039A11238354BBF1000F3FF47AAEF7
:1081B000B3685B45FFF476AE0C46CAE6AEF5805E6A
:1081C0009EFA9EFE20F804E018F802209A700BF147
:1081D0000402C3449BF803C0B4E74FEA1E1C0EF030
:1081E0000F0EACF5756CAEF5756E9CFA9CFC9EFAA4
:1081F0009EFEA3F800C0A3F802E0BEE7B268083212
:10820000A2EB0B02CAE72824A3E628392144A1EBFC
:108210000B011FFA81F8284614FA81F1FEF716FBCC
:1082200000283FF4A6AE2846FFF740F928E6019B58
:10823000B3420CD11E6829460B4609680029FBD1C0
:10824000019A1A602846059AFEF772FB18E6334633
:1082500001991A461B68994202D10B681360EAE73C
:10826000002BF5D1E7E72DE9F04F87B004464068D1
:108270000392FFF70DF90090206800230546019353
:1082800025B96368029324BBF8F776FCAB68019AC2
:108290002D681A440192F3E7CDB923609A681868F3
:1082A00016441D46C0B1027C90F91030042A13D840
:1082B00027FA03F3DB070FD5FEF73EFA0346002843
:1082C000EAD1204607B0BDE8F04FFFF7EFB82B60CA
:1082D000E4E72E461527E5E7002ED5D0012300213F
:1082E000F2180846FEF70CFA80460028E9D0D0F8CC
:1082F00004A0009A029953462046FFF751F985B22F
:108300001DB94046FFF7D2F8DBE723685B689B792D
:1083100004931846FFF79CF8049BB0B929464046E1
:10832000FEF794FA21682046FEF7D2F80268C8F8F2
:108330000020C0F800800028C3D0DDE90021039BA5
:1083400007B0BDE8F04FFEF721BB22681768002F89
:10835000D7D0292B00F0928006D86BB1112B30D0EA
:10836000FF264FF00009EBE03C2B05D026D8A3F107
:108370002B02D2B2012AF3D87968BA6891F801B019
:10838000012A0BF1010B4FEACB0B7FF67DAF5A456B
:10839000FFF47AAFABF1020292B2FF2A0E78DFD877
:1083A0002C2B0AEB050900F09E8000F29680002B32
:1083B00040F09780E02089F8000097E0872BDBD021
:1083C000CEE7BA68072A0AEB05037FF65DAF796846
:1083D00008884A8840BA6FF00F0680B20AF8056034
:1083E0004FF2B00E20F00F0652BA764592B21FFA45
:1083F00086FC1ED122F00F0666451AD102EB001250
:10840000A2F57022A2F52B62F3265A701E7002228A
:10841000887998541344C979597002F10209394690
:1084200008222046FFF7AAF800283FF46AAFFF268B
:1084300086E002F47F46B6F5704F09D1F12018703E
:108440000878587048789870D2B2DA700422DFE762
:1084500000F47F42B2F5704F06D1F2221A705870C4
:108460008A789A70CA78F0E70A785A704A789A70CF
:108470008A78DA70CA781A710522C9E77B689E7912
:10848000BB68272B0AEB05027FF6FEAE6FF01F03D9
:108490000AF805303046FEF7DBFFD0B1E123137058
:1084A0004FF0010902EB09030299009A3846FFF7E1
:1084B00077F800283FF425AF81442822394620462A
:1084C000FFF75CF800283FF41CAFB9F1000F37DA72
:1084D00017E756704FF00209E4E73C2B35D1E62050
:1084E00069E7E22067E7E4200AF8050030460493D4
:1084F000FEF7AEFF58B3049B2C2B04D14B885BBA1C
:108500009BB2072B23D899F8003043F0010389F878
:1085100000300120431C09F80020023109EB030060
:108520000592049306F06AFFDDE90432394603EB55
:10853000020920465A46FFF721F800283FF4E1AE31
:1085400009EB050295B23346E2E6E82033E70B7803
:1085500089F80130FF260220DCE770B506460C469C
:10856000154610211A462120FCF78FFA58B14368AE
:10857000002264BA9E705A711A71DA70DC80296820
:1085800099606968D96070BD40F20123984273B563
:108590000D46144613D10F4B02F11006CDE9003100
:1085A000002269463046F7F7E9FD002809DC31462C
:1085B000094807F043FB00212846FDF75FFF02B0A2
:1085C00070BD236F002BFAD0626F102120469847B0
:1085D000F5E700BF000001026C0F010013B5074A68
:1085E000044692E803006B4683E803000022194624
:1085F00004F11000F7F7C2FD02B010BDE029010040
:10860000034610B4072408461C62002103F1280425
:10861000C3E900125C620222084C1A7203F168027C
:10862000C3E90411C3E90611C3E91A4319675DF8E8
:10863000044BDA601946FDF771BE00BF8985000062
:108640002DE9F0431D46036A87B0072BDDF838801B
:1086500004460E46174600F1100929D110220021C8
:1086600002A806F039FA7B1E033324D8394BCDE932
:108670000434394B3A46186802A905F0FAFB236F17
:1086800013B1364806F096F8012269464846F7F7D6
:10869000C7FD314B02A9186805F0D2FBBDF80230C6
:1086A00040F20122934212D048F27442934215D014
:1086B0006FF0150046E0002FE1D13A466946484682
:1086C000F7F7AEFD0028E4D16FF00A003AE0019F11
:1086D0003846FAF747FA40B9F8F74EFA204B019AB4
:1086E0009A42E5D16FF073002CE000F108032A1DD7
:1086F00000F1180153F804CB42F804CB8B42F9D1B6
:1087000004222A60D8F800205AB10432283053F8E5
:10871000041B42F8041B8342F9D1D8F8003004222C
:108720001A604FF0FF313846FDF7A0FE08B14368EC
:108730005888236FA88237601BB1D4E90612914292
:1087400003D1002007B0BDE8F083626F10212046FE
:108750009847F6E7DD850000742D0100990F0100B0
:10876000630B8AF32DE9F0479046064689469A4600
:10877000024600256AB9D9F80030D8F800209342A3
:108780000BD030460021FDF779FE6FF06900BDE89F
:10879000F087936812681D44ECE7042BF1D108F1CF
:1087A000040209F104013046FAF7EFF90446B0B1CA
:1087B00096F910700FB902273774636883F806A022
:1087C000B9F8146076B1002319461A461846FDF729
:1087D0002DFB36B20146C0B92046FDF74FFE6FF0C3
:1087E0000B00D4E7B8F81460002EECD10A492346F8
:1087F00040F202223846FCF7DFFA014650B9204623
:10880000FDF73CFE6FF04C00C1E743685E800460FA
:108810000446EBE72846BAE70000FFFF08B508B9B1
:10882000F8F7AAF9C31C133013F8012F1AB98342C1
:10883000FAD1012008BD0020FCE70000044B1868B5
:108840004369013301D005F0BEBA83685B681847FD
:10885000742D010038B501F118020446034651F8A1
:10886000040B43F8040B9142F9D1A08A48B9FCF7F4
:108870007EFC054628B1FCF77AFC10B9B5F86631E4
:10888000A38238BD2DE9F0410D4614461F46064629
:1088900008B9F8F771F91AB1D38A002BF9D071B978
:1088A00006F1940818220021404606F015F945B358
:1088B0002B68EA8A042B0ED06FF0690009E0AA8ABF
:1088C000002AEDD0A38A002BEAD09A42E8D06FF0BC
:1088D0001500BDE8F08132B903F00EF86FEA80426E
:1088E0006FEA924292B22B46404605F1140153F8CA
:1088F00004CB40F804CB8B42F9D11B880380A6F847
:10890000AA2006F1AC0818220021404606F0E4F83F
:10891000B4B12368042BCFD12046FFF77FFF002896
:10892000D5D121464046FFF795FF2379FF2B07D08D
:1089300009491022201D07F043F908B147F002074A
:108940002DB1B6F8AA2004213046FFF759FEA6F84B
:10895000C4700020BDE700BF3A2A01002DE9F04FA6
:108960008FB00DF1180A0025199F06958946164605
:108970009846CAF80450044608B101B10AB9F8F79C
:10898000FBF8136853B10D6010682946FDF776FDBA
:108990003560294608460FB0BDE8F08FD0F8943016
:1089A000002B74D008931FB13B7ED80748BF0697B1
:1089B000FFF744FF4FF00A0B054605A9CDF800A0CC
:1089C00008AB42462046FFF73BFE10F1740F01460C
:1089D00011D10390FFF732FFB8FBFBF3421BA8EB6A
:1089E000030393420399D5D94544A5EB0008FFF74B
:1089F00025FF0546E1E70028CCDB05980421FDF7BB
:108A000035FD0028BBD0189BD0F804C08BB1189D51
:108A100008AB0DF1380E1A4603CA7245286069602A
:108A2000134605F10805F6D1BCF80030189A5BBA78
:108A3000D382B4F8C430990718D5D4F8AC30ABB1B0
:108A4000BCF80030B4F8C2205BBA9BB29A4206D19F
:108A5000102209A904F1B00007F0B2F830B10021EA
:108A60000598FDF70BFD6FF0460193E747B13B7E9C
:108A7000DA0741BF23F001033B76B4F8AA30FB824A
:108A8000059B5A68C9F800209968336082E76FF047
:108A90007C017FE72DE9F04388468DB015461F46DF
:108AA000044610B91AB9F8F767F8002A79D0EB8AAA
:108AB0002BB96FF0150528460DB0BDE8F0832846A8
:108AC000FFF7ACFE0028F4D12B68042B40F0A18006
:108AD00054B1B4F8A8201AB1AB8A0BB19A42E8D1CC
:108AE000D4F89430002B65D118220021684605F097
:108AF000F3FF02F001FF6FEA80466FEA9646B6B2D6
:108B000064B1A4F8AA60002D52D1D4F8AC30C4F8F6
:108B10009430324604212046FFF772FDCFB13A7EF1
:108B2000130716D53B680093FE8ABB8AADF8143054
:108B30000DF1040E3B1D07F1140918685968F4463D
:108B4000ACE8030008334B45E646F6D122F00802B4
:108B50003A76002D3ED1B4F8C29004F1AC07009AE9
:108B60003B68002A3ED10093404600F0CFFD002331
:108B7000024619461846FDF7C3FD054670B1D0E917
:108B80000112404600F0CAFD31464A46284600F030
:108B90004DF9014648BB2846FDF770FC6FF00B0508
:108BA00089E7D0F8AC30002B9AD16FF07F0582E7CF
:108BB0002B68ACE7B4F8AA6004F19403EC4604F126
:108BC000AC0E18685968624603C208337345944670
:108BD000F7D1A3E7294606A8FFF73CFE06AFB5F894
:108BE0001690BCE79A42BFD063E711233A46694624
:108BF000FFF7B8FD051EC8BF083D002C3FF45BAF72
:108C0000236F002B3FF457AF626F20212046984717
:108C100051E76FF069054EE7C0E91C1270477830E4
:108C200070470021FDF72ABCF8B5058907460E46B6
:108C30001446002054B900237968082200F043FD4F
:108C400096F91030022B0FD00020F8BDBC42F2D0B4
:108C5000B442F0D02B462289616800F034FDA3684D
:108C600024682B449DB2E5E743191133B3F5803FE7
:108C700024BF013080B271682844113000232022C3
:108C8000083180B200F01FFD4FF6FF7398421CBF01
:108C9000C04380B2D9E7000080B5102288B00DEB48
:108CA0000200002105F018FF504B51481B88ADF819
:108CB0001C3040F20523ADF80A3008216FF085031F
:108CC0004C4D03930595F7F7A3FC04A90420FDF789
:108CD00025FB40F202266846F7F78DFCBDF802300E
:108CE000B3424CD00DD840F201229342F3D1019F00
:108CF0003846FDF721FD044660B93846FFF791FF7D
:108D0000E9E7A3F20323012BE5D802A96846F7F7A8
:108D100049FCE0E70221FDF7A9FB074608B9F7F790
:108D20002BFF206830B190F91030042B02D18368FA
:108D3000082B07D0042208212046FDF71FFD08B9A3
:108D40002046DBE700232374D0F80480B8F806300F
:108D5000002BF5D022463946FFF766FF4FF6FF732A
:108D60009842EDD1B8F8021049BA234640F20122E8
:108D700089B20420FCF720F80028ACD1E0E7DDF848
:108D80000480404698F91070FDF7D6FC044608B9F7
:108D90004046B3E70068A0460028C0D090F91030E4
:108DA000042B19D1FDF7C8FC0028C9D04268C8F8C7
:108DB00000000023816800680B440028FAD15BBAE8
:108DC00093807B1C04BF236893F9107040F2022249
:108DD000234629463846CDE7FDF7AEFC034600287A
:108DE000AED0C8F8000000689846D5E7B40500206A
:108DF000983D00200000FFFF10B5044668B161B146
:108E000090F91030042B0BD10268FFF70DFF50B121
:108E1000636840BAD880002010BD6FF00D00FBE7FA
:108E20006FF04C00F8E76FF00100F5E738B5144635
:108E30000D4601B10AB9F7F79FFE0423082200216D
:108E4000FDF75EFC38B1436800226DBA64BA1D803C
:108E50005C809A71DA7138BD1FB50A4CB4F90030E4
:108E60005BB9094A0948CDE90132094A00924FF439
:108E7000E0710522F7F770FD2080B4F9000004B01E
:108E800010BD00BF983F00200D100100D83D00200C
:108E9000998C00002DE9F04104469DF8248080F86B
:108EA000008010200F461E469DF82810069B60701B
:108EB000154602B10FB11BB116B90020BDE8F08113
:108EC00018F0050F39D0C5BB002BF6D0A1709DF866
:108ED0002020E270022B9DF82120227133D0082B34
:108EE000EBD11C236370221D06F1080313F8011D4A
:108EF00002F8011FB342F9D1002D4ED00D23BDF869
:108F00001C10BDF82020914233D1227842F040025B
:108F10002270022D36D0082DCFD1627862F03F0248
:108F2000627007F108021C4412F8011D04F8011BCD
:108F3000BA42F9D103F10800C0E7A170002BC6D1F5
:108F4000B5B90320BAE716491A46304606F038FE8E
:108F500018B928F0200884F800801823637073780B
:108F600063713378A3710DB90720A7E70723C6E71C
:108F700003239DF81C10E1545A1C9DF81D10A154A8
:108F80000233C6E7627862F07F0262707A78E25458
:108F9000981C23443A785A7090E70D208EE700BF62
:108FA000E82901000178024601F00700022828D0D4
:108FB00098B1537803F00C03082B12D00C2B13D06C
:108FC00001F0400003431ED10320527812F0C0028A
:108FD0000CD1002B08BF0020704711F04003F3D0E4
:108FE000704707200123F0E70D20FBE74B0658BF31
:108FF0000230802A01D102307047C02A03D10830E4
:109000007047032070470020EAE770B5034601B1BE
:109010000AB9F7F7B1FD407800F00C00082820D11C
:109020001878440618D40724587810F0C00027D0C8
:109030001D786D0607D4402820D01E5D1670651C73
:1090400002345D5D5570802820D11A5D4A701C4441
:10905000022063780B7013E0D87810701879507084
:10906000E1E70C2809D11878400601D40D24DBE78C
:10907000D878107018795070F8E710B16FF01500BB
:1090800070BD18784606F9D40324CDE7C028F5D181
:10909000234401F1080213F8010B02F8010D8A4282
:1090A000F9D10820ECE708B501B10AB9F7F764FD7A
:1090B000437803F00C03082B09D1C37813700379AC
:1090C000537043794B7083790B70022008BD0C2BD1
:1090D0000ED1C378137010F8043F537001F10803E8
:1090E00010F8012F03F8012D8B42F9D10820EDE78C
:1090F0003BB9037813F0400F14BF6FF01500002048
:10910000E4E76FF01500E1E707B503688DF8071095
:10911000DB690DF107020221984703B05DF804FBFB
:10912000036800221B6A0221184710B50446FFF7A6
:10913000EBFF002805DB2046FFF7F2FF0B30FAD0EB
:10914000002010BD002370B50D4683770121044631
:109150001646FFF7EAFF002801DAF7F70DFDA369CD
:1091600020465B68324629469847022070BD036856
:1091700010B5DB690022012104469847002808DB6E
:10918000236800221B6A0121204698470B30F7D044
:10919000002010BD036810B4DC680023A4465DF80D
:1091A000044B604703689B6B184710B590F8253057
:1091B000032B044609D8013380F825300121FFF73D
:1091C000B4FF00280BDAF7F7D7FC0021FFF7EAFF1E
:1091D00020460022BDE810400221FFF7B3BF204621
:1091E00001F0E2FA032010BD0368DB6B184710B5ED
:1091F00000210446FFF799FF002808DB2368E16A95
:109200005B6820469847204601F0CEFA002010BD4A
:109210000068C30754BFC0F38000012070470000FE
:1092200073B590F82A506B1E04460E46042B3BD8AB
:10923000DFE813F00500490061009300F5004E1EC1
:10924000062E31D8DFE806F00A2030300430320034
:10925000FFF7CDFF00284CDA012510E00021204661
:10926000FFF763FF0028F9DB236820469B689847D7
:1092700003280FDDA36920461B689847022528466E
:1092800084F82A5002B070BD00212046FFF74DFF40
:109290000028F9DB002211462046FFF77BFF20461D
:1092A000FFF765FF0028D7DAF7F766FC0021FFF724
:1092B0002BFF0028D0DB2046FFF732FF0B30FAD01F
:1092C00002263546DBE705290FD007D84E1E012EB2
:1092D000EAD800221146FFF75DFFCFE70629E3D168
:1092E000FFF745FF0028B7DAC8E7FFF780FF00283F
:1092F000C4DB0325C3E7022906D80029D4D0002205
:109300001146FFF747FFF4E70429CDD103681B6836
:10931000DD0719D4980717D402F0EEFA94F8271055
:109320004FF4A07301405943544B186804F0B2FE47
:1093300094F82730627F591CB2EB510F82BF5B005B
:1093400043F0010384F8273023680022DB691146CB
:10935000204698471030F7D0B3E739B14E1E012EA2
:10936000A2D800221146FFF715FF88E7036801AA7B
:109370001B6A9847002897DB9DF80410032993D8AF
:10938000DFE801F007022A372068FFF741FF0028D5
:109390008AD00023206884F82630FFF739FF08B907
:1093A000A37F43B901AA2046FFF7CCFE054600285B
:1093B0007FF465AF78E701212046FFF7F3FE2046F2
:1093C000FFF7D5FE0028FFF66FAF4FF45871204627
:1093D00001F0F2F9052552E72068FFF719FF002890
:1093E0003FF462AF002384F826302046FFF7DDFE0D
:1093F000DCE723681B68D90702D501AA0321D2E75D
:109400009A07FAD494F826305A1C84F8262094F847
:1094100028209A42F1D9204601F0C6F969E70229CD
:1094200026D00329E1D001297FF43EAF03681D68EF
:1094300015F004057FF438AF032201A9FFF7AAFE57
:109440000028C7D09DF804309B07C3D5204601F003
:10945000BDF99DF8046094F825308DF80130294657
:10946000C6F300162046FFF79DFE6A4631469AE78E
:1094700000221146FFF78EFEACE700BF742D0100FD
:1094800008B590F82A20013A012A02D96FF00F009E
:1094900008BD09B90020FBE74A681278C162C2F32F
:1094A0004012017F8277002280F8252080F8262054
:1094B00001228A40013A80F827200521FFF7B0FEFB
:1094C0000328E7D0E2E72DE9F74303684FF00108EE
:1094D00080F82A805B690446894617469847051E2E
:1094E00072DB3B68E3607B682361B9F80030A382DC
:1094F0002323238440F20353A38304222368228579
:109500001B6803F00801002915BF1A20052000215F
:109510000221608413F47C3004F10C0684F82410DA
:1095200001D1F7F729FB5F0461D490FAA0F103F4AD
:10953000E047B1FA81F1B7F5804F08FA01F156D052
:10954000B1F5804F44DCD9044DD403F44053A3F566
:109550000052534253415B0084F82B30236820466D
:109560009B6998470B30F9D004F114020021204682
:10957000FFF73AFE324601212046FFF735FE04F19F
:10958000200202212046FFF72FFE94F82B308DF8A1
:109590000030638CADF8023094F824308DF804303C
:1095A00094F829308DF8053023686946DB6A204637
:1095B000984723686FF045015B6A2046984720462C
:1095C000FFF7D5FD0028FADB284603B0BDE8F0839D
:1095D00003F47043B3F5004F07D0B0F5003F0CBF64
:1095E00006230023B8E74346B6E71346B4E7032350
:1095F000B2E72DE9F74390F82A90ADF802101E4625
:1096000090F82B308DF8003009F1FF33012B05461F
:10961000884617468DF804208DF8056028D8B9F1E2
:10962000010F15D02B686946DB6A28469847041E4F
:1096300017DA2846FFF774FD0B30FAD0B9F1010FA5
:109640000BD12846FFF793FD041E06DAF7F794FACC
:109650000021FFF759FD041EE4DA204603B0BDE8FF
:10966000F083A5F8228085F8247085F82960E0E76A
:109670006FF00F04F1E708B590F82A30012B09D0FC
:10968000022B04D10621FFF7CBFD012805D06FF096
:109690000F0008BD6FF07700FBE70020F9E708B581
:1096A00090F82A30012B04D0022B09D06FF00F0064
:1096B00008BD0721FFF7B4FD0228F7D10020F7E726
:1096C0006FF07700F4E770B5AAB1DC0705D511F8A3
:1096D000014B013A204492B2013356080024B442AF
:1096E0000AD31A44D30703D511F8163000EB032030
:1096F000030C08D180B270BD31F814506DBA10FA65
:1097000085F00134EBE713FA80F0F1E7034600201F
:1097100003B970479A681B681044F9E770B50B46A7
:1097200004460E4615460CB9981B70BDA268AA42A5
:1097300009D86168184605F061FEA26824680346EE
:10974000AD1A1344EFE76FF06800EEE730B54268FA
:1097500005680C684B689A4208BFA5420AD1846824
:10976000C268CB6888689A4208BF84420CBF012057
:10977000002030BD0020FCE710B590B1B9B188429F
:1097800017D0431E0139002013F8012F11F8014FA3
:10979000A24207D06240B2FA82F2183852FA80F040
:1097A000C0B210BD0830C0B28028EDD1F9E708463C
:1097B000F7E78020F5E7802A28BF8022F8B5D50892
:1097C00014462A4606460F4605F018FE63070DD0DC
:1097D000C4F10804735D04EBC504FF22A24023EA30
:1097E00002037355795D0A4013437355F8BD024671
:1097F00010F8013F23B18B42F9D100230370901C74
:109800000378002B08BF0020704710B51446FFF7FF
:10981000EEFF18B1BDE8104005F04EBC204610BD6B
:109820002DE9F74F0F460192054618B111B1531EAD
:10983000272B04D90025284603B0BDE8F08F10225D
:10984000002105F049F93B783A2B2DD17B783A2B52
:10985000F0D107F101080024A3462646A146019B4A
:10986000A8EB07029A4221D3BBF1000F08D0A21C3B
:10987000102ADFD8631CDBB2310A2955EE54D4B26A
:10988000B9F1000F44D02C44A4EB090905F11003F1
:1098900005F111010020CA1A9145CCDB14F8012D05
:1098A00003F8012D2070F6E7B846D4E798F800A039
:1098B0001948514604F094FD80B91848514604F007
:1098C0008FFD68B1154BC31A43EA0616B6F5803F03
:1098D000B0D24FF0010B08F10108C0E70E4BF2E7E0
:1098E000BAF13A0FA6D1BBF1000F05D1B9F1000FC3
:1098F000A0D105EB0409EEE7A21C102A9AD8631C3C
:10990000DBB2310A29558346EE54D4B20646E2E76B
:10991000102C8FD18FE700BF221001001110010021
:1099200038B50C46054650B149B1084605F068F80F
:10993000214602462846BDE83840FFF771BF0020A7
:1099400038BD00002DE9F0478C468AB0074620B9A3
:10995000002738460AB0BDE8F0870029F8D0002675
:109960004FF0FF303546034634463CF816100029C8
:1099700038D1591C13BF013433B2012424B201364B
:10998000082EF2D15E1C39D0411C03D0AC42DCBFA2
:1099900003462C46022CACBF18464FF0FF306B46F6
:1099A000DFF8DC804FF0000E19464FF03A097045A1
:1099B0002BD103F8019B00EB040EBEF1070FF6DD7F
:1099C000451C05D00444082C04BF3A2003F8010BC1
:1099D000002003F8010B5B1A9342B9D8384604F013
:1099E00067FDB6E7591CCAD0411C04D0AC4202DC6A
:1099F0004FF0FF33C3E725461846F9E7461C02D06F
:109A000003462C46C6E72C46C9E7BEF1000F01D03D
:109A100003F8019B1CF81E600CEB4E050F2E6D78B1
:109A200018D94FEA161A06F00F0618F80AA018F807
:109A300006605E702E0983F800A018F806609E701C
:109A4000033305F00F050EF1010E18F8055003F869
:109A5000015BB2E766B118F806A01E4606F802AB35
:109A60004FEA151A18F80AA083F801A03346E8E770
:109A70000F2D82BF2E0918F8066003F8016BE0E78E
:109A80002210010038B5054604F0A9F8044605F196
:109A90001000F6F703FE204638BDF8B504460D4623
:109AA000164600F1100732462946204604F078F8A1
:109AB00000B1F8BD01213846F6F7BAFDF3E70346D9
:109AC000A3F130020846D1B2092901D810467047E7
:109AD000A3F14102052A02D8A3F137007047A3F190
:109AE0006102052A98BFA3F157007047042808B502
:109AF00007D1082A0BD108681860486858601046DA
:109B000008BD0146034806F099F8F7F735F86FF0FD
:109B10001500F5E733100100042870B50D461C460A
:109B200034D10023042A637023701CD0082A04D087
:109B3000022A1FD06FF0150030E00B7883F002038B
:109B400023704B7863708B78A370CB78E3700B79BC
:109B500023714B7963718B79A371CB79E371002CFD
:109B6000E8D008201AE00B7883F0020323704B78CA
:109B700063700223FF210022E170FE21A270217197
:109B80006271EA5CA2711D446B78E7E7FFF7AEFFF4
:109B9000082803D1237883F00203237070BD0000EE
:109BA000042808B505D00146074806F047F8F6F73F
:109BB000E3FF0B6813604B685360137883F0020374
:109BC0001370082008BD00BF78100100042808B5F4
:109BD00008D14B78012B0BD0022B0CBF08206FF063
:109BE000150008BD0146034806F028F8F6F7C4FF43
:109BF0000220F6E7BA1001006FF0850070472DE9EA
:109C0000F84380460E4615460AB110B909B1F6F779
:109C1000B3FF00242C702F4606F1FF39B44202D165
:109C20002846BDE8F88318F804103846F7F7CEFC4C
:109C30000744A14514BF3A23002307F8013B013430
:109C4000ECE72DE9F84F07460D4609B9F6F794FF02
:109C500018B900263046BDE8F88F0378002BF8D0FD
:109C60000346984613F8016F002EFAD12C464FF0A8
:109C7000010BB8450CD2BBF1000FEAD1631E9D4227
:109C8000E8D21A78297803F8011905F8012BF6E7CC
:109C9000C2464FF0FF311AF80109FFF710FFB0F18B
:109CA000000906DABBF1000FD3D14FF0010BD0460B
:109CB000DFE7574510D818F8010C0021A8F1020A77
:109CC000FFF7FDFE234649EA001903F8019B013620
:109CD0001C464FF0000BEAE70020F3E773B50A4695
:109CE0000C462321054604F0F7FE684601F054FDBA
:109CF0006946002241F2055311F8010B03EB4313AF
:109D00000344B2FBF4F004FB102001322E5C082A5D
:109D100086EA03062E54EFD1002341F205529C42FD
:109D200001D102B070BDE95C02EB42120A44B3FB00
:109D3000F4F104FB11310133685C50406854EEE7E4
:109D40002DE9F04106460F469046FFF7C7FF002376
:109D5000B3FBF7F507FB1535DC00725D48FA04F438
:109D600001335440042B7455F2D1BDE8F08138B56D
:109D70000C46054608212046FFF7B0FF2A7BA37951
:109D80005340A3716A7BE3795340E371237823F056
:109D9000010343F00203237038BD0B680E28A2EBC9
:109DA000030209D00F2818D00D2803D132B113F8BF
:109DB000010B0D300B607047012A02D86FF01B00B9
:109DC00070471A465B7812F8020B63F31F2040BA03
:109DD00080B200F20D101346ECE76FF04C007047B4
:109DE000042907B50A4601D9F6F7C6FE00230193F8
:109DF00021B102AB0146981A05F000FB019800BAA8
:109E000003B05DF804FB026813B51346002453B990
:109E100012BA036002AB0192191B224605F0EEFA5A
:109E2000204602B010BD01341B0AF0E770B50446AD
:109E30000C2B0846217803D893401943217070BD3C
:109E4000B3F5867F04EB000608D80D2505FA02F26B
:109E500011430D3B217001303370F0E70E2505FAF8
:109E600002F211436FF4867213445BBA21702352DD
:109E70000230E4E7F7B581420446019117461D46DA
:109E800015D211F8016B814201D1FF2E0FD0019143
:109E9000224601A93009FFF780FF2246388006F0EC
:109EA0000F00FFF77AFF2860019803B0F0BD002093
:109EB000FBE738B50C4600B109B9F6F75DFEB0F91D
:109EC00004300568002B09DA284604F099FD29467C
:109ED00002462046BDE8384005F0ECBB2946204646
:109EE000BDE8384005F0FCBC00F110030246C08913
:109EF00030B51C46A8B125888D4200F1FF3011D144
:109F0000E31A580902F150056FEA930303F00703BF
:109F1000012199402B5C23EA01032B5463881068CC
:109F2000184430BD0434E5E773B5064615460AB952
:109F3000F6F722FEFFF7D8FF0146C0B10024706893
:109F4000019401AB0DF10202FFF794FF0199A142C8
:109F500007DB042908DCFFF743FF2860204602B036
:109F600070BD6FF04C00FAE76FF01B00F7E76FF081
:109F70000100F4E72DE9F04F032A0E46016001EBE2
:109F800002094FF0000185B004464160818100F173
:109F9000500BA0F85010816004D86FF04C0005B051
:109FA000BDE8F08F717809B9042AF6D1357805F04B
:109FB0000F05082DF1D804354FF00008354404F1A1
:109FC000100A4746A94501D8039508E0691C03918A
:109FD0002B78FF2B13D16160A9EB0101A181039BB9
:109FE0009945DAD36268E78102B9636004F15402EB
:109FF00006212046FFF798FF90BB0020CFE7180905
:10A000004A4603A90193FFF7C8FE031E0093C4DB71
:10A01000019B4A4603F00F00FFF7BFFE0028BCDBA0
:10A02000009B9844CBB10F2F1ED818F0010F0CD015
:10A03000F908FB431BF801C003F00703012202FAF1
:10A0400003F343EA0C030BF80130AD1BAAF80080C0
:10A05000AAF8025001370AF1040A039D0544B1E74A
:10A060004FF0FF336365C8E76FF00B0097E7F7B574
:10A070001D4613680646144633B9FFF735FF2060C6
:10A08000C0B9002003B0F0BD00270023ADF80630B2
:10A09000216870682B460DF10602FFF7EBFE0028E1
:10A0A000EFD01FB9BDF80630002BEAD12B6803446E
:10A0B0002360E7E70127E8E72DE9F34789469DF8A4
:10A0C00028A014461D46804610B10AB1012B01D8C4
:10A0D000F6F752FD002300932E46494601AB6A462F
:10A0E0004046FFF7C4FF014658B9009B13B904F876
:10A0F00001AB013E0023681C2370801B02B0BDE849
:10A10000F087019FBB1CB34209D804F801AB3A4663
:10A1100020463C44F71B05F071F97E1EDDE76FF029
:10A120001B00EBE738B50C46032C11461D4601D940
:10A13000F6F722FD43EA0414049B4370BDF8143083
:10A1400044F040045BBA047043800430904202D073
:10A150002A4605F053F9281D38BD2DE9FF479046E2
:10A1600002680C9F127802F00F0A0AF104060C46EE
:10A17000F1199942054637D8A4B112F0300F14BF37
:10A180004FF001094FF0020903AA4FF481712846EC
:10A19000FFF7CAFEC0B961090139C9B2062904D95D
:10A1A000F6F7EAFC4FF00309EEE7039A01238B4030
:10A1B000134209D02B681B7803F03003102B10D00A
:10A1C00004268246074604462A6853885BBA9BB237
:10A1D000CDE900430432534649464046FFF7A2FF0B
:10A1E000B81904B0BDE8F0876FF01B00F9E7F8B5C7
:10A1F0009142069E05461F4601D9F6F7BDFC002494
:10A20000531A047004220121FFF710FE2246014672
:10A2100033462846FFF70AFE04462EB13246394639
:10A22000281805F0EBF834442046F8BD2DE9FF4727
:10A23000C6890F2E04460F469146984604D96FF002
:10A240001B0004B0BDE8F08736B1033630F8266055
:10A250008E4201D9F6F790FC4FF0000ABB1B042296
:10A26000012103A8ADF80CA08DF80EA0FFF7DEFDCC
:10A27000434605465246514603A8FFF7D7FDA3893A
:10A2800005444544AB42DAD3CDF800804B463A460C
:10A2900031466068FFF7ABFFE28904EB82000132D0
:10A2A0000782D4E90013591A41822B446360A389C1
:10A2B000E2815B1BA3812846C3E737B5044601A8AA
:10A2C0000D460192FFF79FFD01AA0346294620464D
:10A2D000FFF7ACFF03B030BD11F0010109D0838955
:10A2E00063B143685A1C4260FF221A7081890139A8
:10A2F00089B28181D0E90003181A70476FF01B0002
:10A300007047C068704770B5044601F0F5FA002345
:10A31000638422460123A07723742323638252F8A7
:10A32000123B9D692046AC460223BDE870400621E1
:10A3300060471B2910B511D81B2911D8DFE801F09F
:10A340003110131B25252D10101010101010101097
:10A3500010501010101010371047104128293BD012
:10A360006FF0850010E0012B01D8F6F705FC838A19
:10A370001380022008E0072BF7D9D0F816301360BD
:10A38000D0F81A305360082010BD022BEDD1418C5B
:10A39000490748BF08231380EBE7022BE5D1438A26
:10A3A000F9E7022BE1D1C37F13800120ECE7012BF9
:10A3B000DBD1438C13F0200F14BF01230023137053
:10A3C000F3E7012BD1D1438C13F0020FF4E7012BFB
:10A3D000CBD190F91030F2E7022BC6D10423DAE793
:10A3E000012BC2D96623D6E710B50C46062C1146C0
:10A3F0001A4607D8062C0BD8DFE804F00D0A171F01
:10A400002B2B3E00192C4ED01B2C43D0172C38D0B0
:10A410006FF0850008E0022A01D0F6F7ADFB0B884B
:10A42000FF2BFAD8C377022010BD022AF5D80023EB
:10A430008382143004F0E2FFF5E7082AEDD8002308
:10A44000C0F81630C0F81A30163004F0D7FF0820D4
:10A45000EAE7022AE1D10B88022B04D0082B07D0AF
:10A460006FF06900E0E7438C23F004034384DAE7EC
:10A47000438C43F00403F9E7022ACED10B884382D0
:10A48000D1E70A78438C12B143F02003EEE723F0C2
:10A490002003EBE70A78438C12B143F00203E5E7AF
:10A4A00023F00203E2E7012BB7D191F900300374E6
:10A4B0001046B9E7826E436842F0010282660021CD
:10A4C000184737B51C4650F8283F29B922B99B6870
:10A4D00003B0BDE830401847DD6801ABA84734B190
:10A4E0009DF80430AE3B23809DF80530A37003B087
:10A4F00030BD283812B1537880F86C30012380F8D1
:10A500006D30032906D8DFE801F002060A080423AB
:10A5100080F86E3070470523FAE70723F8E7062333
:10A52000F6E7012380F84530022380F84630704773
:10A530000329A0F128000BD0042904D001290BD055
:10A54000436800211847836E43F002038366F7E7F0
:10A55000836E43F00403F9E7836E43F00803F5E7E5
:10A56000422970B414460DD0572912D01A2913D19C
:10A5700090F85230022B14BF0223012313700020E5
:10A5800070BC704790F96C30002B08DB2370012001
:10A59000F6E790F85330F9E770BCFFF7CABE6FF0EA
:10A5A0008500EDE72DE9F041044600F128074FF062
:10A5B00001080026EFF3108372B6A56EA666EFF3CE
:10A5C000108362B6EB0603D504213846FEF728FE59
:10A5D000E80703D503213846FEF722FEA90703D575
:10A5E00000213846FEF71CFE6A0703D501213846D4
:10A5F000FEF716FE2B0714D502213846FEF710FE93
:10A600004FF00008A26E002AD4D194F86D30D3B177
:10A610006368B8F1000F07D141462046BDE8F0411C
:10A620001847002DEED0EBE794F86E1084F86D20FB
:10A630002046984794F86E30032B04D03846BDE886
:10A64000F041FFF718B8BDE8F08110B50446283096
:10A65000FEF716FF0028A4BF032384F86E3010BD58
:10A6600037B5044600F116052946F6F797FE237F15
:10A6700003F07F032375637F63752A4604F1140199
:10A6800004F12800FEF71FFF00281BDB2046FFF720
:10A690003AFEB4F84A30ADF806300DF10602022356
:10A6A0000021204694F95150FFF79EFE064A0123EF
:10A6B00017212046FFF798FE20466368A5840821ED
:10A6C0009847002003B030BD4A2A010006292DE931
:10A6D000F04104460E4615461F4600F1280007D8F3
:10A6E00006290BD8DFE801F0300A121B0A0A2600FF
:10A6F000142950D01A293ED010292DD03B462A4685
:10A7000031462046BDE8F041FFF76EBEA36A002146
:10A71000DB6B98470028F1DB2B88A387EEE7A36A61
:10A720000121DB6B98470028E8DB2B6863636B68CB
:10A73000A363E3E7A36A0221DB6B98470028DDDB14
:10A740002B88A4F84830D9E794F9513094F84C207C
:10A750002988FEF74EFFD1E7B2F9006092F9003088
:10A76000B4F84A1094F84C20FEF743FF002800DBB1
:10A77000A684BDE8F0811378012B04D0022B06D00B
:10A780006FF08500F5E7BDE8F041FEF788BFBDE852
:10A79000F041FEF770BF1178A36A4900BDE8F041AF
:10A7A0009B6B01F0FE011847036C43F0100328383F
:10A7B0000021836643681847034B0A4600F13001C5
:10A7C000186803F056BB00BF742D0100064B10B58E
:10A7D000A0F1280400F13001186803F031FBA36EEA
:10A7E00023F00103A36610BD742D0100054B036027
:10A7F000054B0364054B0363054BC0E9183000208B
:10A80000704700BF4C2A0100682A010031A50000F2
:10A81000B5A4000050B1EFF3108272B6054B196871
:10A820000160186082F31088002070476FF01500F7
:10A83000704700BF9C3F002010B9024B186870475A
:10A84000006870479C3F002073B50D46064608B966
:10A85000F6F792F9082903D90024204602B070BD0A
:10A860000A4B1C68002CF7D069462046FAF7EBFA31
:10A87000684604F0C5F8854206D12A466946304646
:10A8800004F018FF0028E8D02468EBE79C3F002084
:10A890002DE9F843002381460D460B6014461AB992
:10A8A0006FF01500BDE8F883104604F0A9F82521E3
:10A8B0000746204603F094FD0646D0B100F101089A
:10A8C000404604F09DF801464046FFF7BDFF286072
:10A8D0008046304604F094F83F1AB8F1000FDFD0FC
:10A8E0003A4621464846FEF79BFF0028D8D0002074
:10A8F000D8E7FFF7A1FF2860FFF79EFF0028EFD001
:10A900002E60EDE7014B186804F046B88004002083
:10A910007047000030B50346EFF3108472B6094A61
:10A92000094D10680144A94205D8084DA94202D337
:10A930001160421C03D10C221A604FF0FF3084F3E7
:10A94000108830BD3C040020000004200444002096
:10A950001946104603F0FCB81946104603F00EB92C
:10A96000132303604FF0FF307047132303604FF051
:10A97000FF307047132303604FF0FF307047022908
:10A980004FF0000303608CBF002001207047F6F7F2
:10A99000CFBA00000C2907D841F21903CB40DB07DE
:10A9A00006D44FF0FF30704740F20C639942F8D163
:10A9B00010F0200F00F01F00044B00F5E07008BFFE
:10A9C0004FF0A04343F820100020704700030050D0
:10A9D000024B0122C3F80425704700BF00D000409D
:10A9E0000F4B70B501220F4CC3F8042301441A60C9
:10A9F0004FF400550022884205D10122C3F80823F4
:10AA00005A6070BD20BFD3F80061002EFAD0D3F891
:10AA1000086500F8016BC3F80021C4F88051EAE72B
:10AA200000D0004000E100E000234FF440311A0163
:10AA300002F180420133092BC2F80819F7D1FEE771
:10AA400008B5F6F797FC064B01225A6005494FF40A
:10AA5000003008600021C3F808151A6008BD00BF67
:10AA60000010014000E100E0014BD3F804057047FD
:10AA700000100140064B1960064B1A60064B20F08F
:10AA80007F404FF48032C3F84005C3F80423704779
:10AA9000AC3F0020A83F002000100140024B4FF4C3
:10AAA0008032C3F80823704700100140014B012297
:10AAB0001A6070470010014010B5134CD4F84031B3
:10AAC000012B0BD10023C4F840314FF480330F4ADF
:10AAD000C4F808330E4B10681B689847D4F804314B
:10AAE000012B07D100230B4AC4F804310A4B10682C
:10AAF0001B689847094B1B682BB1094B4FF08052DC
:10AB00005A60BFF36F8F10BD00100140A83F0020B6
:10AB1000AC3F0020A03F0020A43F002024050020DF
:10AB200000ED00E0F8B5204E06EBC00305461F79A6
:10AB30000024A74209D81D4B1B682BB11C4B4FF0BA
:10AB400080525A60BFF36F8FF8BD56F835C00CEBDA
:10AB50008403D3F84011012923D100221548C3F8FA
:10AB600040210C2303FB05031A7A42FA04FE1EF06F
:10AB7000010F16D093F809E04EFA04FE1EF0010F03
:10AB800008D1A14022EA01021A724FF48033A34097
:10AB9000CCF808330C236B43C2182146C3585068C5
:10ABA00098470134C5E700BF802A01002405002032
:10ABB00000ED00E0B03F00200328F0B502D94FF0CF
:10ABC000FF30F0BD0C2444431E4D2E192A511E4C5B
:10ABD000736054F83050C60004EBC000012743797D
:10ABE0006F601A48C5F808350023C5F80435EF60D2
:10ABF00081421BD1C5F81035A319197900231846D5
:10AC0000994219D872B1344494F90620A379002AE4
:10AC100008DB0122590903F01F0302FA03F30C4A6F
:10AC200042F8213001232B600020CAE701330A2BB0
:10AC30004FEA5000DCD1C2E703F15007013345F879
:10AC40002700DDE7B03F0020802A01000024F40047
:10AC500000E100E0134B03EBC00210B512798A4209
:10AC60001DDD53F830204FF480338B40C2F8083399
:10AC7000D2F80042012303FA01F124EA01040A4B4D
:10AC8000C2F800420C2202FB0030037A23EA0103DF
:10AC90000372437A23EA01034372002010BD4FF090
:10ACA000FF30FBE7802A0100B03F0020064B03EB9A
:10ACB000C00253F83030127903EB820301221A6488
:10ACC000D3F84005704700BF802A01002DE9F84FF6
:10ACD000DFF8A48008EBC00A05469AF804308B42DE
:10ACE000164642DDFFF7E2FF8419EFF3108772B6D4
:10ACF0001F4B58F835B00C2202FB05334FF0010909
:10AD00001A7A09FA01F002431A725A7A0BEB810897
:10AD100022EA00025A720023C8F84045C8F84031C0
:10AD2000D8F840314FF480338B40CBF804332846B9
:10AD3000FFF7BCFF9AF805200E4B53F82230241A77
:10AD40001C40A6420CD2D8F840314BB9CBF8049045
:10AD50002846FFF7ABFF4844C8F84005CBF8009001
:10AD600087F310880020BDE8F88F4FF0FF30FAE736
:10AD7000B03F0020702A0100802A0100024B53F8E6
:10AD8000303001221A607047802A0100024B53F8CC
:10AD9000303001221A617047802A01000020FFF73D
:10ADA000C1BE0120FFF7BEBE0220FFF7BBBE0320DD
:10ADB000FFF7B8BE08B50F4B53F83030D3F8102169
:10ADC00072B10022C3F81021D3F83C3543B10A4BCD
:10ADD0000A4903EBC002095C53F8303050689847C9
:10ADE000074B1B682BB1074B4FF080525A60BFF3E3
:10ADF0006F8F08BDA02A0100E43F0020E03F002043
:10AE00002405002000ED00E001282DE9F04706466A
:10AE10000D46904600F2AF80584A594F42F83080B4
:10AE200057F8304002EBC00200214FEAC0095360DE
:10AE3000C4F86C15B8F1000F08D007EB090393F8BC
:10AE400004A05046FFF7A6FDC4F814A507EB0903BC
:10AE5000032193F805A05046FFF79CFD4FF0FF3308
:10AE6000B5F5614FC4F80CA5C4F80835C4F8103521
:10AE700054D021D8B5F5615F49D012D8B5F5965FA9
:10AE800043D009D8B5F5966F30D0B5F5166F39D0E7
:10AE90006FF08500BDE8F087B5F5165FF8D1394B46
:10AEA00026E0B5F5E14F35D0B5F5164F34D0B5F500
:10AEB000964FEDD1344B1BE0344B9D4234D00AD831
:10AEC000B5F5E13F2CD0B5F5613F2BD0B5F5963FF8
:10AED000DED12F4B0CE0B5F5612F28D02D4B9D42D4
:10AEE00027D0B5F5E12FD3D12B4B01E04FF49E23B2
:10AEF000C4F824350823C4F80035B8F1000F1BD17D
:10AF00000020C7E74FF41D23F2E7244BF0E74FF48E
:10AF10006C13EDE7224BEBE7224BE9E7224BE7E727
:10AF2000224BE5E7224BE3E74FF08063E0E7214B5C
:10AF3000DEE74FF08053DBE71F4A012316444F44FE
:10AF40001022C4F83835C4F83465C4F80423D4F8A2
:10AF5000002297F9061042F020020029C4F80022CE
:10AF6000BA792360CCDB510902F01F029340134AE7
:10AF700042F82130C4E76FF012008BE7E43F002075
:10AF8000A02A01000050270000A04E0090D003002E
:10AF900000903A0140420F0000705F0700B01300BC
:10AFA00000F0750000509D0000F0EB0000E0D701BC
:10AFB00000B0AF0300D0BE0EE03F002000E100E093
:10AFC0002DE9F047012888B006460C46154601D900
:10AFD000F5F7D2FD11F0005727D1DFF874A04FF03C
:10AFE0000109AF4202D308B0BDE8F087A5EB07081E
:10AFF000B8F1200F28BF4FF020084246E1196846FB
:10B0000004F0FCF95AF836300022C3F82021C3F8C6
:10B0100044D5C3F84885C3F80890D3F82021002A06
:10B02000FBD0C3F80C904744DBE7094B53F83030B2
:10B030000022C3F820210122C3F84415C3F8485563
:10B040009A60D3F820110029FBD0DA60CBE700BF6B
:10B05000A02A01000020FFF7ADBE0120FFF7AABE25
:10B0600011F15C0F10DB0A4BD3F86C2622F47F42FF
:10B07000C3F86C26D3F86C265C31890842EA0122B9
:10B08000C3F86C26002070476FF01500704700BFB2
:10B090000010004000207047014B187802387047BC
:10B0A0008C4000200A4BD3F86C26022902F00702DC
:10B0B000C3F86C2605D001F0FD0101290CBF032166
:10B0C0000021D3F86C261143C3F86C16002070479A
:10B0D00000100040032906D8DFE801F002070D1137
:10B0E000084B12881A8000207047074913680B60CC
:10B0F00053684B60F7E7054B12881A80F3E76FF04F
:10B100008500704702400020FA3F0020F83F0020F1
:10B11000084631B9044B1278197862F3041119709A
:10B1200070476FF08500704740040020022911D855
:10B130000A4A0B48525C4B1C9B0003F0040343EA91
:10B14000C203027803F00C0322F00C0213430370D5
:10B15000002070476FF08500704700BFB02A0100E3
:10B1600040040020002A09DC064B1A780CBF01219C
:10B17000002161F341021A70002070476FF08500D2
:10B18000704700BF4004002038B591F9052002F156
:10B190002803DBB2302B30D8194BD3F8500508B157
:10B1A000F5F7EAFC8D786FF03104052111FB0541BC
:10B1B000012AC3F8081503DDC3F80C25002038BDAB
:10B1C000002A02DBC3F80C05F8E7111D01DBFC22A5
:10B1D000F2E712F1080F01DBF822EDE712F10C0F94
:10B1E00001DBF422E8E712F1100F01DBF022E3E7C4
:10B1F0001432ACBFEC22D822DEE76FF01500DEE798
:10B2000000100040F8B5244D244E2C78D6F8500597
:10B21000E4B2234603292ED8DFE801F002181D27E7
:10B2200034B1052C10D0D6F85035003B18BF01239F
:10B2300003F0010322B12878052808BF032111700B
:10B240000BB36FF00A00F8BD0023F1E7421E514234
:10B25000514129B1F5E720F008010429F1D000217E
:10B26000DBB22B7089B90020EDE7211F012994BFC3
:10B27000002101210AB9F5F77FFC231F5C425C41E4
:10B2800014700023E5E70121EAE7044B4FF4402264
:10B29000C3F80022E7E700BF044000200010004090
:10B2A00008B5124B1868C1B9114B1B7813F0100F79
:10B2B000104B0CBF022212225A700F4AD278DA7059
:10B2C0000E4AC2F8043501231360032183689847AE
:10B2D000BDE808400120FFF759BD012901BF044A1C
:10B2E000137823F001031370F2E700BFF43F00204E
:10B2F00040040020054000208C4000200010004049
:10B3000008B5064BD3F8FC2F012A04D10022C3F85C
:10B31000FC2FF6F719F8002008BD00BF0010004010
:10B3200038B5084610490C78A51E954218D88BB13F
:10B33000214411F8014C3F2C98BFA200A4F15D04F8
:10B3400064B294BFD2B2FF22502CA8BF5024523C0A
:10B350005A701C7005492A4604F050F8284638BD3A
:10B360006FF06800FBE700BF8C4000208D4000209C
:10B37000044BD3F8502522B10022C3F8102101223A
:10B380001A6170470010004008B5FFF7F1FF034A4B
:10B39000D2F85035002BFBD108BD00BF0010004093
:10B3A00008B503292DD8DFE801F002172B42264B00
:10B3B0001B78DA0745D413F0020F244A0CBF4FF470
:10B3C00040234FF4C723C2F8003201231360204A00
:10B3D000DBB21370002008BD1D4B1A7812B11B7828
:10B3E000032B2ED1FFF7D0FF184B1A4AC3F80425C0
:10B3F0004FF44022C3F8002201225A600323E6E7FB
:10B400000AB9F5F7B9FB13782BB9114B1A7812B1B9
:10B410001B78032B15D1FFF7B7FF0C4B4FF44022DD
:10B42000C3F800220C4AC3F804250023CFE7FFF736
:10B43000ABFF064B4FF40062C3F8002201225A60B2
:10B44000F3E76FF00F00C6E7400400200010004053
:10B45000044000208C4000200A40002070B50C46BB
:10B4600009B9F5F789FB094E0025A26832B1681CBD
:10B470006168304403F0C2FFA3681D442468002CB7
:10B48000F3D1024B02351D70204670BD0A400020EA
:10B490001D4B10B500221D4C1A70D4F8FC3F23B987
:10B4A000F5F73AFF0123C4F8FC3FFFF761FF0F23D4
:10B4B000C4F81035164BC4F814357F23C4F818357A
:10B4C000A723C4F860360020124BC4F84406C4F821
:10B4D000483640F20223C4F834350F4BC4F83835EF
:10B4E000C4F83C05D4F8503643F00103C4F8503694
:10B4F0004FF44023C4F80032084B02221A60084B74
:10B50000C4F8043310BD00BF044000200010004008
:10B5100008000006FF0700FF2110010000E100E025
:10B52000084006000F4B10B500241C700E4B1C7019
:10B530000E4B05221A7002225A709C700C4A234648
:10B540004FF224410120FFF737FBA04201DAF5F763
:10B5500013FB0120FFF71AFC064B2046C3F8FC4FF3
:10B5600010BD00BF8C4000200A4000200540002094
:10B57000A1B2000000100040754BF0B51C68754B7F
:10B58000D3F8382185B052B10021C3F83811724B7D
:10B590001A78012A52D1A3680221204698476D4BA0
:10B5A000D3F8442162B10022C3F844216A4B1A78CF
:10B5B000012A05D004221A700521A3682046984765
:10B5C000644BD3F848216AB10022C3F84821624B8A
:10B5D000A268197801294FF005011970204608BFAB
:10B5E000042190475B4BD3F80C21002A00F08280A5
:10B5F000594D0027C3F80C712A78022AD6B200F000
:10B600009380032E1FD0012E40F09F80534A544B4D
:10B6100019781378132943F001031370314634BFAE
:10B620000C2228223046FFF751FB3046FFF7A6FBDD
:10B63000A3682F700421204698475BE01B78032BFA
:10B64000ADD1A368A9E7D3F80034002B69D04FF639
:10B65000FF7302A94348ADF804306A46FDF723FDA5
:10B66000414B5F787907064605D14048022201A97F
:10B6700004F0A6FA58B30222694601A804F0A0FA21
:10B6800028B13A480222694604F09AFA08BB022E11
:10B6900017D13748324602A904F092FAB8B13548BA
:10B6A000324602A904F08CFAB0FA80F040092B4B24
:10B6B0001B7813F008010ED000232B70A368032120
:10B6C000B9E7082E05D12C48324602A9EAE7012045
:10B6D000EDE70020EBE7D0B117F0200715D00C22E2
:10B6E0000120FFF7F3FA0120FFF748FBFFF740FEC8
:10B6F00002232B70214B1B682BB1214B4FF0805242
:10B700005A60BFF36F8F05B0F0BD2F70D6E7BA0750
:10B7100003D55B0701D42870D0E70E4B01229A6055
:10B72000E8E7A368012186E72F70FFF721FE0B4AA7
:10B730001378012143F00103137008460C22FFF730
:10B74000C5FA0120FFF71AFBD4E7F5F715FA00BF99
:10B75000F43F00200010004004400020400400207E
:10B760000A4000208D4000208C400020F83F00203F
:10B7700002400020E8290100FA3F002024050020B3
:10B7800000ED00E0024B0360024B1860704700BF01
:10B79000B42A0100F43F0020024A034603CA18609D
:10B7A000596070476000001008B5FFF749F9BDE81F
:10B7B0000840FFF70DB910B503214FF0A0440D204C
:10B7C000FFF7E8F84FF40053C4F8083503210E20C2
:10B7D000FFF7E0F84FF48043C4F8083503210F2049
:10B7E000FFF7D8F84FF40043C4F8083503211020C0
:10B7F000FFF7D0F84FF48033C4F8083510BD0000CF
:10B800002DE9F04F2D4A2E492E482F4FDFF8D090CA
:10B81000DFF8D0A08BB004F011FAF5F7DBFA05469B
:10B82000F5F7EEFA0446F5F7E7FAC5F50073CDE94A
:10B8300000402A4625484FF4007104F0FFF925EA3C
:10B84000E57507F180084FF4007657F8044F24B3EC
:10B850002079F5F7F5F8217909900A2994BFCB46AC
:10B86000D346216BA06A08910E44F5F76AF808994F
:10B8700023680246081AB4F906100693A36A0390D7
:10B88000CDE904230544206B02906079099BCDE942
:10B8900000B00F48E26A04F0D1F94745D5D10D4B0D
:10B8A0000D48721BCDE90252CDE900360B4A19460C
:10B8B00004F0C4F90BB0BDE8F08F00BF4F1D0100CC
:10B8C000161101001B110100300500206B11010051
:10B8D000BB110100FD11010003120100FF11010065
:10B8E0001411010012110100024B013800221860EE
:10B8F0005A60704710410020084909480B68094AFE
:10B9000010B54C68584302FB0400A3FB023201331C
:10B9100040EB0200C1E9003010BD00BF1041002023
:10B920002DF451582D7F954C07B504210DEB0100E6
:10B93000FFF756F80198FFF7D7FF03B05DF804FB57
:10B94000884270B5064601D3F5F716F90D1A691E3F
:10B95000B5FA85F32942C3F11F0209D101249440AD
:10B96000013CFFF7C9FF20408542FAD9304470BD41
:10B970001F2A04D0C3F1200301249C40F0E74FF0BC
:10B98000FF34EEE708B53E2003F006FA202003F06E
:10B9900003FA034B1B689868BDE8084003F09CB9A4
:10B9A000800400202DE9F04F0B4685B005460E4679
:10B9B000481E00210C4600AF10F8012F62B9012982
:10B9C0001A7049D9654802F0F5FE6FF0150420465B
:10B9D0001437BD46BDE8F08F03292CD8DFE801F00D
:10B9E00002173039202AE7D0092AE5D0272A04F1A6
:10B9F000010400F0AF8006D8222A00F0AD8003F8E1
:10BA0000012B0121D8E75C2AF9D10521D4E7272AA7
:10BA100000F0A080222A00F09F805C2AF5D0202A26
:10BA200003F1010C01D0092A03D1002119706346EA
:10BA3000C2E71A70FBE781F0040103F8012BBBE7B2
:10BA40004FF0270C6245DCD05C2AF6D181F004016E
:10BA5000B2E74FF0220CF5E7002CB8D0A3000B336F
:10BA600023F00703C7F80CD0ADEB030DEA46904670
:10BA7000444540DC00234AF82430DAF80080002DE9
:10BA800056D1DFF8EC90364EA6EB0906B6084B46C9
:10BA90004FF0000B5E450ED053F8042B7B6011680D
:10BAA000BA60404603F01CFFD7E90132002841D1BB
:10BAB0009368002B35D12B48414603F011FF044613
:10BAC000002840D1284802F075FE35B1DFF8A48087
:10BAD0000C3555F80C1C0C3579BBDFF89880002527
:10BAE000AE4222D059F8043B404619685A6804F027
:10BAF000A5F80135F4E74AF82860304602F080FFE7
:10BB00000130064408F10108B2E70C36306800281D
:10BB1000B7D0414603F0E4FE0028F6D1B368002B0D
:10BB2000AFD02046514698470446D7F80CD04EE790
:10BB30002E46EBE70BF1010BACE755F8142C404611
:10BB400004F07CF8C5E70948414604F077F86FF047
:10BB50000704EAE702212FE703212DE7271201005E
:10BB6000142F01002E220100401201009312010047
:10BB7000F42E0100891201002DE9F04180460F46A4
:10BB800009B9F4F7F9FF00252E462C4603F0CCFB4B
:10BB90000D280EDC431C0EDB431C0E2B0BD8DFE8FC
:10BBA00003F03F0A0A0A133F0A0A0A250A150A0A7D
:10BBB00015007F281AD07B1E9E423ABF08F8060067
:10BBC00001340125C0B220E000252C46002308F8EE
:10BBD00004300D2003F0E0F80A2003F0DDF8002D1A
:10BBE00018BF6FF068042046BDE8F081002C0EDD20
:10BBF000013CA74284BF002508F80450082003F048
:10BC0000CBF8202003F0C8F8082003F0C5F8064B55
:10BC10001B68986803F060F8A7422646B6D8B0E7DC
:10BC20004FF0FF34DFE700BF80040020F8B5054681
:10BC30000C461646FFF7A6FE0A4F31462046FFF790
:10BC40009BFF10F1690F06D001300AD0214628462B
:10BC5000FFF7A8FE02E0384602F0ACFDFFF792FEC7
:10BC6000EBE7F8BDB11201002DE9F04F91B080462D
:10BC700004914FF0FF3116461C46FAF7F7FB0221FC
:10BC800007464046FAF7F2FB032105464046FAF71D
:10BC9000EDFB804625B96FF0150011B0BDE8F08FBF
:10BCA0000028F8D0D5F8049045687FB37B68B3F9D5
:10BCB0000270B3F906A0E36DD8F8082008339B1A88
:10BCC0001BB203932B78812BE5D1AB88B4F8AC2061
:10BCD0005BBA9BB29A42DED194F82830FF2B09F16F
:10BCE000080B16D1ED8828226DBA594606A8FDF733
:10BCF00029FEADB299F807309FB90093D8F8081023
:10BD000039482B4606AA03F099FF25E0DFF8FCA08E
:10BD1000D1E704F128015846FDF718FD0028E1D1CC
:10BD2000B9E7324905930822584603F049FF059BBD
:10BD300048B199F80820FF2ADFD199F8092002F0CC
:10BD40000F02022AD9D1CDE900532948D8F80810AA
:10BD50003B4606AA03F072FF039B002B37D0254811
:10BD6000194603F06BFF1AF5004F03D022485146E5
:10BD700003F064FFBEB14FF47A722048B6FBF2F1D3
:10BD800002FB116203F05AFFD4E912329B1942F10F
:10BD90000002C4E91232236DB342636D88BF266589
:10BDA000B34238BF6665C5F3C50104F16000ED43D9
:10BDB000435C05F007050122AA4013420DD0636CD5
:10BDC0000F480133636402F0F5FC002065E7049B33
:10BDD000002BC8DB0B481946C3E713434354236CBD
:10BDE000094801332364EEE7061301001A2A010013
:10BDF000DD1201002B13010059130100671301002C
:10BE0000D512010041130100DC1201000080FFFF88
:10BE1000C36B826D0133934213B504463AD24EF69A
:10BE20004873D0F8A4204384264B27481B88006819
:10BE30001BB2009304F1100104F1200302F04CF94D
:10BE4000E36B04F16000C3F3C501DB4303F00703B8
:10BE500001229A40435C23EA02034354E36B5A1CD9
:10BE6000E263E26D019294F8AE2000929BB204F17D
:10BE70002801B4F8AC20D4F8A800F6F7ADFA0146D2
:10BE80004342E0B10C2B14D1104802B0BDE8104081
:10BE900002F090BC4EF649734384036C13B9D0F89A
:10BEA000A020C1E7426D0A4BD20C5A4308BF1A4684
:10BEB000BAE7084802B0BDE8104003F0BFBE02B0C8
:10BEC00010BD00BFB4050020742D01009E0C0100C0
:10BED00040420F007A1301002DE9F04FB3B00F4636
:10BEE000AA4E00218046B02206A802F0F5FD81236B
:10BEF00007933388ADF824304FF0FF331A930321B2
:10BF00000423CDE91C13A24BD7F80090CDE92E33C2
:10BF100001245323ADF8C43025464FF47A7AA04566
:10BF200000F3B380ADB149469A4803F087FE9A48C2
:10BF300003F084FE994802F03DFC994803F07EFE30
:10BF4000984802F037FC984802F034FC974802F019
:10BF500031FC974B1C686369013300F00281204675
:10BF600001F031FFBDF8C430584082B2022131A83F
:10BF7000ADF8C420FDF7E4FE002D40F09B8006A93B
:10BF80000320FAF7CBF906A8FFF742FF4EF64875F3
:10BF90004EF6497704A8F4F72EFBBDF81230AB42F9
:10BFA00000F0E480BB4212D040F20122934240F004
:10BFB000E1801D997F4A059806ABF6F76FFA059860
:10BFC0000021FAF75BFA169A1C9B9A42E2D30AA95F
:10BFD000204601F035FFDDE91545DDF85C80149958
:10BFE00075482B46224603F029FEB8F1000F03D016
:10BFF0007248414603F022FE24B1631B642253437E
:10C00000B3FBF4F46E48214603F018FE1A9F7B1C24
:10C010001BD005EB08020023DDE9180102F068F8E7
:10C020001B9C4FF47A72B4FBF2FCB0FBF2F302FB00
:10C030001C4402FB13000090B7FBF2F1CDE901C4F0
:10C04000604802FB117203F0F9FD06A90320FAF71C
:10C05000A1F9B5FA85F56D0940F20124F4F7CEFA9D
:10C0600040B304A8F4F7C4FA002840F38980BDF86F
:10C070001230A34240F08480059890F91030032BD1
:10C080007ED10021FAF7FAF9E8E757F824B09BF8D7
:10C0900000202D2A4FEA840310D05A4630A910A858
:10C0A000CDF850B0FEF7F4FB054698B14648594626
:10C0B00003F0C4FD284633B0BDE8F08F9BF80120A3
:10C0C000692A04F1010B1FD006D8572A3CD0632AF5
:10C0D00010D00125013422E7732A22D0742AF8D126
:10C0E0000134A04530DD57F8240002F0E5FF8DF85B
:10C0F000C600EFE7D84505DD3B44586802F0DCFF99
:10C100001C9058B95C46E4E7D84509DD3B445868C3
:10C1100002F0D2FF4FF47A7358432F905C46D9E770
:10C120005C460134A045DBDD57F8240002F0C4FF73
:10C130004FF6FB73984205D9244802F03BFB4FF0C1
:10C14000FF35B7E71D90C5E70134A045C1DD57F8BD
:10C15000240002F0B1FF0AFB00F02E900028B8D0B6
:10C16000B8E7A36820465B689847FBE606A8FFF798
:10C170004FFE28E7318804A809B2F4F7BBF922E79B
:10C18000318804A809B2F4F7B5F967E7B4050020CF
:10C1900040420F00BD130100F813010034140100E8
:10C1A0005D140100AB140100121501005E150100C1
:10C1B000742D010069BC0000051601005116010034
:10C1C0006216010075160100851301009713010026
:10C1D00010B5D0E900120446094803F02FFDD4E958
:10C1E0000012084803F02AFDD4E90012064803F0C3
:10C1F00025FDD4E900120548BDE8104003F01EBD3E
:10C20000AA160100CC160100FE1601002417010039
:10C2100010B5D0E900120446094803F00FFDD4E937
:10C220000012084803F00AFDD4E90012064803F0A2
:10C2300005FDD4E900120548BDE8104003F0FEBC3E
:10C24000AA1601003F1701009217010024170100F0
:10C2500010B5D0E900120446094803F0EFFCD4E918
:10C260000012084803F0EAFCD4E90012064803F083
:10C27000E5FCD4E900120548BDE8104003F0DEBC3F
:10C28000AA160100C417010092170100241701002B
:10C29000202802D800B2F8F779BF002070470000CC
:10C2A0002DE9F043012891B005460C4605DD4E68A6
:10C2B0009949304603F014FB38B92168974803F0D8
:10C2C000BDFC002011B0BDE8F0839549304603F075
:10C2D00007FB002872D1022D02D1039000240CE04C
:10C2E000A6689049304603F0FBFA88B9032D039005
:10C2F000F4D0E06802F0E0FE044607AA03A9204655
:10C30000F8F7DFF90028DCD007A8F8F7FDF9F4E723
:10C310008149304603F0E4FA18B92046FFF758FF88
:10C32000CFE7042D2FDD8049304603F0D9FA58BB02
:10C33000E06802F0C1FE0646FFF7AAFF08B93146E1
:10C3400086E0216907A8FDF7EBFA20B92046FFF740
:10C350003FFF0120B6E7052D13D0606903A9FDF763
:10C3600070FC03460028F1D003AA314607A8F8F76D
:10C3700035F90028A5DA21696C48324603F05EFCE5
:10C380009FE70023F0E7E1D16949304603F0A8FABE
:10C390000028DBD1E06802F08FFE0546FFF778FF4A
:10C3A00008B9294654E0216907A8FDF7B9FA002821
:10C3B000CCD0294607A8F8F749F982E75D4930460D
:10C3C00003F08EFA002840F09B80022D02D10390EA
:10C3D000002515E0A6685349304603F081FAB8B944
:10C3E000032D0390F4D0E06802F066FE0446054693
:10C3F000FFF74EFF20B921462AE007A8F8F788FA90
:10C4000007AA03A92846F8F746FA0028F5D158E705
:10C410004149304603F064FA18B92046FFF7F8FEA8
:10C420004FE7042D1DDD4049304603F059FA00283E
:10C4300044D1E06802F040FE802207462F212069A7
:10C44000FDF7E3F980463846FFF722FF20B9394669
:10C45000394803F0F3FB7CE7216907A8FDF760FA90
:10C4600018B92046FFF7D4FE73E7052D1ED060698A
:10C47000DFF8CC9002F020FE484506469ABF4FF404
:10C480007A735E436FF00106062D11D0A06902F0A9
:10C4900013FE48450FD84FF47A7343430093424646
:10C4A000334607A93846F8F763F90AE74FF0FF3635
:10C4B0004FF0FF33F2E76FF00103EFE71C4930461E
:10C4C00003F00EFA0028CCD1E06802F0F5FD8022DE
:10C4D00005462F212069FDF798F906462846FFF703
:10C4E000D7FE00283FF45DAF216907A8FDF718FAD1
:10C4F0000028B6D0324607A92846F8F7A3F9E0E6A7
:10C500000E49304603F0ECF9002840F09D80022DE2
:10C5100018D10390002528E02E22010012180100F6
:10C520003B1801004118010046180100671801007E
:10C530008F180100931801004A1801009A18010091
:10C5400037894100A6684249304603F0C9F9C8B9A5
:10C55000032D0390DED0E06802F0AEFD04460546F0
:10C56000FFF796FE00283FF446AF07AB03AA294623
:10C570000020F7F797FF00283FF4A3AE07A8F7F7CE
:10C58000EBFFF2E73349304603F0AAF918B9204629
:10C59000FFF75EFE95E6052D3EDD2F49304603F0A0
:10C5A0009FF9002839D11022002103A802F094FA43
:10C5B000E06802F081FD802206462F212069FDF708
:10C5C00024F907463046FFF763FE00283FF4B7AE74
:10C5D000216903A8FDF7A4F940B92049206903F0B7
:10C5E0007FF918B12046FFF733FEB2E6616907A86C
:10C5F000FDF796F90028F5D0062D0BD0A06902F0C2
:10C600005BFD80B20090334607AA394603A8F7F7CE
:10C61000E9FE56E60020F5E7E4D11149304603F083
:10C620005FF90028DED12F2120698022FDF7EDF887
:10C630002169054607A8FDF773F90028D2D02946DD
:10C6400007A8F7F71BFF3CE62168064801E700BF93
:10C65000411801002E22010046180100A018010017
:10C660008F1801001218010008B50146034803F0B5
:10C67000E5FABDE80840024802F09CB8A81801009D
:10C68000CD180100182811D9232837D02938C3B272
:10C690000C2B00D970470C2838D8DFE800F0233184
:10C6A00037373335373737373737210018282DD804
:10C6B000DFE800F0142C0D102C121E1A2C2C2C2C40
:10C6C0002C2C2C2C201C2C2C2C2C2C2C22001048FC
:10C6D00003F0B4BA0F48FBE70F48F9E70F48F7E754
:10C6E0000F48F5E70F48F3E70F48F1E70F48EFE78A
:10C6F0000F48EDE70F48EBE70F48E9E70F48E7E79A
:10C700000F48E5E70F48E3E70F48E1E7704700BF50
:10C71000551D0100651D0100721D0100881D0100ED
:10C72000901D0100A21D0100A71D0100B11D010007
:10C73000B51D0100C81D0100DA1D0100EF1D01003B
:10C74000FC1D0100131E0100F023010070B501461D
:10C750000B480C4D0C4E03F071FA002455F83410C0
:10C76000304603F06BFA152C04D1BDE87040074841
:10C7700002F020B87C2002F00FFB0134EEE700BF8E
:10C780001E1E0100BC2B010016210100351E0100F8
:10C7900007B56946F8F757FB6946034803F04EFAB8
:10C7A00003B05DF804FB00BF1621010010B50A4973
:10C7B0000822044603F004FA48B12378FF2B08D17D
:10C7C000607800F00F00831E5842584110BD0120D0
:10C7D000FCE70020FAE700BF1A2A01007FB50646F1
:10C7E0000C46104602A91546FDF72BFA28B9144845
:10C7F00001F0E0FF012004B070BD009002AB002208
:10C8000021463046F8F735FB002807DA0D4803F0DB
:10C8100015FA2046FFF736FF0B48E9E70B4803F00F
:10C820000DFA2046FFF72EFF094803F007FA3046BD
:10C83000FFF7AEFF0748294603F000FA0020DAE7C9
:10C84000371E0100AA1E01006B0F0100C01E01006F
:10C850001A240100F52401001FB501248DF80F10E2
:10C8600000940DF10F0300222021F8F702FB0028AD
:10C870000DDA9DF80F10074A074B0848A14214BF74
:10C880001146194603F0DAF9204604B010BD002025
:10C89000FBE700BFCE1E0100EC250100D31E010006
:10C8A000F0B5064685B018460C4617461D46F4F707
:10C8B0007FFE014668B10A220021284601F0FEFEF3
:10C8C0000390013023D11F4801F074FF012005B00F
:10C8D000F0BD1022284601F0F1FE03900130F2D0A5
:10C8E0000125039BB3F5803FEDD2022300933A4626
:10C8F00003AB21463046F8F7BCFA002809DA1248A3
:10C9000003F09CF92046FFF7BDFE1048DCE7002548
:10C91000E7E70F4803F092F92046FFF7B3FE0D4812
:10C9200003F08CF93046FFF733FF0B4803F086F92C
:10C93000039925B1094803F081F90020C7E70848A9
:10C94000F9E700BFF11E0100AA1E01006B0F0100F4
:10C95000C01E01001A2401003E1F0100431F0100F8
:10C960004C1F010003463038C2B2092A0BD9A3F18B
:10C970006100C2B2052A06D9413BDAB2052A94BF4A
:10C9800018464FF0FF3070477FB500251C46012345
:10C99000009316460DF10F032A468DF80F50F8F755
:10C9A0005CFAA8420EDB9DF80F30012B0AD1074834
:10C9B0003146013403F042F9082C03D9044803F04E
:10C9C0003DF92C46204604B070BD00BF1621010081
:10C9D000511F01007FB5064610460D4602F06CFB64
:10C9E00001248DF80F0000940DF10F030022294659
:10C9F0003046F8F73EFA00280BDA0F4803F01EF92C
:10CA00002846FFF73FFE0D4801F0D4FE204604B053
:10CA100070BD0B4803F012F92846FFF733FE0948B2
:10CA200003F00CF93046FFF7B3FE9DF80F100648EF
:10CA300003F004F90020EAE7AA1E01006B0F0100D1
:10CA4000C01E01001A2401005D1F01002DE9F04FF6
:10CA5000A7B00446884802AF03F0F0F82046FFF77D
:10CA600097FE202002F098F908230093022107F195
:10CA7000100300222046F8F7F0F9011E11DB01EB4C
:10CA80004103073323F007036D46ADEB030D02AA04
:10CA900007F11000FDF7B3F80146784803F0CEF82F
:10CAA000AD46022300220093114607F108032046F9
:10CAB000F8F7D3F9002803DB3989714803F0BEF891
:10CAC00004230093002207F10C0335212046F8F7D8
:10CAD000C4F9002803DBF9686A4803F0AFF80223C1
:10CAE0000093002207F1080329212046F8F7B5F941
:10CAF000002803DB3989644803F0A0F8022300937F
:10CB0000002207F1080306212046F8F7A6F90028BD
:10CB100003DB39895D4803F091F80223009300227A
:10CB200007F10A0369212046F8F797F9002804DB8A
:10CB3000B7F90A10564803F081F801230093002248
:10CB40007B1D57212046F8F788F9002806DB7A7903
:10CB5000504B514853F8221003F070F80123009312
:10CB60000022FB1D20212046F8F777F9002809DB79
:10CB7000F9794A4A4A4B4B48012914BF11461946D4
:10CB800003F05CF8484803F059F8082300930022AA
:10CB900007F1100303212046F8F75FF9051E1ADBA1
:10CBA00005EB4503073323F007036E46ADEB030D9A
:10CBB0000DF108083D4803F041F84246294607F1C7
:10CBC0001000FDF71CF80146394803F037F83648E5
:10CBD000B54603F033F802230093002207F10A035D
:10CBE00010212046F8F739F9002804DBB7F90A10BC
:10CBF000304803F023F801250095BB1D00221A21BF
:10CC00002046F8F72AF9002834DBBA792A4B2B485A
:10CC100053F8221003F012F80123009300227B1D29
:10CC200018212046F8F719F9002804DB79792448FF
:10CC300003F004F80135012600967B1D0022232114
:10CC40002046F8F70AF900283EDB0022FA71FB1DA6
:10CC5000009622212046F8F700F9002806DBFB7930
:10CC6000B34203D17979174802F0E8FF0E4802F089
:10CC7000E5FF2BE00025CFE7741F01007C1F0100BA
:10CC8000891F0100981F0100AB1F0100B71F0100A1
:10CC9000C41F0100842B0100CF1F0100CE1E010024
:10CCA000EC250100D91F0100511F0100E41F010004
:10CCB000D51F0100F21F0100A02B0100052001007B
:10CCC0001120010025200100002DCFD1B54A0023FD
:10CCD00014212046FFF758FEB34A0346152120468B
:10CCE000FFF752FEB14A034617212046FFF74CFEDC
:10CCF000AF4A034613212046FFF746FEAD4A0346DE
:10CD00001B212046FFF740FEAB4A03462621204662
:10CD1000FFF73AFEA94A034622212046FFF734FED8
:10CD2000A74A00F109031F212046FFF72DFEA54A5F
:10CD300003463F212046FFF727FEA34A034638213A
:10CD40002046FFF721FEA14A034636212046FFF781
:10CD50001BFE9F4A034665212046FFF715FE02236E
:10CD60000093054607F10803002211212046F8F739
:10CD700074F8002804DD3989964802F05FFF013518
:10CD80000222009207F1080311212046F8F765F806
:10CD9000002804DD3989904802F050FF0135012355
:10CDA000009300227B1D07212046F8F756F8002843
:10CDB00004DD7979894802F041FF01352B46884A24
:10CDC0000E212046FFF7E0FD864A03460F2120464C
:10CDD000FFF7DAFD844A034640212046FFF7D4FDE1
:10CDE000824A00F1090341212046FFF7CDFD0223CD
:10CDF0000093054607F10803002205212046F8F7B5
:10CE00002CF8002804DB3989794802F017FF013536
:10CE100015B1784802F012FF022507F1080300223D
:10CE2000272100952046F8F718F8734A734900281F
:10CE3000D8BF1146724802F001FF6E4802F0FEFEB4
:10CE400020230093002207F1180309212046F8F758
:10CE500004F8B0F1000913DB00263E8707F1380320
:10CE6000009532460B212046F7F7F7FFDFF884B133
:10CE70004FEA191907F1180507F1380AB14511D120
:10CE800030230093002207F160030C212046F7F7BE
:10CE9000E4FF002867DA5B4801F08CFC9437BD465C
:10CEA000BDE8F08F58481AF8018B02F0C7FE28221F
:10CEB000294607F16000FCF745FD544807F1600181
:10CEC00002F0BCFE2846FFF771FCA0B1504802F00A
:10CED000B5FE18F0200F02D04E4802F0AFFE18F059
:10CEE000070130D04C4802F0A9FE584602F0A6FED9
:10CEF00001361035C2E72B885BBA23F03F031B04D1
:10CF00001B0C4FF6C062934207D02B78FF2B0AD13F
:10CF10006B7803F00F03052B01D14048D7E70E2BA8
:10CF20000FD03F48D3E73F491022284602F048FE81
:10CF30000028F6D03C491022284602F041FE002885
:10CF4000EFD03A48C3E708F01F08B8F1080F04D043
:10CF5000B8F1100F05D0364800E0364802F06EFEFA
:10CF6000C3E73548FAE7DFF8D480DFF88890050991
:10CF700007F160040026B5428DD02378FF2B0AD13B
:10CF80002146282207F13800FCF7DCFC07F13801C4
:10CF9000404602F053FE484602F050FE013610347F
:10CFA000E9E700BF38200100422001004C200100C9
:10CFB00056200100602001006A2001007920010054
:10CFC000802001008A20010096200100A22001009B
:10CFD000AD200100B4200100C1200100CB200100E0
:10CFE000D3200100D9200100E3200100E920010045
:10CFF000F0200100511F01006B1F0100651F01009F
:10D000000B2101006B0F01001921010026210100F5
:10D01000322101004B21010056210100372101007E
:10D02000432101003A2A01002A2A01003C21010083
:10D030006C210100602101006621010072210100C4
:10D0400010B5014604460D4802F0F8FD21460C4893
:10D0500002F0F4FD21460B4802F0F0FD2046FFF7F8
:10D0600003FB2046FFF772FB2146074802F0E6FD6E
:10D0700021460648BDE8104002F0E0BD82210100D3
:10D080008D2101009D210100BA210100062201002D
:10D090002DE9F04F012889B0814602AF0D4619DC19
:10D0A00000240CE00020FDF7C7FB0546FDF7C4FB9C
:10D0B00008B18442F9D12846FFF7C8FC2C4600206D
:10D0C000FDF7BAFB8442EDD1002420461C37BD4653
:10D0D000BDE8F08F4C68204601F092FC01462046E6
:10D0E000FDF7B2FB064690B96C68A249204602F0F3
:10D0F000F7FB20B1A049204602F0F2FB18B92868DE
:10D10000FFF79EFFE0E79D4801F054FB17E0B9F1FF
:10D11000020F02D1FFF79AFCD6E7D5F808809849AC
:10D12000404602F0DDFB0446002840F04882B9F199
:10D13000040FD5F800A004DC5046FFF795FA01244F
:10D14000C3E7D5E903858F48414602F0C9FB20B10A
:10D150008D48414602F0C4FB30B92A4602213046D0
:10D16000FFF73CFB0446B0E78848414602F0B8FBB5
:10D1700010B92A460321F2E78548414602F0B0FB88
:10D1800028B92A462A213046FFF724FCEAE78148DD
:10D19000414602F0A5FB28B17F48414602F0A0FBC2
:10D1A000002842D12846F4F703FA014648B10A2282
:10D1B0000021284601F082FAB86001301CD177487E
:10D1C000A2E72022284601F079FAB8600130F6D0B3
:10D1D000012504230093002207F10803352130467E
:10D1E000F7F747FE002809DA6D4802F027FD6D4881
:10D1F00002F024FD6C4887E70025EAE76B4802F05F
:10D200001DFD684802F01AFD694802F017FD30461E
:10D21000FFF7BEFA674802F011FDB9681DB1664814
:10D2200002F00CFD51E76548FAE76548414602F017
:10D2300057FB20B16348414602F052FB30B900224F
:10D240002B4611463046FFF72BFB8BE75E484146E5
:10D2500002F046FB10B92A46232194E75B48414679
:10D2600002F03EFB20B15A48414602F039FB10B9AA
:10D270002A46072187E75748414602F031FB04461A
:10D2800000286DD12846C7F804D001F0B9FB4FEA59
:10D29000500909F1070323F00703ADEB030D0E2836
:10D2A00080460DF1080A13D14B4802F0C7FC013546
:10D2B000002115F8010CFFF755FB83462878FFF78E
:10D2C00051FBBBF1FF3F01D0431C1CD1434814E08C
:10D2D000102801D14248E8E7202801D14148E4E77D
:10D2E000302801D14048E0E7402801D13F48DCE741
:10D2F000802801D13E48D8E73E4801F05BFA01247E
:10D30000D7F804D0E1E64A08023100EB0B1088455B
:10D310000AF8020005F10205CBD8CDF8009053467B
:10D3200000222E213046F7F7A4FD002801DA32480A
:10D33000E3E7324802F082FC3046FFF729FA1D4845
:10D340002F4E01F037FA00251AF805103046013546
:10D3500002F074FCA945F7D8134801F02BFACFE787
:10D360002848414602F0BCFA00284DD12B46022243
:10D37000112167E72E2201002C2201003322010037
:10D380007A2401005222010057220100622201008A
:10D390006C2201007A22010084220100892201000E
:10D3A000AA1E0100901D01006B0F0100C01E0100AC
:10D3B0001A2401003E1F0100431F01004C1F010001
:10D3C000881D0100D6220100DB220100E8220100B5
:10D3D000EB220100D7230100F5220100C023010048
:10D3E000122301002F2301004D2301006B230100B4
:10D3F00089230100A7230100DB230100FF23010093
:10D40000292401002E240100AB48414602F068FAAD
:10D4100048B1AA48414602F063FA20B1A848414603
:10D4200002F05EFA18B92B46002206210AE7A54849
:10D43000414602F055FA024610B92B46292101E770
:10D44000A148414602F04CFA044618BB284601F0B8
:10D4500033FE0223388122460093102107F108038E
:10D460003046F7F706FD002804DA984802F0E6FB9C
:10D470009748BDE6974802F0E1FB954802F0DEFBD5
:10D48000954802F0DBFB3046FFF782F9B7F9081048
:10D490009248C5E69248414602F022FA10B92A465F
:10D4A000182170E68F48414602F01AFA024610B978
:10D4B0002B460521C6E68C48414602F011FA044687
:10D4C00000287FF439AE8948294602F009FA00287D
:10D4D00049D08748294602F003FA002843D08548FE
:10D4E000294602F0FDF9002852D08348294602F06F
:10D4F000F7F900284CD08148294602F0F1F90028BC
:10D5000048D07F48294602F0EBF9002842D07D48F8
:10D51000294602F0E5F900283ED07B48294602F072
:10D52000DFF9002838D07948294602F0D9F9A8B3A4
:10D530007748294602F0D4F980B37648294602F0AC
:10D54000CFF968B37448294602F0CAF940B373486A
:10D55000294602F0C5F928B37148294602F0C0F9FE
:10D5600000B37048D0E523463B72012300930022AC
:10D5700007F108031A213046F7F77BFC00286A4DB3
:10D5800012DA3B7A694855F8231002F057FBD6E5CA
:10D590000123E9E70223E7E70323E5E70423E3E7C1
:10D5A0000523E1E70623DFE7614802F047FB304649
:10D5B000FFF7EEF83B7A5F4855F8231030E65E49F6
:10D5C000404602F08DF920B901213046FFF744F9B9
:10D5D000C8E55A49404602F083F901460028F4D0D4
:10D5E0005749404602F07CF90446002840F0B880D4
:10D5F000B9F1030FD5F800A002D152485146C4E753
:10D60000B9F1040FD5F80C8023D04F49404602F001
:10D6100067F9A0B9D5F8108001252F214022404696
:10D62000FCF7F3F84146B0F1000907F10800D8BF54
:10D630004FF04009FCF774F968B9444864E544497F
:10D64000404602F04DF90028D7D1D5F810800546A4
:10D65000E3E70546E1E73B7AFF2B4FF010030BD1E0
:10D660000093002207F108030C213046F7F701FC74
:10D67000002814DA374847E5012D0CBF302110216E
:10D680005FFA89F2009341EA022207F108030921B7
:10D690003046F7F7EEFB002801DA2F4834E52F4833
:10D6A0005FFA89F2414602F0C9FA3046FFF770F896
:10D6B0000A2001F071FB08E5322401003624010044
:10D6C0003A240100A21D010041240100AA1E01000C
:10D6D000C81D0100C01E01001A2401005D1F0100C9
:10D6E000472401004F2401004F1D01005724010071
:10D6F0005B240100CE2601005F24010065240100A7
:10D700006A240100130901006F2401007224010042
:10D7100075240100782401007E2401008424010086
:10D720008C24010094240100A02B0100DB240100C3
:10D73000FD240100F5240100EC250100CE1E0100AE
:10D7400046180100BA2101001E2501002E25010006
:10D7500026250100532501007E250100A02501009A
:10D760003949404602F0BCF8044668BBB9F1030FE2
:10D7700002D12968354808E7ED6807F10800294615
:10D78000FCF7CEF800283FF458AF3B7AFF2B4FF060
:10D79000100300934FF0000207F1080307D10D2199
:10D7A0003046F7F766FB002809DA2948ACE40A217D
:10D7B0003046F7F75EFB002801DA2648A4E4294644
:10D7C000254802F03BFA70E72449404602F088F809
:10D7D000D5F8009008B9484692E498F800302D2B0F
:10D7E0001F4B06BF08F101084FF0000A4FF0010A75
:10D7F000002553F83500414603EBC50B02F070F8E5
:10D80000174B0446C0B9012587F808A002469BF8CB
:10D810000410009507F108033046F7F72AFB0028AB
:10D8200001DA104870E4397A0F4A104B1048002989
:10D830000CBF11461946F3E40135162DD9D14846DF
:10D84000FEF784FF7BE400BF8F1801000622010071
:10D85000C3250100EF250100142601002E2201003E
:10D86000BC2B010036260100292201006B0F0100AC
:10D8700052260100427C044B02F00F0203EB02131C
:10D8800000210174996070471841002008B50146D5
:10D89000054802F0D3F9054800F08CFFBDE80840C8
:10D8A000034800F087BF00BF38270100812701002F
:10D8B000CA2701002DE9F04101288EB007460D4628
:10D8C00024DC5148514E00F075FF514800F072FFC2
:10D8D0000025E8B2F9F7C0F9044678B101462822DC
:10D8E00004A8FCF72FF8618A237C0191617C090967
:10D8F000024600913046294602F0A0F90135102D6C
:10D90000E7D1002420460EB0BDE8F081D1F80480B4
:10D910004048414601F0E4FF2E680446002846D105
:10D92000042F03DC3046FFF7B1FF22E0A868D5E9F9
:10D93000037801F0C1FB0F280546F3D8364800F004
:10D9400039FF3846354903AA01F01EFA0746002878
:10D95000E8D0324903AA204601F016FA0028E1D0A7
:10D9600001F0AAFB431E802B064604D92C4800F088
:10D9700021FF0124C6E7394604A8FBF7D1FF102296
:10D9800028490DEB020002F01BF908B92648EEE722
:10D99000404601F091FB01230093F2B283B204A947
:10D9A000E8B2F9F77BF90028ACD12048DFE720483E
:10D9B000414601F095FF0028B4D1A86801F07CFB36
:10D9C0000F280446AED81B4D134805EB041500F094
:10D9D000F1FEAE689EB9E0B2F9F73EF9002890D0AA
:10D9E000437C468223F010034374134B134AC5E96A
:10D9F0000230134B2946186800F03BFA81E72146B4
:10DA0000104802F01BF9B4E7E92701005D28010086
:10DA1000212801004618010077280100B0280100E4
:10DA2000B22801003A2A0100DC280100F828010090
:10DA30008F1801001841002075D80000E093040001
:10DA4000702D010013290100012810B50B4608DCD8
:10DA5000094800F0AFFE094800F0ACFE0124204662
:10DA600010BD0749586801F03BFF04460028EFD17C
:10DA7000FCF7DAFFF3E700BF3A2901004129010072
:10DA80005724010008B5FDF7BBFE002008BD08B50E
:10DA9000F3F792FB002008BD08B5024800F08AFEAB
:10DAA000002008BD58290100EFF3108372B6002250
:10DAB000017D027583F3108819B18368D0E90302F0
:10DAC0001847704770B506460C461546FBF7A7F891
:10DAD000037D1C430475C0E903650146BDE8704041
:10DAE0008069F3F769BC0000F8B50F4616461D467D
:10DAF0000446FBF794F8002303750360054B43606D
:10DB0000876186602A4620460349BDE8F840FBF756
:10DB100083B800BFA9DA0000C5DA000010B500B173
:10DB200009B9F3F729F803680A6893420ED1C48A49
:10DB3000CA8A94420AD1042B08D11022043104303D
:10DB400002F03EF8B0FA80F0400910BD0020FCE77A
:10DB50000A4601460148FBF7A0BF00BF440400206D
:10DB6000FBF790BF034B044A4FF4E1310020FDF76F
:10DB70004BB900BF4404002061DB000010B50A4629
:10DB80000C4601460020FDF71BFA204610BD8268B6
:10DB90000168531C83604368013B1340C85C7047B5
:10DBA0002DE9F04105460F461446EFF3108872B692
:10DBB000164646B1EFF3108172B6D5E9022381F320
:10DBC00010889A4204D188F31088A01BBDE8F08128
:10DBD0002846FFF7DCFF013E07F8010BE9E730B507
:10DBE000EFF3108472B6EFF3108572B6D0E902231A
:10DBF0009B1A426885F3108893420BD0C26805686F
:10DC0000531CC3604368013B13400020E95484F374
:10DC1000108830BD4FF0FF30F9E700F12401006AB1
:10DC200000F00EB910B50446006A4369013313D001
:10DC300000F0C9F878B1636B94F83840A0FB030397
:10DC4000C4F12001A4F12002E04003FA01F10843ED
:10DC500023FA02F2104310BD83685B689847E9E736
:10DC600030B4436C90F840501944C36BC5F12004A4
:10DC7000A1FB0313A5F12002E94003FA04F42143B8
:10DC800023FA02F20A4330BC00F12401006A00F0DA
:10DC9000F0B800002DE9F04104460F46154600217A
:10DCA00048221E4600F018FF1D4BA3601D4B276243
:10DCB000C4E90B340DB9F2F75FFF002EFBD03246FA
:10DCC000294604F13400F3F7D3FC2A46314604F127
:10DCD0003C00F3F7CDFCB5424FF0FF3319D294F876
:10DCE0003850616BC5F12000A1FB031303FA00F06B
:10DCF000A5F12002E94023FA02F2014311434B1C33
:10DD000061610AD0A36820461B68BDE8F04149085C
:10DD10001847B5FBF6F563616564BDE8F08100BFA7
:10DD2000642D0100E1DE00000346006838B10A6896
:10DD300022B9D868431A58425841704701207047A9
:10DD40000346006848B1416831B902681A600AB9EF
:10DD5000DA607047016070470020704741690268CF
:10DD60008368B1F1FF3F07D01B6849081AB15268B8
:10DD7000914228BF1146184712B11B685168FAE753
:10DD80009B68184738B505460C46FFF7CDFF08B924
:10DD9000F2F7F2FE28460246006898B1A042FAD196
:10DDA000EB68A34204D1AA4214BF13460023EB60E0
:10DDB000236813601BB15A6861680A445A600023E3
:10DDC0002360012038BD38B5436904460BB9F2F72A
:10DDD000D3FEEFF3108572B683685B6898470246FE
:10DDE000D4E90510E36982423ABF0131891811462E
:10DDF0001B1A5818C4E9062085F3108838BD4269FB
:10DE0000013201D0FFF7DFBF83685B68184738B580
:10DE100005464468FFF7F3FF2B6833B1021B00246B
:10DE20005968914203D3891A5960686038BD521A03
:10DE30005C601B68002BF8D059680029F9D0EFE727
:10DE4000F8B505460E46EFF3108772B6FFF76CFF84
:10DE5000044650B12846FFF7DAFF31462846FFF75F
:10DE600091FF04462846FFF779FF87F31088204684
:10DE7000F8BD2DE9F04105460E461446EFF3108833
:10DE800072B6FFF7C4FF314607462846FFF74CFF3E
:10DE900010B12846FFF776FF2B8AA34234BFE21A5F
:10DEA000002272602B4600211C461B6883B9501A61
:10DEB0003360706093B1891A5A680A445A602660C8
:10DEC0002846FFF74BFF88F310883846BDE8F081FD
:10DED000586808448242EAD30146E5E7EE60EEE77F
:10DEE0004369013310B5044619D0FFF788FF236852
:10DEF00083B161685B681944081A00280FDD616905
:10DF0000A368490881421B6828BF01462046BDE836
:10DF1000104018476169A36849081B68F6E7236841
:10DF20003BB92046FFF71AFFEFF30583DBB2BBB125
:10DF300010BD626859680A44626000225A60204637
:10DF4000FFF7FEFE0028ECD0D0E9023098472046CB
:10DF5000FFF7F6FE0028F7D12046FFF758FFEEE75F
:10DF6000034B4FF080525A60BFF36F8FE0E700BF62
:10DF700000ED00E010B50A4C0A4A0B484FF0FF33A1
:10DF8000002100F063F8204600F030F821460748F1
:10DF9000BDE810404FF400434FF47A72FFF77ABEA9
:10DFA000A042002040420F005804002058420020A8
:10DFB000FCF774BDFCF758BD70B504460D46EFF391
:10DFC000108672B6FCF750FD022D2CBF40190230AE
:10DFD0000449224620F07F40FCF74CFD86F3108870
:10DFE00070BD00BFE9DF0000FFF77ABF0A4B10B534
:10DFF000044683606FF07F434361FCF721FDFCF72B
:10E0000055FD61694B1C06D0A36820461B68BDE81E
:10E0100010404908184710BD782D0100FFF760BF78
:10E02000006A0021FCF716BE006AFCF73FBE828C36
:10E030008A4210B538BF0A46EFF3108472B6002149
:10E04000006AFCF743FE84F3108810BD10B5044647
:10E05000084611460A4AA26063610A4A20622346C2
:10E06000FCF7AAFD08B1F2F787FD61694B1C06D0E9
:10E07000A36820461B68BDE810404908184710BD3A
:10E08000842D01001DE00000F2F708BBB0F900107C
:10E09000F2F72CBA10B586B0EFF3058212F0FF024A
:10E0A00001D0F2F769FD4FF0FF33CDE90132094BA2
:10E0B0000493438A03928B4238BFCA1A01AC02A967
:10E0C0000594FFF7D6FE01212046F2F7B1FA06B01B
:10E0D00010BD00BF89E0000070B4044EBDF90C50C3
:10E0E000C1E902631D8070BCFFF7C3BE8DE0000074
:10E0F00053B94AB9002908BF00281CBF4FF0FF31AF
:10E100004FF0FF3000F06AB9ADF1080C6DE904CEB4
:10E1100000F006F8DDF804E0DDE9022304B0704702
:10E120002DE9F047089D0E4604460F46002B4AD1C4
:10E1300094468C45B2FA82F260D942B1C2F1200312
:10E14000974020FA03F30CFA02FC1F4394404FEA75
:10E150001C4E1FFA8CF6B7FBFEF1230C0EFB117759
:10E1600043EA074301FB06F098420AD91CEB03037C
:10E1700001F1FF3780F01581984240F21281023997
:10E1800063441B1AA4B2B3FBFEF00EFB103344EA47
:10E19000034400FB06F6A6420AD91CEB040400F176
:10E1A000FF3380F00081A64240F2FD8064440238D3
:10E1B00040EA0140A41B00211DB1D4400023C5E961
:10E1C0000043BDE8F0878B4205D90DB1C5E90001D8
:10E1D00000210846F5E7B3FA83F1002946D1B3429E
:10E1E00002D3824200F2F580841A66EB030201201A
:10E1F0001746002DE5D0C5E90047E2E7002A40F0C8
:10E200009380A1EB0C034FEA1C471FFA8CFE0121FF
:10E21000B3FBF7F607FB1630230C43EA00430EFB73
:10E2200006F0984208D91CEB030306F1FF3802D22E
:10E23000984200F2D08046461B1AA4B2B3FBF7F016
:10E2400007FB103344EA03440EFB00FEA64508D941
:10E250001CEB040400F1FF3302D2A64500F2B680A5
:10E260001846A4EB0E0440EA0640A5E7C1F12007DA
:10E270008B4022FA07FC4CEA030C06FA01FE20FA56
:10E2800007F426FA07F344EA0E0400FA01F84FEA0D
:10E290001C404FEA1449B3FBF0FE1FFA8CF600FB5A
:10E2A0001E3349EA03430EFB06F9994502FA01F2CF
:10E2B0000BD91CEB03030EF1FF3A80F085809945E2
:10E2C00040F28280AEF1020E6344A3EB0909A4B2CE
:10E2D000B9FBF0F300FB139944EA094403FB06F68B
:10E2E000A64208D91CEB040403F1FF3068D2A64211
:10E2F00066D9023B644443EA0E40A41BA0FB02E63D
:10E30000B4427346B14652D34FD05DB1B8EB03026D
:10E3100064EB090404FA07F722FA01F31F43CC4027
:10E32000C5E9007400214CE7C2F1200120FA01F395
:10E330000CFA02FC26FA01F1964033434FEA1C47DF
:10E340001FFA8CFEB1FBF7F007FB1016190C41EA1F
:10E35000064100FB0EF68E4204FA02F408D91CEBCB
:10E36000010100F1FF382DD28E422BD902386144D1
:10E37000891B9BB2B1FBF7F607FB161143EA014379
:10E3800006FB0EF1994208D91CEB030306F1FF3896
:10E3900014D2994212D9023E63445B1A46EA004104
:10E3A00036E73946EDE6184602E7F045ADD2BEEB5A
:10E3B000020366EB0C060138B146A6E74646ECE7D9
:10E3C000034698E74046D3E7D6467EE764440238E2
:10E3D00047E708460DE7023E63442DE7704700BF5C
:10E3E00011F0FF01034600F0030239D08ABB026836
:10E3F00010B501EB012E0EEB0E4E8EEA0204A2F1D7
:10E40000013323EA0203A4F1013222EA0402134396
:10E4100013F0803F0FD150F8044F84EA0E0CA4F1A2
:10E420000133ACF1013223EA040322EA0C02134364
:10E4300013F0803FEFD0037823B936E010F8013FA6
:10E44000002B32D09942F9D110BD8A4228D09A07C8
:10E4500029D01A7818460133002AF6D110467047A1
:10E46000CAB90268A2F1013323EA020313F0803F24
:10E4700008D150F8042FA2F1013323EA020313F06C
:10E48000803FF6D003785BB110F8013F002BFBD141
:10E490007047990705D0184613F8012B002AF8D1C8
:10E4A00070471846DDE71846A1E7184610BD00BFC3
:10E4B00080EA0102844612F0030F4FD111F0030FDE
:10E4C00032D14DF8044D11F0040F51F8043B0BD03C
:10E4D000A3F101329A4312F0803F04BF4CF8043B91
:10E4E00051F8043B16D100BF51F8044BA3F101329F
:10E4F0009A4312F0803FA4F101320BD14CF8043B57
:10E50000A24312F0803F04BF51F8043B4CF8044B87
:10E51000EAD023460CF8013B13F0FF0F4FEA3323F8
:10E52000F8D15DF8044B704711F0010F06D011F8D7
:10E53000012B0CF8012B002A08BF704711F0020FC5
:10E54000BFD031F8022B12F0FF0F16BF2CF8022BB0
:10E550008CF8002012F47F4FB3D1704711F8012BD3
:10E560000CF8012B002AF9D1704700BF2DE9F047C4
:10E57000074649480E46354616F801EB10F80EC01E
:10E580001CF0080CF7D1BEF12D0F5AD0BEF12B0FA5
:10E5900003BF96F800E06446AE1C64464BB9BEF17A
:10E5A000300F5CD00A23DFF8F4804FF0050A99465B
:10E5B0000AE0102B4AD04FF0FF38B8FBF3F803FB0A
:10E5C00008FA6FEA0A0A99460025284605E02CD089
:10E5D00009FB00C0012516F801EBAEF1300CBCF1CF
:10E5E000090F06D9AEF1410CBCF1190F0BD8AEF1F1
:10E5F000370C634510DDB5F1FF3FECD04045E6D95F
:10E600004FF0FF35E7E7AEF1610CBCF1190F03D80D
:10E61000AEF1570C6345EEDC6B1C0BD004B14042ED
:10E620000AB165B91160BDE8F087D445D0DD4FF07F
:10E63000FF35D0E722233B602846002AF3D0711E25
:10E64000F0E796F800E00124AE1CA7E7BEF1300F1A
:10E6500011D04FF00F0A6FF070489946B4E7337845
:10E6600003F0DF03582B0BD008234FF0070A6FF09D
:10E6700060489946A8E7307800F0DF005828E8D1D4
:10E680004FF0100996F801E04FF00F0A02366FF0D4
:10E6900070484B4698E700BF912D01009999991950
:10E6A00064E700BF10B4044C8446134620685DF84C
:10E6B000044B0A46614659E78004002010B4044C1C
:10E6C0008446134620685DF8044B0A4661464DE7D0
:10E6D0008004002070B50F4B0F4DAB42A3EB050635
:10E6E00007D0B610002455F8043B01349847A642E1
:10E6F000F9D8FCF707F9094D094B5E1BAB424FEA0D
:10E70000A60606D0002455F8043B01349847A642DB
:10E71000F9D870BD142F0100142F0100142F01002F
:10E72000142F0100036A2DE9F041846880460E46EB
:10E73000002B3BD0A3891B0717D52369ABB1013E42
:10E74000A36816F8015F013BA360EDB1002B07DA67
:10E75000A7699F4222462946404610DC0A2D0ED06A
:10E7600023685A1C22601D70EAE72146404600F0EB
:10E77000E3FD0028E3D04FF0FF30BDE8F08101F069
:10E78000FBFB0130DCD1F6E7002B09DA22460A2137
:10E79000404601F0F1FB0130EDD00A20BDE8F081E8
:10E7A00023680A22591C21601A70F6E700F0F4F879
:10E7B000C0E700BF024B01461868FFF7B3BF00BFB8
:10E7C0008004002000207047024A0349034800F0FB
:10E7D00031BD00BFD0040020A1EC00008404002063
:10E7E0000C4B4168994210B5044601D000F058FA2C
:10E7F000A168094B994202D0204600F051FAE16825
:10E80000064B994204D02046BDE8104000F048BABB
:10E8100010BD00BFC04200202843002090430020CC
:10E82000002070472DE9F8432A4C2B49DFF8BC90B3
:10E83000DFF8BC80294FC4F83811002504230822D2
:10E84000294604F15C00264EE360C4E90055C4E9A2
:10E850000455A5606566A56100F03EF9214B63672C
:10E860000822294604F1C400C4E90849C4E90A871A
:10E87000C4E91A55C4E91E552567C4F8CC50C4F83C
:10E880008050266300F028F9174BC4F8DC30294685
:10E8900004F16803082204F59670C4F88830C4E9CE
:10E8A0002398C4E92576C4E93455C4E93855C4F839
:10E8B000D850C4F83451C4F8E85000F00DF904F110
:10E8C000D003C4E93D98C4E93F76C4F8F030BDE810
:10E8D000F88300BFC0420020C9E7000081000100AA
:10E8E000A50001000900010012000200190001004A
:10E8F00041000100F8B5254BD3F838310646002B0E
:10E900003CD0234FD7E90134013B04D51DE05A1C0C
:10E9100004F1680419D0B4F90C50013B002DF6D174
:10E920001C4BE360C4E90155C4E9045565662560E4
:10E93000A5610822294604F15C0000F0CDF8C4E985
:10E940000D55C4E912552046F8BD3D680DB12F465E
:10E95000D8E74FF4D671304600F050FA044680B143
:10E960000423C0E900530C302946A0604FF4D07254
:10E97000254600F0B1F83C602F46C3E7FFF752FF91
:10E98000BFE70C2338603360DDE700BFC0420020E2
:10E99000D00400200100FFFF036A03B17047044B5D
:10E9A000044AD3F838310262002BF7D13AE700BFAE
:10E9B000C0420020E1E70000704700BF704700BF81
:10E9C000024A0349002000F035BC00BFD0040020FB
:10E9D000C5E70000024A0349002000F02BBC00BF3D
:10E9E000D004002021E8000000000000000000002A
:10E9F0000000000000000000000000000000000017
:10EA000030B490F800F020F007016FF0000C10F027
:10EA1000070491F820F040F048804FF000046FF0B8
:10EA20000700D1E9002391F840F000F1080082FAD4
:10EA30004CF2A4FA8CF283FA4CF3A2FA8CF34BBB9F
:10EA4000D1E9022382FA4CF200F10800A4FA8CF218
:10EA500083FA4CF3A2FA8CF3E3B9D1E9042382FAE6
:10EA60004CF200F10800A4FA8CF283FA4CF3A2FAFB
:10EA70008CF37BB9D1E9062301F1200182FA4CF233
:10EA800000F10800A4FA8CF283FA4CF3A2FA8CF39A
:10EA9000002BC6D0002A04BF04301A4612BAB2FABC
:10EAA00082F200EBD20030BC7047D1E9002304F0C1
:10EAB0000305C4F100004FEAC50514F0040F91F8F6
:10EAC00040F00CFA05F562EA05021CBF63EA050393
:10EAD00062464FF00004AAE7830730B547D0541EC2
:10EAE000002A3ED0CAB2034601E0013C39D303F804
:10EAF000012B9D07F9D1032C2CD9CDB205EB0525AF
:10EB00000F2C05EB054535D9A4F1100222F00F0CAE
:10EB100003F1100EE6444FEA121C1A46C2E90055F2
:10EB2000C2E9025510327245F8D10CF1010214F01D
:10EB30000C0F03EB021204F00F0C13D0ACF1040322
:10EB400023F003030433134442F8045B9342FBD1E4
:10EB50000CF003042CB1C9B21C4403F8011BA342FE
:10EB6000FBD130BD64461346002CF4D1F9E70346CF
:10EB70001446C0E71A46A446E0E700BFB1F90C30DE
:10EB80002DE9F0411E070C4680463DD44A68002A14
:10EB900056DDE56A002D34D00022D8F80060C8F8B0
:10EBA000002013F48052216A57D101234046A84720
:10EBB000451C024666D0B4F90C30E56A216A580754
:10EBC00005D56368D21A636B0BB1236CD21A00238C
:10EBD0004046A847431C42D000236360236923605A
:10EBE000A389DF0400D56065616BC8F8006041B19E
:10EBF00004F14403994202D0404600F07FF900231B
:10EC000063630020BDE8F0810E69002EF9D09B07F8
:10EC10000D6808BF4B690E6018BF0023AD1B8B60E9
:10EC20000BE02B463246216AA76A4046B847B0F14E
:10EC3000000CA5EB0C05664406DD002DF1DCE0E7D9
:10EC40000A6C002AA5DCDCE7B4F90C3043F0400381
:10EC5000A3814FF0FF30BDE8F081626DAFE7D8F8D7
:10EC60000010B4F90C301D29F0D80C4ACA40D50761
:10EC7000ECD52269226000226260DA04B4D5002952
:10EC8000B1D0B1E7D8F80030002B94D01D2B01D0C3
:10EC9000162BD9D1C8F80060B3E700BF01004020AF
:10ECA0000B69B3B110B5044682B008B1036A5BB119
:10ECB000B1F90C3013B9002002B010BD204602B0EB
:10ECC000BDE81040FFF75ABF0191FFF765FE0199BB
:10ECD000EEE70020704700BFB8B138B50D4A0369B0
:10ECE000156804462BB10DB12B6A53B1B4F90C3041
:10ECF0000BB9002038BD21462846BDE83840FFF753
:10ED00003DBF2846FFF748FEF0E7034A03490448A1
:10ED100000F090BA80040020D0040020A1EC000094
:10ED20008404002018B3F0B407468C4617F8015B42
:10ED300001E0A54214D01CF8014B002CF9D1DDB143
:10ED40003E460C4616F8015B00E063B114F8013B47
:10ED50009D42FAD14DB100233B701660F0BC704764
:10ED600073B13846E0E73746EAE72E46F5E7106824
:10ED70000028D8D10020704715600020F0BC7047F3
:10ED800017600370EAE700BF0123FFF7CBBF00BFA6
:10ED9000826800F0CDBB00BF024B01461868826854
:10EDA00000F0C6BB80040020014B1868704700BF0C
:10EDB0008004002070B5104E336805460C46B3B190
:10EDC00021462846FBF7A6FD431C0CD0C41C24F0AA
:10EDD0000304A04205D0211A2846FBF79BFD013011
:10EDE00001D0204670BD4FF0FF34204670BD19465B
:10EDF000FBF790FD3060E3E7FC4300202DE9F8438A
:10EE0000CD1C25F0030508350C2D38BF0C25002D31
:10EE1000064618DBA94216D8DFF8DC8000F046FC75
:10EE2000D8F80420A2B1144603E0636822467BB1FF
:10EE30001C4623685B1BF8D40B2B1FD894426368D5
:10EE400054D053600CE00C2333600020BDE8F883FD
:10EE500029463046FFF7AEFF431C044619D0056033
:10EE6000304600F025FC04F10B00231D20F00700C4
:10EE7000C21A1CBF1B1AA350BDE8F8836119944243
:10EE8000256014BF5160C8F80410635163684B607B
:10EE9000E6E7D8F804701FB33C467F68002FFBD12B
:10EEA00023683946304604EB0309FBF733FD8145FF
:10EEB00016D12368ED1A29463046FFF77BFF013053
:10EEC0000ED02368D8F804202B442360536883B104
:10EED000A34203D01A465B689C42FBD10023B0E7F3
:10EEE0000C233360304600F0E3FBAEE7C8F8043093
:10EEF000B6E7C8F80470B3E7FC430020002950D0FF
:10EF000038B551F8043C0C1F002BB8BFE418054677
:10EF100000F0CCFB274A13682BB1A3420CD921681F
:10EF2000601883422CD0636028461460BDE83840E6
:10EF300000F0BEBBA3420FD81A465B68002BF9D184
:10EF400011685018844217D02CD36360546028464F
:10EF5000BDE8384000F0ACBB11685018A04214D096
:10EF600020D8216860188342EFD118685B68084494
:10EF7000C4E900035460EAE723680B441360E6E742
:10EF800018685B6808442060CDE720680144501889
:10EF900083421160DBD1D3E900040144C2E90014CB
:10EFA000D5E770470C232B602846BDE8384000F0B9
:10EFB0007FBB00BF0044002088420ED98B188342DB
:10EFC0000BD900EB020C002A6ED0624613F801CD7B
:10EFD00002F801CD9942F9D170470F2A0FD80346A4
:10EFE00002F1FF3C002A5FD00CF1010C013B8C4484
:10EFF00011F8012B03F8012F6145F9D1704740EA60
:10F0000001039B0751D1A2F1100370B501F1200C4F
:10F0100023F00F0501F1100E00F11004AC441B09A0
:10F020005EF8105C44F8105C5EF80C5C44F80C5C14
:10F030005EF8085C44F8085C5EF8045C44F8045C24
:10F040000EF1100EE64504F11004E9D1013312F07F
:10F050000C0F01EB031102F00F0400EB031328D097
:10F06000043C24F003064FEA940C1E441C1F8E46F9
:10F070005EF8045B44F8045FB442F9D10CF101047A
:10F0800002F0030203EB840301EB840102F1FF3C75
:10F090004AB10CF1010C013B8C4411F8012B03F82F
:10F0A000012F6145F9D170BD704702F1FF3C034665
:10F0B0009AE72246EAE700BF0A22002100F0AEB834
:10F0C0000A23002200F09CB8242B2DE9F84F43D8E6
:10F0D000012B41D0804649481F468E4675461EF892
:10F0E00001BB10F80B4014F00804F7D1BBF12D0F51
:10F0F0006FD0BBF12B0F08BF9EF800B06FF0004936
:10F1000008BF05F1020E73BBBBF1300F4BD00A27CD
:10F110003B460025B9FBF7F6284607FB169A05E0A3
:10F120003AD007FB00C001251EF801BBABF1300C43
:10F13000BCF1090F06D9ABF1410CBCF1190F19D87C
:10F14000ABF1370C63451EDDB5F1FF3FECD08642D5
:10F15000E6D24FF0FF35E7E7FFF726FE1623036000
:10F160000020BDE8F88F102BD3D1BBF1300F23D096
:10F170001F46CEE7ABF1610CBCF1190F03D8ABF120
:10F18000570C6345E0DC6B1C2BD054B9002AE8D047
:10F1900085BB1160BDE8F88FE245C2DA4FF0FF355C
:10F1A000C2E74042F2E79EF8003003F0DF03582B3D
:10F1B00008D008273B46ACE79EF8000000F0DF00CF
:10F1C0005828D5D110279EF801B03B460EF1020E0B
:10F1D0009FE79EF800B04FF0004905F1020E0124B0
:10F1E00091E72223C8F8003032B10EF1FF314846D2
:10F1F0001160CFE78146F8E74846B2E7912D01005C
:10F2000062E700BF10B4044C8446134620685DF8E2
:10F21000044B0A46614657E78004002010B4044CB2
:10F220008446134620685DF8044B0A4661464BE766
:10F23000800400202DE9F8430746884616464FF023
:10F240000009D6E90154013D10D4A389012B08D946
:10F25000B4F90E3001332146384602D0C04749EA9E
:10F260000009013D6B1C04F16804EED13668002EE4
:10F27000E7D14846BDE8F883000000000000000028
:10F2800001F0FF01102A2BDB10F0070F08D010F857
:10F29000013B013A8B422DD010F0070F42B3F6D15B
:10F2A000F0B441EA012141EA014122F007047FF074
:10F2B00000070023F0E80256083C85EA010586EACB
:10F2C000010685FA47F5A3FA87F586FA47F6A5FA07
:10F2D00087F68EB9EED1F0BC01F0FF0102F0070213
:10F2E00032B110F8013B013A83EA010313B1F8D1BE
:10F2F0000020704701387047002D06BF354603389F
:10F30000073815F0010F07D1013015F4807F02BFD7
:10F31000013015F4C03F0130F0BC0138704700BF28
:10F32000416800F057B900BF024B1868416800F00F
:10F3300051B900BF8004002038B52F4B1B6805462B
:10F340000C4613B11A6A002A4BD0B4F90C301807D6
:10F350001CD5226922B313F0010107D06169002096
:10F360004942A060A1613AB1002038BD980758BF5A
:10F370006169A160002AF7D1190658BF1046F4D57B
:10F3800043F04003A3814FF0FF3038BDD9062CD5A0
:10F390005A0712D4226943F00803A381002ADAD164
:10F3A00003F42071B1F5007FD5D02146284600F046
:10F3B000C7F9B4F90C302269CDE7616B51B104F1A2
:10F3C0004402914204D02846FFF798FDB4F90C306E
:10F3D0000022626322690021C4E9002123F0240392
:10F3E000D9E71846FFF7D8FAAFE7092243F0400300
:10F3F0002A60A381C7E700BF80040020844641EA59
:10F40000000313F003036DD1403A41D351F8043B9C
:10F4100040F8043B51F8043B40F8043B51F8043BEE
:10F4200040F8043B51F8043B40F8043B51F8043BDE
:10F4300040F8043B51F8043B40F8043B51F8043BCE
:10F4400040F8043B51F8043B40F8043B51F8043BBE
:10F4500040F8043B51F8043B40F8043B51F8043BAE
:10F4600040F8043B51F8043B40F8043B51F8043B9E
:10F4700040F8043B51F8043B40F8043B51F8043B8E
:10F4800040F8043B51F8043B40F8043B403ABDD2FD
:10F49000303211D351F8043B40F8043B51F8043B9F
:10F4A00040F8043B51F8043B40F8043B51F8043B5E
:10F4B00040F8043B103AEDD20C3205D351F8043B2E
:10F4C00040F8043B043AF9D2043208D0D2071CBFFA
:10F4D00011F8013B00F8013B01D30B880380604623
:10F4E000704700BF082A13D38B078DD010F0030399
:10F4F0008AD0C3F10403D21ADB071CBF11F8013B09
:10F5000000F8013B80D331F8023B20F8023B7BE757
:10F51000043AD9D3013A11F8013B00F8013BF9D282
:10F520000B7803704B7843708B788370604670471C
:10F5300030B5144683B0054608B1036ACBB1A36861
:10F54000013B002BA36012DAA269934208DBC8B228
:10F550000A2805D023685A1C2260197003B030BDF8
:10F560002246284603B0BDE8304000F005BDC8B2D1
:10F57000F0E70191FFF710FA0199E0E7144B70B53D
:10F580001E6805460C460EB1336AE3B1A368013B21
:10F59000002BA36011DAA269934207DBE8B20A28C4
:10F5A00004D023685A1C22601D7070BD2246294673
:10F5B0003046BDE8704000F0DFBC23685A1C226072
:10F5C0001D70E8B270BD3046FFF7E6F9DEE700BF18
:10F5D0008004002020B5054682B008B1036A83B1DB
:10F5E0004B68013B002B4B6005DB0B685A1C0A6023
:10F5F000187802B020BD284602B0BDE8204000F0D7
:10F6000029B90191FFF7C8F90199E9E738B50D4B20
:10F610001D6804460DB12B6A7BB16368013B002B6A
:10F62000636004DB23685A1C2260187838BD2146C9
:10F630002846BDE8384000F00DB92846FFF7ACF980
:10F64000EBE700BF800400202DE9F041144641B3F0
:10F650000AB306460D4600F029FD8442074602D84B
:10F66000B4EB500F13D821463046FFF7C7FB804656
:10F6700050B1BC422246294628BF3A46FFF7BEFE9B
:10F6800029463046FFF73AFC4046BDE8F081A846DF
:10F690004046BDE8F081A046FFF730FC4046BDE89B
:10F6A000F081BDE8F0411146FFF7A8BB704700BFED
:10F6B000704700BF002A3ED030B584460446084358
:10F6C00080070B462ED1032A07D82BE0043A25D019
:10F6D0001EF0803F22D1032A22D92068194653F810
:10F6E000045BA0F1013EA842A4462EEA000E04F1FC
:10F6F0000404EBD09CF800000C7884421DD1E6464F
:10F7000068B11EF8010F11F8014FA2EB0E03A042E1
:10F7100003F1FF3311D11CEB0303F1D1002030BD05
:10F72000A44619469CF800000C78A04205D1012A95
:10F73000F4D0E646E4E710467047001B30BD00BF3A
:10F7400070B5B1F90C300C46990796B007D504F1A5
:10F7500047030122C4E90432236016B070BDB4F936
:10F760000E100029054629DB6A46FBF703F900283D
:10F7700022DB4FF480612846019EFFF73FFB88B3F0
:10F78000A389206043F0800306F47046A381B6F598
:10F79000005F4FF48063C4E90403DED1B4F90E10B6
:10F7A0002846FBF7ECF80028D7D0A38923F0030301
:10F7B00043F00103A381D0E7B4F90C3013F0800FBC
:10F7C00014BF40264FF4806631462846FFF716FBEB
:10F7D00040B1A389206043F08003C4E90406A381FB
:10F7E00016B070BDB4F90C309A05B6D423F00303FB
:10F7F00004F1470243F002030121C4E90421A3817B
:10F800002260AAE770B50C46B1F90E10002996B037
:10F8100015461E460FDB6A46FBF7ACF800280ADBEC
:10F82000019B03F47043A3F50053B3FA83F34FF441
:10F8300080625B0908E0A28912F0800F4FF000039C
:10F8400014BF40224FF48062002033602A6016B05B
:10F8500070BD00BF38B50C46054608B1036A63B1F8
:10F860002146284600F038FC50B9D4E90023511C49
:10F87000013BC4E90013107838BDFFF78DF8EFE7BE
:10F880004FF0FF3038BD00BF10B50E4B044618686E
:10F8900082B008B1036A63B1214600F01DFC68B96B
:10F8A000D4E90023511C013BC4E90013107802B0D5
:10F8B00010BD0190FFF770F80198EDE74FF0FF30B1
:10F8C000F5E700BF800400200000000000000000F9
:10F8D0000000000000000000000000000000000028
:10F8E00002780B78012A28BF9A4240F0D8806DE94F
:10F8F000044540EA0104CDE902676FF0000C4FEACD
:10F9000044721AB380EA010414F0070F6BD100F0BF
:10F91000070420F0070004F0030521F007014FEA77
:10F92000C505F0E8042314F0040FF1E804670CFAAD
:10F9300005F462EA040266EA04060BD063EA0403F3
:10F94000624667EA0407664604E000BFF0E8042365
:10F95000F1E8046782FA4CF582EA0604A4FA8CF412
:10F960006CBB83FA4CF583EA0705A5FA8CF595B9CB
:10F9700050E9022351E9026782FA4CF582EA060453
:10F98000A4FA8CF483FA4CF583EA0705A5FA8CF502
:10F990002543DBD09CB92DBAB5FA85F424F00704D1
:10F9A00027FA04F1DDE9026723FA04F303F0FF000C
:10F9B00001F0FF01FDE80445A0EB0100704724BA07
:10F9C000B4FA84F424F0070426FA04F1DDE90267AE
:10F9D00022FA04F202F0FF0001F0FF01FDE8044505
:10F9E000A0EB0100704714F0030F3CD110F00304AA
:10F9F00028D150F8082B51F8083B82FA4CF582EADE
:10FA00000305A5FA8CF55DB950F8042C51F8043CB7
:10FA100082FA4CF582EA0305A5FA8CF5002DE8D0B0
:10FA20002DBAB5FA85F424F0070423FA04F122FA7A
:10FA300004F202F0FF0001F0FF01FDE80445A0EB35
:10FA4000010070474FEAC40420F0030050F8082B6F
:10FA500021F0030151F8083B0CFA04F462EA0402B5
:10FA600063EA0403C9E710F003041DD0A1EB04010D
:10FA700020F00300E40750F8042B06D012D28B7854
:10FA80005FFAA2F4E41A06D12BB1CB785FFAB2F494
:10FA9000E41A00D133B920465DF8104B7047A2EB51
:10FAA0000300704701F1040150F8042BCC0721F04A
:10FAB000030151F8043B48D824D222F07F4482FA53
:10FAC0004CF594EA1325A5FA8CF50AD165B951F8DD
:10FAD000043B84EA0204B4EB036F0ED150F8042B0C
:10FAE000EBE74FEA132355E035F07F454DD1087819
:10FAF000FDE80445C0F1000070474FEA126203F0D0
:10FB0000FF0347E002EA1C4482FA4CF594EA1345ED
:10FB1000A5FA8CF50AD165B951F8043B84EA0204D0
:10FB2000B4EB034F0CD150F8042BEBE74FEA13432F
:10FB300030E015EA1C4528D10B884FEA124229E033
:10FB40004FEA124203EA1C4324E002F0FF0482FA67
:10FB50004CF594EA1365A5FA8CF50AD165B951F80C
:10FB6000043B84EA0204B4EB032F09D150F8042BC0
:10FB7000EBE74FEA13630DE015F0FF0F05D10B68BB
:10FB80004FEA122223F07F4304E04FF00000FDE82B
:10FB90000445704712BA1BBA82FA4CF482EA030495
:10FBA000A4FA8CF5B5FA85F402FA04F203FA04F328
:10FBB0004FEA1260FDE80445A0EB1360704700BFF8
:10FBC000032A30B415D941EA0004A40784460B4641
:10FBD00004D0541E0FE0043A032A08D9194660469F
:10FBE00053F8044B5CF8045BA542F4D0F1E760469F
:10FBF0001946541E7AB1431E0139021901E09A4296
:10FC000009D013F8010F11F801CF6045F7D0A0EB30
:10FC10000C0030BC7047002030BC70470EB400B5FB
:10FC200082B003AB816853F8042B019300F060F8B5
:10FC300002B05DF804EB03B0704700BF0FB400B52D
:10FC4000074983B004AB086853F8042B816801931B
:10FC500000F04EF803B05DF804EB04B0704700BF4D
:10FC6000800400209368013B002B936011DA10B4EC
:10FC70009469A34209DB0A2907D01368581C106055
:10FC8000197008465DF8044B70475DF8044B00F0AE
:10FC900073B91368581C106019700846704700BF8C
:10FCA0009BB1F8B5134406460F46541E5D1E01E095
:10FCB000AC4208D014F8011F3A463046FFF7D2FF95
:10FCC000431CF5D1F8BD0020F8BD0020704700BFEF
:10FCD000936810B514461BB918460023636010BD25
:10FCE00000F074FA0023A3600023636010BD00BF1E
:10FCF0002DE9F04FA1B08B4691461C46049018B1F7
:10FD0000036A002B00F01C81BBF80C30180740F18F
:10FD10009580DBF81030002B00F090800023CA465D
:10FD20000D9343F22003ADF839309AF80030864E37
:10FD300007940127002B79D0D14604E019F8013F40
:10FD4000002B00F08580252BF8D1B9EB0A0840F094
:10FD5000828099F80030002B68D000234FF0FF32EA
:10FD6000CDE9092309F1010908930B938DF863305C
:10FD70001E9305E0089A07FA03F31A430892A14676
:10FD80004C46052214F8011B3046FFF779FAA246CB
:10FD9000831B0028EED1089BD90644BF20228DF892
:10FDA000632099F800101A0744BF2B228DF86320B6
:10FDB0002A2966D1079A1168043200290792C0F2F5
:10FDC0009A800B9199F801102E2970D05F4C032274
:10FDD0002046FFF755FA38B1089B001B40228240AD
:10FDE00013430AF1010A08931AF8011B58488DF8C9
:10FDF00038100622FFF744FA002800F08280554BA5
:10FE0000002B69D007AA0092534B04985A4608A9C0
:10FE1000AFF300800390039B013307D00D9B039A3F
:10FE200013440D939AF80030002B85D1BBF80C30A9
:10FE30005B060AD40D9821B0BDE8F08F04985946AE
:10FE4000FFF77AFA00283FF469AF4FF0FF30F2E78E
:10FE5000B9EB0A08EAD00AF1FF35CDF81490A946AB
:10FE6000049D01E0A0453ED94C465A4619F8011FB1
:10FE70002846FFF7F7FE02340130A4EB0A04F1D163
:10FE8000D4E7A1F13002092A88BFCA469CD80B9B4F
:10FE900000E00134217803EB830302EB4303A1F17B
:10FEA0003002092AF5D92E290B93A2468ED19AF851
:10FEB00001102A292FD1079B9AF802101A6809927B
:10FEC0000433002A0AF102000793B8BF4FF0FF3352
:10FED0008246B8BF099379E7079B073323F00703EE
:10FEE000083307939AE70D99DDF81490414499F887
:10FEF00000300D912FE7494243F002030B91089324
:10FF000060E707AA0092144B04985A4608A900F02B
:10FF10006FFB03907FE7A1F130020023092A0993C8
:10FF20000AF1010A3FF652AF1AF8011F03EB8303EF
:10FF300002EB4303A1F13002092AF5D9099345E701
:10FF4000FEF72AFDE0E600BF942E01009C2E010082
:10FF5000A02E010000000000A1FC000010B4054C20
:10FF60008446134620685DF8044B0A466146FFF755
:10FF7000BFBE00BF80040020F8B50D4614460646FB
:10FF800010B1036A002B37D0A389A269A2601A07B7
:10FF900019D52369BBB122686169D31AEDB29942C0
:10FFA0002F4620DD0133A1680139A160511C216079
:10FFB000157062699A420DD0A389DB0701D50A2D1D
:10FFC00008D03846F8BD21463046FFF7B5F938B9B4
:10FFD0002369E0E721463046FEF762FE0028F0D0B4
:10FFE0004FF0FF37EDE721463046FEF759FE002877
:10FFF000F6D122680123D6E7FEF7CEFCC4E700BFA6
:020000021000EC
:1000000010B4044C03460A4620685DF8044B1946B8
:10001000FFF7B2BF8004002010B50C46B1F90E10F6
:10002000FAF796FC002803DB636D0344636510BD9B
:10003000A38923F48053A38110BD00BF0020704723
:100040002DE9F0410C46B1F90C101F46CB050546D1
:1000500016460BD421F48051A1813B46B4F90E1011
:1000600032462846BDE8F041FAF776BCB4F90E10E6
:1000700002230022FAF779FCB4F90C10EAE700BF7A
:1000800010B50C46B1F90E10FAF76FFCB4F90C304C
:10009000421C0EBF23F4805343F480536065A38158
:1000A00010BD00BFB1F90E10FAF75ABC51F8043C6C
:1000B000181F002BBCBF0B58C01870478B8903F06A
:1000C0000903092B01D000207047024B1868FEF786
:1000D000E7BD00BF8004002070B50C46054610B196
:1000E000036A002B56D0B4F90C3000229E066260E1
:1000F0005DD4580719D4D9065CD51A0739D443F012
:100100000403A3812369002B3FD0B4F90C60B3072B
:100110001ED12269666A6369216A22602846B04757
:100120000028606039DD002070BD616B0029E9D0D6
:1001300004F14403994202D02846FEF7DFFE236C07
:10014000636000226263002BDCD0E36B2360EAE78C
:100150000123A3811A4A1B491B48FFF76BF806F0DD
:100160000903092BA681D4D121462846FEF706FDB6
:10017000CFE721462846FEF793FDC0B9B4F90C300D
:10018000A06023F00803A061B9E721462846FFF7E5
:10019000D7FABAE7FEF700FCA5E7B4F90C3017BFB1
:1001A000002243F0200343F040036260A3814FF03C
:1001B000FF3070BD092243F040032A60A381F6E7B7
:1001C000D0040020BD000100840400209368002BAF
:1001D00000F0F8802DE9F04FB1F90CC01CF0080FC9
:1001E00083B0904681460C4631D00B697BB31CF03E
:1001F0000207D8F8006038D00027D4F828B0216A68
:10020000DFF8C4A23D4655452B463A4628BF534623
:100210004846C5B1D847002840F3CA80D8F808300E
:100220001B1A07442D1AC8F80830002B00F0B680BE
:1002300055452B46D4F828B0216A28BF53463A4684
:100240004846002DE6D1D6E900750836DBE72146A1
:100250004846FFF771F8002840F0AF80B4F90CC0B1
:10026000D8F800601CF00207C6D11CF0010A63D167
:100270002368A168574618468B46002F58D01CF4B7
:10028000007F00F0B580B9420A4600F2E1801CF41C
:10029000906F2FD0216962695D1A02EB420202EB76
:1002A000D2726B1C52103B44934292BF93469B46C2
:1002B0001A461CF4806F00F0EA8011464846FEF7AB
:1002C0009DFD002800F0F9802A4621690090FFF783
:1002D00095F8A289009B22F4906242F08002A281EC
:1002E0005819ABEB0505C4F814B02361A560206074
:1002F000BB463A4651460092FEF75EFEA16823686F
:10030000009AA1EB0B011A443D46A1602260002730
:10031000D8F808305B1BAA44C8F80830002B3DD041
:100320002368A168B4F90CC018468B46002FA6D1EB
:10033000D6E900A708369EE73846BB463D460097FB
:10034000002D41D0002846D0009A2068A168D4E949
:100350000473AA4228BF2A46B84204D901EB030A13
:10036000524500F38580934275DC216AA76A5A469C
:100370004846B847B0F1000A1ADD009BB3EB0A0308
:1003800000930FD00120D8F80830A3EB0A03D34420
:10039000A5EB0A05C8F80830002BD1D1002003B026
:1003A000BDE8F08F21464846FEF77AFC0028EAD0E7
:1003B000B4F90C3043F04003A3814FF0FF3003B099
:1003C000BDE8F08F00207047756833460836002D71
:1003D000FAD0D3F800B02A460A215846FEF750FF5B
:1003E000002867D00130A0EB0B0300931A46ACE75E
:1003F00022699A4214D36269BA4211D86FF000435D
:10040000BB4228BF3B46A56A93FBF2F3216A02FB7D
:1004100003F348465246A847051EC9DD7F1B77E710
:10042000B94228BF39460D4618460A465146FEF7DE
:10043000C3FDA1682368491B2B44A16023600029E8
:10044000ECD121464846FEF72BFC0028E6D0AFE76A
:10045000BB463A464EE759460192FEF7ADFD019A7A
:10046000A3689B1AA360236813442360924684E721
:1004700059465246FEF7A0FD2368534423602146A7
:100480004846FEF70DFC00283FF477AF90E748465A
:10049000FFF7DAF8034600287FF422AF21694846C7
:1004A000FEF72CFDB4F90C300C22C9F8002023F023
:1004B00080037FE76A1C009247E70C22B4F90C30F6
:1004C000C9F8002076E700BF00FCFF7F2DE9F84F58
:1004D00092461F460A698B68DDF828909A42B8BF99
:1004E0001A46CAF8002091F843300C46064613B16C
:1004F0000132CAF80020226891065FD5DAF8003090
:100500000233CAF80030226812F0060F11461DD1DE
:10051000E1689942D8BF114618DD4FF0000804F198
:10052000190B05E0E568DAF80030ED1A45450CDDF9
:1005300001235A4639463046C847013008F10108C0
:10054000F0D14FF0FF30BDE8F88F216894F84330C8
:10055000003B18BF01238A060AD5E1185A1C302037
:1005600081F84300224494F8451082F84310023386
:1005700004F1430239463046C8470130E1D02368D0
:10058000DAF80050216903F00603042BD4E90220B5
:100590001BD08A4220DD4FF00008521A90441A34D2
:1005A000002501E0454517DA012322463946304649
:1005B000C847013005F10105F4D1C2E712F0060F7A
:1005C0000DD0003B18BF0123D2E7401B8A4220EA2E
:1005D000E078E2DC0028E2DC0020BDE8F88FE1688A
:1005E000DAF800309942D8BF114696DCAEE700BF7A
:1005F0002DE9F047174684B00A7E0C9D0C4606464E
:10060000984601F1430C002A35D0A2F15803D9B223
:10061000202969D8202B67D8DFE813F0E6006600B0
:10062000660066006600660066006600660066009A
:100630006600AC0070006600660066006600700030
:10064000660066006600660021008300C600660042
:100650006600B6006600830066006600EC002B684A
:1006600022686169181D286010061B6802D45206B2
:1006700000F1E08019600023E1462361CDF800809D
:100680003B4603AA21463046FFF720FF013020D029
:1006900023694A4639463046C047013019D023689D
:1006A000E068DDF80C909B0718D5484516DD00255D
:1006B00004F1190A04E0E068A0EB0903AB420DDD88
:1006C0000123524639463046C047013005F1010545
:1006D000F1D14FF0FF3004B0BDE8F0874845B8BF16
:1006E000484604B0BDE8F08784F84220012004F1B8
:1006F00042090023206184F84330BFE72A68236859
:10070000111D1806296002D4590600F19580106861
:10071000014600286268C0F2938054484FF00A0EE8
:1007200015E020682B6810F0800F53F8041B02D1ED
:10073000400648BF89B26F2A4C482B6014BF4FF067
:100740000A0E4FF0080E0023626884F84330002A36
:10075000A26051DB236823F00403236000294BD1FE
:10076000002A7BD1E146BEF1080F56D0ACEB09035D
:10077000236183E72B681A6804332B6004F1420974
:1007800084F842200120B4E72B686268191D2960B3
:10079000D3F8009000214846FEF772FD002863D090
:1007A000A0EB09006060A4E7236843F02003236006
:1007B00078222F4884F845202A6813F0800F52F8D9
:1007C000041B03D113F0400F18BF89B22A60DA0767
:1007D00044BF43F02003236019B9236823F02003AA
:1007E00023604FF0100EAEE7582384F845301F48C1
:1007F0002368E1E72368DBE77546E146B1FBF5F3E3
:1008000005FB131A0A46AA4210F80A1009F8011D3E
:100810001946F3D2BEF1080FA8D12368DD07A5D58C
:10082000626823699A42A1DC302309F8013C09F18E
:10083000FF399BE719801EE7B2F90010084668E708
:100840002D20002AA26084F8430002DB23F0040379
:1008500023600A2505484942AE46CEE7037884F86E
:10086000423004F142097EE7606842E7A82E0100A9
:10087000BC2E0100525820252E2A730A00636F6F88
:100880006B69652067617465776179202852494FEB
:1008900054293A20436F4150207365727665722067
:1008A0006F6E202F73656E736F72732F6461746146
:1008B000007363686564756C657228293A207374E7
:1008C00061636B206F766572666C6F772064657408
:1008D00065637465642C207069643D2568690A004D
:1008E000535441434B204F564552464C4F5700738B
:1008F000746F70706564007A6F6D62696500736C07
:10090000656570696E6700626C206D75746578004E
:10091000626C20727800626C2073656E6400626C99
:10092000207265706C7900626C20616E79666C0073
:10093000626C20616C6C666C00626C206D626F781A
:1009400000626C20636F6E640072756E6E696E6714
:100950000070656E64696E67004641494C454420ED
:10096000415353455254494F4E2E0030782578203C
:100970003D3E20006D61696E28293A2054686973F4
:100980002069732052494F5421202856657273699B
:100990006F6E3A20323032342E313029006D616969
:1009A0006E002A2A2A2052494F54206B65726E65C8
:1009B0006C2070616E69633A0A25730A0A002A2A5C
:1009C0002A2068616C7465642E0A00496E7369643C
:1009D00065206973722025640A004E4D4920484104
:1009E0004E444C4552004D454D204D414E414745EA
:1009F0002048414E444C45520042555320464155F3
:100A00004C542048414E444C4552005553414745B3
:100A1000204641554C542048414E444C45520044D8
:100A200045425547204D4F4E2048414E444C45527B
:100A30000044554D4D592048414E444C4552000A02
:100A400049535220737461636B206F766572666CD4
:100A50006F77656400537461636B20706F696E74A7
:100A6000657220636F727275707465642C20726594
:100A700073657420746F20746F70206F66207374B8
:100A800061636B0061637469766520746872656187
:100A9000643A202568690A000A436F6E74657874A9
:100AA000206265666F726520686172646661756C4C
:100AB000743A0020202072303A2030782530386C8B
:100AC000780A20202072313A2030782530386C782E
:100AD0000A20202072323A2030782530386C780A8B
:100AE00020202072333A2030782530386C780A0084
:100AF00020207231323A2030782530386C780A2044
:100B000020206C723A2030782530386C780A20200A
:100B10002070633A2030782530386C780A202070B5
:100B200073723A2030782530386C780A0A004653C0
:100B3000522F4641523A0020434653523A203078D1
:100B40002530386C780A0020484653523A203078D5
:100B50002530386C780A0020444653523A203078C9
:100B60002530386C780A0020414653523A203078BC
:100B70002530386C780A0020424641523A203078BD
:100B80002530386C780A004D4D4641523A20307875
:100B90002530386C780A004D697363004558435F0F
:100BA0005245543A2030782530386C780A00416339
:100BB00074697665207468726561643A2025686995
:100BC00020222573220A0048617264206661756CD8
:100BD00074206F6363757272656420696E20495377
:100BE00052206E756D6265722025640A004174742E
:100BF000656D7074696E6720746F207265636F6EC7
:100C000073747275637420737461746520666F7297
:100C100020646562756767696E672E2E2E00496EC7
:100C2000204744423A0A2020736574202470633DB3
:100C30003078256C780A20206672616D6520300A54
:100C4000202062740A000A49535220737461636B56
:100C5000206F766572666C6F7765642062792061BB
:100C600074206C65617374202564206279746573E7
:100C70002E0A0048415244204641554C54204841D8
:100C80004E444C45520067636F6170002F2E7765AC
:100C90006C6C2D6B6E6F776E2F636F726500657273
:100CA000726F723A207061636B657420627566665C
:100CB00065722066756C6C006970763600534C4125
:100CC0004143206E6F74206163746976617465645A
:100CD0003B2077696C6C206E6F74206175746F2D8A
:100CE000636F6E666967757265204950763620615C
:100CF00064647265737320666F7220696E746572C6
:100D0000666163652025752E0A20202020557365B5
:100D100020434F4E4649475F474E52435F49505626
:100D2000365F4E49425F534C4141433D3120746F21
:100D30002061637469766174652E0A002A00646517
:100D40006661756C742573200025732F257520004E
:100D50007669612025732000646576202325750A55
:100D6000006465762023257520006C6C61646472D4
:100D70002025732000726F7574657200206578708D
:100D80006972657320256C75207365630020646546
:100D9000707265636174657320256C75207365637B
:100DA00000676E72635F6E657469663A2063616E98
:100DB0002774207175657565207061636B6574209B
:100DC000666F722073656E64696E672C2074727929
:100DD0002073656E64696E6700676E72635F6E652F
:100DE0007469663A2063616E277420717565756554
:100DF000207061636B657420666F722073656E642A
:100E0000696E672C2064726F7020697400676E725F
:100E1000635F6E657469663A20696E697420257532
:100E2000206661696C65643A2025640A0041646447
:100E3000726573732D7265736F6C7574696F6E2054
:100E400073746174652D6D616368696E65206E6F82
:100E500074206163746976617465642E204E6569DF
:100E60006768626F72732066726F6D20696E746559
:100E700072666163652025750A77696C6C206E6FF8
:100E8000742062652061626C6520746F20726573E6
:100E90006F6C766520616464726573732025730AD4
:100EA0002020202055736520434F4E4649475F4719
:100EB0004E52435F495056365F4E49425F4152534E
:100EC0004D3D3120746F2061637469766174652EC5
:100ED0000A004E45544F50545F54585F454E445F8E
:100EE000495251206E6F7420696D706C656D656E2E
:100EF00074656420627920647269766572006E722E
:100F000066383032313534000A2121212120676EC4
:100F100072635F6E65747265673A20696E697469A1
:100F2000616C697A65206D657373616765207175A1
:100F3000657565206F66207468726561642025752B
:100F4000207573696E67206D73675F696E69745F82
:100F50007175657565282920212121210A0A00362D
:100F60006C6F00FF7F3F1F0F07030100676E726306
:100F70005F736F636B3A2064726F70706564206D8D
:100F800065737361676520746F2025702028776111
:100F9000732066756C6C290A00676E72635F736FED
:100FA000636B3A2074696D656F757420213D203044
:100FB0002077697468696E20746865206173796E42
:100FC0006368726F6E6F75732063616C6C626163CE
:100FD0006B206C65616420746F20756E6578706538
:100FE000637465642064656C6179732077697468E3
:100FF000696E20746865206173796E6368726F6EC4
:101000006F75732068616E646C65722E0075647014
:101010000030313233343536373839414243444574
:1010200046003031323334353637383961626364E3
:101030006566006C327574696C3A2063616E277462
:1010400020636F6E76657274206861726477617276
:1010500065206164647265737320746F204555491F
:101060002D363420666F722064657669636520745E
:101070007970652025640A006C327574696C3A20B9
:1010800063616E277420636F6E76657274204949C0
:101090004420746F206861726477617265206164B6
:1010A000647265737320666F722064657669636528
:1010B00020747970652025640A006C327574696C3F
:1010C0003A2063616E2774206765742061646472DE
:1010D000657373206C656E6774682066726F6D202F
:1010E0004E4450206C696E6B2D6C61796572206185
:1010F000646472657373206F7074696F6E20666FBD
:101100007220646576696365207479706520256452
:101110000A0051005F006E616D650009706964200E
:101120007C20252D3231737C20252D397351207C74
:1011300020707269207C20737461636B20202820EA
:1011400075736564292028206672656529207C20D6
:1011500062617365206164647220207C2063757213
:1011600072656E7420202020200A000920202D2086
:101170007C206973725F737461636B202020202070
:10118000202020202020207C202D202020202020F6
:1011900020202D207C2020202D207C202536692019
:1011A0002825356929202825356929207C202531E5
:1011B0003070207C20253130700A000925336869A1
:1011C000207C20252D323073207C20252D38732063
:1011D000252E3173207C20253369207C202536750F
:1011E000202825356929202825356929207C2025B6
:1011F000313070207C2025313070200A007C005373
:10120000554D000925357320252D3231737C25314C
:101210003373253673202536692028253569292022
:1012200028253569290A007368656C6C3A20696E57
:10123000636F72726563742071756F74696E670095
:10124000436F6D6D616E64202020202020202020BF
:1012500020202020204465736372697074696F6E6A
:101260000A2D2D2D2D2D2D2D2D2D2D2D2D2D2D2DD1
:101270002D2D2D2D2D2D2D2D2D2D2D2D2D2D2D2D9E
:101280002D2D2D2D2D2D2D2D00252D32307320258A
:10129000730A007368656C6C3A20636F6D6D616EE4
:1012A00064206E6F7420666F756E643A2025730A31
:1012B000007368656C6C3A206D6178696D756D209E
:1012C0006C696E65206C656E67746820657863650F
:1012D0006564656400202844555021290025752047
:1012E00062797465732066726F6D202573252525DC
:1012F000753A2069636D705F7365713D2575207463
:10130000746C3D25750025752062797465732066BF
:10131000726F6D2025733A2069636D705F7365711C
:101320003D25752074746C3D257500207472756EB2
:101330006361746564206279202564206279746534
:101340000020636F72727570746564206174206F21
:1013500066667365742025750020727373693D2578
:1013600068642064426D002074696D653D256C756C
:101370002E2530336C75206D73006572726F723A72
:101380002025640A0063616E2774207265736F6C98
:1013900076652025730A0070696E672073697A6527
:1013A0002073686F756C6420626520696E207261BD
:1013B0006E676520302D36353532372E0025732087
:1013C0005B2D63203C636F756E743E5D205B2D6802
:1013D0005D205B2D69203C6D7320696E74657276AB
:1013E000616C3E5D205B2D73203C7061636B6574A6
:1013F00073697A653E5D0A0020202020205B2D74F1
:1014000020686F706C696D69745D205B2D57203C9E
:101410006D732074696D656F75743E5D203C686FF7
:1014200073743E5B25253C696E7465726661636505
:101430003E5D0A002020202020636F756E743A20E4
:101440006E756D626572206F662070696E677320BD
:101450002864656661756C743A2033290020202069
:1014600020206D7320696E74657276616C3A207706
:1014700061697420696E74657276616C206D696C47
:101480006C697365636F6E647320626574776565FC
:101490006E2073656E64696E672028646566617589
:1014A0006C743A2031303030292200202020202056
:1014B0007061636B657473697A653A206E756D62ED
:1014C0006572206F6620627974657320696E20658D
:1014D00063686F207061796C6F61643B206D757318
:1014E00074206265203E3D203420746F206D65615C
:1014F0007375726520726F756E64207472697020E6
:1015000074696D65202864656661756C743A203471
:1015100029002020202020686F706C696D69743A62
:1015200020536574207468652049502074696D6586
:1015300020746F206C6966652F686F706C696D69C7
:1015400074202864656661756C743A20696E7465F0
:10155000726661636520636F6E666967290020208B
:101560002020206D732074696D656F75743A205466
:10157000696D6520746F207761697420666F7220D1
:101580006120726573706F6E736520696E206D697E
:101590006C6C697365636F6E647320286465666143
:1015A000756C743A2031303030292E205468652013
:1015B0006F7074696F6E2061666665637473206F07
:1015C0006E6C792074696D656F757420696E206129
:1015D0006273656E6365206F6620616E7920726547
:1015E00073706F6E7365732C206F746865727769A2
:1015F0007365207761697420666F722074776F203D
:1016000052545473000A2D2D2D2025732050494E1D
:10161000472073746174697374696373202D2D2D71
:101620000A256C75207061636B6574732074726138
:101630006E736D69747465642C20256C75207061FF
:10164000636B6574732072656365697665642C20CD
:1016500000256C75206475706C6963617465732C0A
:101660002000256C752525207061636B6574206CE6
:101670006F73730A00726F756E642D7472697020D7
:101680006D696E2F6176672F6D6178203D2025751D
:101690002E253033752F25752E253033752F257562
:1016A0002E25303375206D730A0075736167653AB6
:1016B000202573202573205B73686F777C616464D9
:1016C0007C64656C7C68656C705D0A00202020205D
:1016D000202020257320257320616464203C6966E6
:1016E0006163653E203C6970763620616464723EB9
:1016F000205B3C6C3220616464723E5D0A002020F5
:10170000202020202025732025732064656C203C38
:1017100069666163653E203C697076362061646469
:10172000723E0A00202020202020202573202573CF
:101730002073686F77205B69666163655D0A0020CE
:101740002020202020202573202573206164642020
:101750003C69666163653E203C7072656669783EEF
:101760005B2F3C7072656669785F6C656E3E5D20CC
:101770005B3C76616C696420696E207365633E5DD5
:10178000205B3C7072656620696E207365633E5D08
:101790000A0020202020202020257320257320648B
:1017A000656C203C69666163653E203C70726566CD
:1017B00069783E5B2F3C7072656669785F6C656E18
:1017C0003E5D0A0020202020202020257320257344
:1017D00020616464203C69666163653E203C7072F0
:1017E000656669783E5B2F3C7072656669785F6CF0
:1017F000656E3E5D203C6E6578745F686F703E205C
:101800005B3C6C74696D6520696E207365633E5D39
:101810000A0075736167653A202573207B6E6569E0
:1018200067687C7072656669787C726F7574657CB8
:1018300068656C707D202E2E2E0A006E65696768C3
:101840000073686F770061646400496E7465726646
:1018500061636520257520646F6573206E6F742049
:1018600065786973740A00556E61626C6520746FE7
:10187000206164642025732525257520746F206EF2
:1018800065696768626F722063616368650A0064F6
:10189000656C0070726566697800726F75746500BA
:1018A00064656661756C740075736167653A2025BF
:1018B00073203C69665F69643E20736574203C6BED
:1018C00065793E203C76616C75653E0A00202020DB
:1018D00020202053657473206120686172647761F1
:1018E00072652073706563696669632076616C75E3
:1018F000650A2020202020203C6B65793E206D6108
:1019000079206265206F6E65206F6620746865209F
:10191000666F6C6C6F77696E670A2020202020202C
:10192000202A20226164647222202D207365747342
:10193000202873686F727429206164647265737300
:101940000A202020202020202A2022616464725F47
:101950006C6F6E6722202D2073657473206C6F6E20
:101960006720616464726573730A20202020202040
:10197000202A2022616464725F73686F727422206F
:101980002D20616C69617320666F7220226164642E
:1019900072220A202020202020202A202263636136
:1019A0005F7468726573686F6C6422202D207365A4
:1019B00074204544207468726573686F6C64206499
:1019C0007572696E672043434120696E2064426DE1
:1019D0000A202020202020202A20226672657122E1
:1019E000202D2073657473207468652022636861FC
:1019F0006E6E656C222063656E746572206672651A
:101A00007175656E63790A202020202020202A200D
:101A1000226368616E6E656C22202D20736574737D
:101A200020746865206672657175656E63792063E0
:101A300068616E6E656C0A202020202020202A20FC
:101A4000226368616E22202D20616C6961732066BB
:101A50006F7220226368616E6E656C220A202020FE
:101A6000202020202A2022636865636B73756D2215
:101A7000202D2073657420636865636B73756D6DCD
:101A8000696E67206F6E2D6F66660A202020202009
:101A900020202A202263736D615F7265747269650C
:101AA0007322202D20736574206D61782E206E7551
:101AB0006D626572206F66206368616E6E656C2072
:101AC00061636365737320617474656D7074730A08
:101AD000202020202020202A2022656E6372797029
:101AE0007422202D207365742074686520656E63F0
:101AF00072797074696F6E206F6E2D6F66660A2042
:101B00002020202020202A2022686F705F6C696DC1
:101B1000697422202D2073657420686F70206C69B1
:101B20006D69740A202020202020202A2022686C41
:101B300022202D20616C69617320666F72202268FB
:101B40006F705F6C696D6974220A2020202020204C
:101B5000202A20226B657922202D20736574207441
:101B6000686520656E6372797074696F6E206B654D
:101B70007920696E2068657861646563696D616C60
:101B800020666F726D61740A202020202020202A98
:101B900020226D747522202D2049507636206D61EB
:101BA00078696D756D207472616E736974696F6E9A
:101BB00020756E69740A202020202020202A2022EF
:101BC0006E696422202D207365747320746865200B
:101BD0006E6574776F726B206964656E746966698F
:101BE000657220286F72207468652050414E20492C
:101BF00044290A202020202020202A2022706167EA
:101C00006522202D207365742074686520636861E7
:101C10006E6E656C207061676520284945454520DA
:101C20003830322E31352E34290A20202020202031
:101C3000202A202270616E22202D20616C69617340
:101C400020666F7220226E6964220A2020202020E4
:101C500020202A202270616E5F696422202D20617D
:101C60006C69617320666F7220226E6964220A209B
:101C70002020202020202A20227068795F6275733E
:101C80007922202D207365742062757379206D6F21
:101C90006465206F6E2D6F66660A2020202020204C
:101CA000202A2022706F77657222202D2054582020
:101CB000706F77657220696E2064426D0A20202063
:101CC000202020202A202272657472616E732220E7
:101CD0002D206D61782E206E756D626572206F66A5
:101CE0002072657472616E736D697373696F6E7360
:101CF0000A202020202020202A20227372635F6C7B
:101D0000656E22202D2073657473207468652073BE
:101D10006F757263652061646472657373206C65AE
:101D20006E67746820696E20627974650A202020CD
:101D3000202020202A2022737461746522202D2007
:101D400073657420746865206465766963652073C3
:101D500074617465002873686F727429206164640B
:101D600072657373006C6F6E672061646472657373
:101D70007300736F75726365206164647265737359
:101D8000206C656E677468006368616E6E656C00D8
:101D90006672657175656E6379205B696E20487A3D
:101DA0005D007061676500686F70206C696D6974B3
:101DB000004D5455006E6574776F726B20696465D1
:101DC0006E74696669657200545820706F77657229
:101DD000205B696E2064426D5D006D61782E20721B
:101DE000657472616E736D697373696F6E730043AE
:101DF000534D4120726574726965730043434120FD
:101E00007468726573686F6C64205B696E206442ED
:101E10006D5D00656E6372797074696F6E007573C5
:101E20006167653A202573203C69665F69643E20DE
:101E30005B2D5D7B007D006572726F723A20756E5E
:101E400061626C6520746F207061727365206164DB
:101E500064726573732E0A4D757374206265206F0A
:101E60006620666F726D6174205B302D39612D665E
:101E7000412D465D7B327D283A5B302D39612D66E0
:101E8000412D465D7B327D292A0A286865782070BD
:101E9000616972732064656C696D69746564206240
:101EA0007920636F6C6F6E7329006572726F723A7E
:101EB00020756E61626C6520746F207365742000FC
:101EC000737563636573733A207365742000646F80
:101ED000776E006572726F723A20756E61626C6522
:101EE00020746F20736574206C696E6B2025730AF3
:101EF000006572726F723A20756E61626C65207453
:101F00006F2070617273652076616C75652E0A4D65
:101F100075737420626520612031362D62697420EA
:101F2000756E7369676E656420696E746567657246
:101F30002028646563206F7220686578290020740A
:101F40006F200030782530346C780A00256C750AD3
:101F5000000A202020202020202020200020746F34
:101F60002025690A00776972656400776972656C7B
:101F700065737300496661636520200020485761DE
:101F80006464723A2025732000204368616E6E6598
:101F90006C3A202568752000204672657175656E63
:101FA00063793A20256C75487A2000205061676576
:101FB0003A202568752000204E49443A2030782583
:101FC0006878200020525353493A2025642000208D
:101FD0005048593A2025732000204C696E6B3A20F6
:101FE000257320004C6F6E67204857616464723A15
:101FF00020002054582D506F7765723A202568696B
:1020000064426D20002053746174653A202573206A
:1020100000206D61782E2052657472616E732E3AC5
:1020200020257520002043534D412052657472696C
:1020300065733A202575200050524F4D4953432077
:1020400020004155544F41434B20200041434B5FFA
:102050005245512020005052454C4F414420200011
:102060005241574D4F44452020004D41435F4E4F54
:102070005F534C45455020200043534D41202000E4
:102080004155544F43434120200049515F494E562A
:1020900045525420200052585F53494E474C45202A
:1020A00020004348414E5F484F502020004F54418C
:1020B000412020004C322D5044553A25687520208F
:1020C000004D54553A256875202000484C3A257536
:1020D0002020005254522020005254525F41445656
:1020E000202000364C4F202000495048432020003B
:1020F000536F757263652061646472657373206CDD
:10210000656E6774683A20256875004C696E6B20AF
:10211000747970653A20257300696E6574362061A4
:102120006464723A20002573202073636F70653AEF
:1021300020006C696E6B007369746500676C6F6278
:10214000616C00756E6B6E6F776E00205B616E79EF
:10215000636173745D002020544E545B25755D00EF
:10216000202044505200202056414C002020554E43
:102170004B00696E6574362067726F75703A202562
:10218000730075736167653A2025730A0075736182
:1021900067653A2025732068656C700A0075736165
:1021A00067653A202573203C69665F69643E205B61
:1021B00075707C646F776E5D0A0075736167653A50
:1021C000202573203C69665F69643E206164642059
:1021D0005B616E79636173747C6D756C7469636146
:1021E00073747C756E69636173745D203C6970768D
:1021F000365F616464723E5B2F7072656669785FFA
:102200006C656E5D0A0075736167653A2025732001
:102210003C69665F69643E2064656C203C69707649
:10222000365F616464723E0A00756E002D2D68652C
:102230006C70006572726F723A20696E76616C69BB
:102240006420696E7465726661636520676976658E
:102250006E006164647200616464725F73686F72BF
:102260007400616464725F6C6F6E67006363615FCA
:102270007468726573686F6C640066726571756509
:102280006E63790066726571006572726F723A20D2
:10229000756E61626C6520746F2070617273652069
:1022A00076616C75652E0A4D7573742062652061C8
:1022B0002033322D62697420756E7369676E6564B0
:1022C00020696E74656765722028646563206F728B
:1022D0002068657829006368616E0063736D615FD3
:1022E0007265747269657300686C00686F705F6C0A
:1022F000696D6974000A4E6F746963653A2073658D
:102300007474696E6720353620626974206B657954
:102310002E000A4E6F746963653A207365747469A0
:102320006E6720363420626974206B65792E000A4E
:102330004E6F746963653A2073657474696E6720C3
:1023400031323820626974206B65792E000A4E6F35
:10235000746963653A2073657474696E67203139F6
:102360003220626974206B65792E000A4E6F7469A1
:1023700063653A2073657474696E67203235362060
:10238000626974206B65792E000A4E6F746963650B
:102390003A2073657474696E672035313220626942
:1023A00074206B65792E006572726F723A20696EC7
:1023B00076616C6964206B65792073697A652E009B
:1023C0006572726F723A20756E61626C6520746F0F
:1023D000207061727365206B6579006572726F722F
:1023E0003A20756E61626C6520746F20736574208D
:1023F000656E6372797074696F6E206B65790073B6
:102400007563636573733A2073657420656E6372D8
:10241000797074696F6E206B6579206F6E20696EBC
:1024200074657266616365200025303278006D74D2
:1024300075006E69640070616E0070616E5F696442
:1024400000706F7765720072657472616E730073ED
:1024500072635F6C656E006F6666004F46460053A0
:102460004C4545500069646C650049444C45005238
:1024700058007478005458007265736574005245B2
:10248000534554007374616E646279005354414E35
:102490004442590075736167653A206966636F6EDF
:1024A000666967203C69665F69643E2073657420D5
:1024B0007374617465205B6F66667C736C656570B0
:1024C0007C69646C657C72787C74787C72657365F9
:1024D000747C7374616E6462795D006572726F7290
:1024E0003A20756E61626C6520746F20736574208C
:1024F000737461746520746F2025730A00737563AB
:10250000636573733A207365742073746174652016
:102510006F6620696E746572666163652000616E26
:10252000796361737400756E6963617374006572B9
:10253000726F723A20756E61626C6520746F2070E4
:1025400061727365204950763620616464726573E8
:10255000732E006572726F723A20756E61626C65DF
:1025600020746F206A6F696E2049507636206D7531
:102570006C7469636173742067726F757000657243
:10258000726F723A20756E61626C6520746F2061A3
:102590006464204950763620616464726573730008
:1025A000737563636573733A2061646465642025A1
:1025B000732F256420746F20696E74657266616381
:1025C0006520006572726F723A20756E61626C658B
:1025D00020746F206C656176652049507636206DD9
:1025E000756C7469636173742067726F75700065D0
:1025F00072726F723A20756E61626C6520746F2022
:1026000072656D6F7665204950763620616464721C
:1026100065737300737563636573733A2072656DD8
:102620006F76656420257320746F20696E746572FF
:102630006661636520006572726F723A20756E6123
:10264000626C6520746F20736574206F7074696F9D
:102650006E00737563636573733A202573736574D5
:10266000206F7074696F6E0A0044495341424C45B3
:1026700044004250534B0041534B004D522D4F2DBF
:102680005150534B004D522D4F46444D004D522D4D
:1026900046534B0061636B5F726571006774730032
:1026A00070616E5F636F6F7264006175746F6163F8
:1026B0006B006175746F6363610063736D610065C6
:1026C0006E6372797074006D61635F6E6F5F736CBF
:1026D0006565700066776400697068630070726594
:1026E0006C6F61640070726F6D69736300706879FC
:1026F0005F6275737900726177007274725F6164F2
:10270000760069715F696E766572740072785F73C6
:10271000696E676C65006368616E5F686F70006307
:102720006865636B73756D006F746161006C696ED1
:102730006B5F636865636B0075736167653A20253D
:1027400073205B7B616464203C302D31353E203C3E
:102750007072656669783E2F3C7072656669785F55
:102760006C656E3E203C6C74696D6520696E206DF1
:10277000696E3E7C64656C203C6374783E7D5D0AC6
:1027800000202020202020206064656C6020776974
:102790006C6C206F6E6C7920696E76616C69646117
:1027A00074652074686520636F6E74657874206644
:1027B0006F7220636F6D7072657373696F6E2E2018
:1027C00049742063616E2062650020202020202053
:1027D00020726561737369676E65642061667465F4
:1027E000722035206D696E2E006369647C7072659D
:1027F00066697820202020202020202020202020F2
:1028000020202020202020202020202020202020C8
:1028100020202020202020207C437C6C74696D6562
:10282000002D2D2D2D2D2D2D2D2D2D2D2D2D2D2D05
:102830002D2D2D2D2D2D2D2D2D2D2D2D2D2D2D2DC8
:102840002D2D2D2D2D2D2D2D2D2D2D2D2D2D2D2DB8
:102850002D2D2D2D2D2D2D2D2D2D2D2D00202532E5
:10286000757C253339732F252D33757C25787C2590
:1028700035756D696E0A005741524E494E473A20F0
:10288000636F6E746578742064697373656D696EC7
:102890006174696F6E206279206E6F6E2D364C42C6
:1028A00052206E6F7420737570706F72746564005F
:1028B0002F004552524F523A207072656669785F18
:1028C0006C656E203C2031207C7C207072656669CE
:1028D000785F6C656E203E20313238004552524F91
:1028E000523A20707265666978206D6179206E6F4A
:1028F00074206265203A3A004552524F523A2063A2
:10290000616E206E6F742061646420636F6E746505
:10291000787400436F6E7465787420257520616C3F
:102920007265616479206D61726B656420666F7297
:102930002072656D6F76616C0A0055736167653A48
:102940000009706D206F66663A2063616C6C2070C0
:102950006D5F6F6666282900323032342E313000C8
:10296000A3080100020000000101000000000000B7
:10297000EF080100F7080100FE0801000709010047
:1029800010090100160901001E09010027090100B4
:10299000300901003909010041090100490901001C
:1029A000510901003031323334353637383941423C
:1029B000434445468C0C01000100000085210000C5
:1029C00000000000293A1100F95A0000995E000049
:1029D000555F0000D5520000C959000000000000FA
:1029E00000007484630B8AF3FFFFFF020000000005
:1029F00000000000000000000002FF0200000000D4
:102A000000000000000000000001FF0200000000C4
:102A1000000000000001FF000000FE800000000038
:102A200000000000000000000000000000000000A6
:102A30000000000000000000000100000000000095
:102A40000000000000000000000001004BA6000094
:102A500000000000C3A4000061A60000A5A50000BE
:102A600061A50000CDA6000023A50000F3A400008E
:102A7000FFFF0000FF000000FFFFFF00FFFFFFFF60
:102A8000009000400303090000A0004003030A0077
:102A900000A0014005031A0000B0014005031B001F
:102AA0000020004008060200008002402122280089
:102AB00000000100E84300005DB4000099B0000090
:102AC00021B3000001B3000091B4000095B00000F4
:102AD000A1B3000005B2000061B00000A5B0000085
:102AE00089B100000000000065B100002DB10000B8
:102AF000D5B0000011B10000142B0100042B01001F
:102B0000D9BE000050696E67207669612049434D47
:102B10005076360070696E67000000004C2B010093
:102B2000282B0100A1C20000436F6E6669677572B1
:102B300065206E65696768626F7220696E666F7284
:102B40006D6174696F6E2062617365006E69620009
:102B5000792B01005C2B010091D00000436F6E6661
:102B60006967757265206E6574776F726B20696E28
:102B70007465726661636573006966636F6E66692A
:102B80006700000069260100722601007726010017
:102B90007E2601007B260100852601008D2601008E
:102BA0005B2401005F2401006A2401006F240100FE
:102BB000752401007E2401008C2401005F0F0100B8
:102BC0004000000094260100170000009C26010030
:102BD00072000000A026010070000000AA2601007B
:102BE00015000000B22601001F000000BA260100F7
:102BF00022000000BF2601002D000000C7260100B2
:102C000026000000D42601000E000000D826010096
:102C100041000000DD26010013000000E526010050
:102C200014000000ED26010045000000F62601001A
:102C30001B000000FA2601000F000000022701001F
:102C40003F0000000C27010038000000162701009B
:102C5000360000001F270100440000002827010063
:102C6000650000002D270100680000009B2C01007A
:102C7000782C0100B5D80000364C6F5750414E20DB
:102C8000636F6E7465787420636F6E6669677572C2
:102C90006174696F6E20746F6F6C003663747800B6
:102CA000CF2C0100AC2C010049DA0000696E74657C
:102CB000726163742077697468206C6179657265EC
:102CC0006420504D2073756273797374656D007064
:102CD0006D0000000A2D0100E02C010085DA0000E3
:102CE0005072696E747320696E666F726D6174697B
:102CF0006F6E2061626F75742072756E6E696E679B
:102D000020746872656164732E00707300000000A7
:102D1000382D01001C2D010099DA00005072696EF7
:102D200074732063757272656E742052494F545FDC
:102D300056455253494F4E0076657273696F6E0067
:102D40005C2D01004C2D01008FDA00005265626F8E
:102D50006F7420746865206E6F6465007265626FC1
:102D60006F74000061DC000025DC00001BDC00004B
:102D70005842002058040020B9DF0000B5DF0000F1
:102D8000B1DF00002FE0000029E0000021E000009A
:102D9000002020202020202020202828282828202B
:102DA0002020202020202020202020202020202023
:102DB000208810101010101010101010101010108B
:102DC000100404040404040404040410101010107B
:102DD0001010414141414141010101010101010145
:102DE0000101010101010101010101011010101097
:102DF0001010424242424242020202020202020217
:102E0000020202020202020202020202101010106A
:102E10002000000000000000000000000000000092
:102E200000000000000000000000000000000000A2
:102E30000000000000000000000000000000000092
:102E40000000000000000000000000000000000082
:102E50000000000000000000000000000000000072
:102E60000000000000000000000000000000000062
:102E70000000000000000000000000000000000052
:102E80000000000000000000000000000000000042
:102E900000000000232D302B20000000686C4C0047
:102EA0006566674546470000303132333435363782
:102EB0003839414243444546000000003031323346
:102EC0003435363738396162636465660000000066
:102ED00075DF000029B90000B9650000F568000041
:102EE000292B0000598E00004D1B00007D3A000088
:102EF0003D6100006C2C0100502B01001C2B0100D7
:102F0000F82A0100A02C0100D42C0100402D010062
:042F1000102D01007F
:082F14000CB2FF7F0100000078
:102F1C001000000000000000017A5200027C0E013B
:102F2C001B0C0D001C00000018000000C8BAFFFFAD
:102F3C00D800000000410E088501840202490A4AAB
:102F4C00C5C4410B380000003800000028C3FFFF47
:102F5C009E00000000510E10840485038602870138
:102F6C005BC7C6C5C40E004C0A420B0A420B0E10BE
:102F7C00840485038602870151C7C6C5C40E0000B0
:102F8C00140000007400000068C4FFFF340100004E
:082F9C000002710A430B000062
:102FA4006029010001000000010000000000000091
:102FB4000000000000000000000000001C040020CD
:102FC40000000000000000000000000000000000FD
:102FD40000000000000000000000000000000000ED
:102FE40000000000000000000000000000000000DD
:102FF40000000000000000000000000000000000CD
:1030040000000000000000000000000000000000BC
:1030140000000000000000000000000000000000AC
:10302400000000000000000000000000000000009C
:10303400000000000000000000000000000000008C
:10304400000000000000000000000000000000007C
:10305400000000000000000000000000000000006C
:10306400000000000000000000000000000000005C
:10307400000000000000000000000000000000004C
:10308400000000000000000000000000000000003C
:10309400000000000000000000000000000000002C
:1030A400000000000000000000000000000000001C
:1030B400000000000000000000000000000000000C
:1030C40000000000000000000000000000000000FC
:1030D40000000000000000000000000000000000EC
:1030E40000000000000000000000000000000000DC
:1030F40000000000000000000000000000000000CC
:1031040000000000000000000000000000000000BB
:1031140000000000000000000000000000000000AB
:10312400000000000000000000000000000000009B
:10313400000000000000000000000000000000008B
:10314400000000000000000000000000000000007B
:10315400000000000000000000000000000000006B
:10316400000000000000000000000000000000005B
:10317400000000000000000000000000000000004B
:10318400000000000000000000000000000000003B
:10319400000000000000000000000000000000002B
:1031A400000000000000000000000000000000001B
:1031B400000000000000000000000000B42901002D
:1031C40001000000000000000000000000000000FA
:1031D40091170000000026020000000004440020B3
:1031E400060000001842002040000000000000001B
:1031F40000000000000000000000000000000000CB
:1032040000000000000000000000000000000000BA
:103214000000000000000000000000000A000000A0
:103224008404002000000000C04200202843002045
:103234009043002000000000000000000000000097
:10324400000000000000000000000000000000007A
:10325400000000000000000000000000000000006A
:10326400000000000000000000000000000000005A
:103274000000000003000000C04200202C210000D8
:0400000300000F45A5
:00000001FF
