:1000000000020020D5100000711000002D1000002B
:100010008110000091100000A110000000000000FD
:1000200000000000000000000000000011100000AF
:10003000B110000000000000C50F0000C11000005A
:100040004BA50000E1B30000BDAE0000DD140000D0
:10005000F91400004BA500004BA500004BA50000C3
:100060004BA5000005AC00000BAC00004BA5000048
:100070004BA500004BA500004BA500004BA50000C0
:100080004BA5000021A900004BA500004BA50000D6
:100090004BA500004BA500004BA500004BA50000A0
:1000A0004BA500004BA5000011AC000017AC0000F0
:1000B0004BA500004BA50000000000000000000060
:1000C0004BA500004BA500004BA500001515000036
:1000D0004BA500004BA500004BA500004BA5000060
:1000E000C3AE00004BA500004BA5000000000000BF
:1000F000000000004BA500000000000031150000CA
:100100004269013201D00BF0E0BC83685B6818479C
:100110002DE9F0472DED048B7648774DE8B00CF0D3
:100120005BF9002004F031FF48B974497448754FF9
:100130000BF072FB10B374480CF04EF920E008236A
:100140004FF40171B0F966010022CDE9003140ABF6
:10015000032104F035FD0128E7DD00F5D0730DEB38
:100160000304284614F8A21C01F06CFB14F8A11C2F
:10017000A81C01F067FB00232B71D6E701233B701D
:10018000624B9FED638A1E683046FFF7B9FF97F810
:1001900000900446B9F1000F00F0A780584820AA4B
:1001A0000AA90BF0B5FA002840F09880BDF980301C
:1001B0009FED587A07EE903ABDF82830F8EEE77ACE
:1001C000C7EE878A07EE903AF8EEE77A87EE879ACD
:1001D0003046FFF795FF504B504ACDE90053A0EB56
:1001E00004082346A02140A80DF06CF90446B9F19B
:1001F000000F18D040AB03EB0009C0F1A00A19EEC4
:10020000100A0BF05BFFCDE9020118EE900A0BF02B
:1002100055FF434ACDE90001514648460DF052F9D9
:1002200004449F2C54DC3F4B009340A84346C4F148
:10023000A00120443C4A0DF045F90444631E9E2B66
:1002400046D840A80CF0C8F84FF00C088022374B75
:10025000CDF804800DEB020100930AA8022301F0FF
:10026000E1FD0A9A137823F0300343F01003137072
:10027000414632220AA809F05CFE01210AA809F0D1
:1002800067FEB0F1000823DBBDF834309C421FD874
:10029000224640A90B980CF0BDFD0021122205A8B2
:1002A0000CF03AFA04230493214941F2336305A880
:1002B000ADF8263009F0EAF950B100230122CDE96A
:1002C0000132009304AA08EB040120A801F0EAFD22
:1002D00047F2305130460BF05FFD55E7B0EE489ADB
:1002E000F0EE488A4FF0000972E7B0EE489AF0EE5F
:1002F000488A6DE7F8E400000002002054ED000099
:10030000C4040020C004002021E50000D8EE000055
:10031000000000000000C8421DE5000053E5000099
:1003200085E50000C2E50000A5E50000C7E5000086
:10033000D4E5000070B5064E064CA41BA4080025A9
:10034000AC4200D170BD56F8253098470135F7E72B
:1003500034EF000058EF0000704770B501440446C8
:1003600018468C4200D170BD14F8013B0825584056
:1003700046B24300002ED8B2B8BF5040013DF7D17D
:10038000EFE700002DE9F04704460E461746EFF36D
:10039000108872B60568C5B9DFF88890051DD4E9E4
:1003A0000331A2689A1A8A4222DC1D4A12883280DE
:1003B000581C6269E0600B4096E8030002EBC3033F
:1003C00083E8030088F3108810E055F80C390360C7
:1003D000D1E900012B6983E8030028460C2100F0D5
:1003E000D3FA687988F3108800F00EFB012714E037
:1003F0008FB1D9F800A00921504600F0C5FA514646
:10040000284600F085FB88F3108800F061FBEFF3CD
:10041000108872B6C3E788F310883846BDE8F087C5
:10042000A00500201405002070B50B4604461046B8
:10043000EFF3108672B6D4E9022191421DD0501C10
:10044000A060206961696568024001EBC20292E820
:10045000030083E803001DB986F31088012070BDF6
:1004600055F80C39636028460C2100F08DFA687944
:1004700086F3108800F0C8FAF0E778B1094A1568E9
:1004800009212B61284600F07FFA2946204600F01A
:100490003FFB86F3108800F01BFBDFE786F3108834
:1004A000DDE700BF14050020F8B50446EFF3108621
:1004B00072B6334F3B685A6A002A5BD0D3E90620F4
:1004C000904257D0501C9861186A024039B9596956
:1004D00029B9511C03D186F310881046F8BD002AB3
:1004E0004CDB596A01EBC20103C984E803005D6972
:1004F0009DB9002A2CDA0421184600F045FA86F34B
:100500001088204B4FF080525A60BFF36F8F3B68CA
:100510001B79042B1ED100F015FC55F80C195961FC
:10052000002A0DDBD3E9072099695C6A511A8842D9
:10053000A9BF511C4FF0FF320240D96104EBC20445
:100540002B6993E8030084E803002B79062B03D181
:1005500086F310880122C0E7002328462B610C2176
:1005600000F012FA687986F310880E28F2D800F0AD
:100570004BFAEFE74FF0FF320029A8D01C61B6E735
:100580001405002000ED00E00346D0E9072010B577
:100590009C69141BA04201DA002010BD541C0240CB
:1005A000DC61F9D4586A00EBC20203C982E8030097
:1005B0001A896FEA42426FEA52421A81184600F0E5
:1005C0005BFB0120E9E7000008B50E4B53F8213032
:1005D000A3B11A79042A0BD103C81A6982E803006F
:1005E00018460C2100F0D0F9074B0120186008BD17
:1005F00001461846BDE80840FFF7C6BF4FF0FF3080
:10060000F5E700BF1C050020100500202DE9F04192
:100610001D46294B53F82140284B1B880380064672
:1006200090462CB985F310884FF0FF30BDE8F0817B
:10063000234B1F682379042B34D001462046FFF753
:10064000A3FF78B185F310883B79062B02D01D4BB0
:100650001B682BB11C4B4FF080525A60BFF36F8F59
:100660000120E3E7B8F1000F02D185F31088DDE740
:100670003B793E61062B14BF05210621384600F068
:1006800083F904F11400394600F042FA23896FEA35
:1006900043436FEA53432381204600F0EDFA85F38C
:1006A0001088D7E7D0E90001236983E803000C2113
:1006B000204600F069F9F2E71C050020A0050020A3
:1006C000140500201005002000ED00E010B50146E3
:1006D000EFF3108472B6054B1B880380044B186837
:1006E000FFF752FF84F3108810BD00BFA005002063
:1006F0001405002021230380FFF766BFEFF3058375
:10070000DBB20BB1FFF7F6BF064B1B881BB2994259
:1007100001D1FFF7DBBFEFF3108372B60122FFF7C1
:1007200075BF00BFA005002010B4EFF3058212F0E2
:10073000FF0203D05DF8044BFFF7DCBF074B1B88BB
:100740001BB2994203D15DF8044BFFF7BFBFEFF333
:10075000108372B65DF8044BFFF758BFA005002068
:10076000104B1B881BB29A422DE9F04106460C46FD
:10077000154601D100F0E6FAEFF3108872B60A4B85
:100780001F680621384600F0FFF896E803003C6138
:10079000434684E80300012229462046BDE8F04193
:1007A000FFF734BFA00500201405002038B5EFF393
:1007B000108572B60F4BB0F9002053F822400CB9E7
:1007C00000F0C0FA2379062B04D085F310884FF08F
:1007D000FF3038BD03C9236983E8030020460C219C
:1007E00000F0D2F8607985F3108800F00DF901204F
:1007F000EFE700BF1C0500200021FFF755BE0121D7
:10080000FFF752BE08B5064B4A1E1B6811405862DE
:1008100001D000F097FAC3E906111A6208BD00BFC3
:100820001405002070B504460846EFF3108672B632
:10083000236833B94FF0FF33236086F3108801201B
:1008400070BD11B986F31088FAE70F4B1D680DB91A
:1008500000F078FA0321284600F096F82368013367
:100860000DD105F10C0323600023EB6086F31088A3
:10087000064B4FF080525A60BFF36F8FDFE7294677
:10088000204600F045F9F1E71405002000ED00E0F6
:1008900038B50446EFF3108572B6006810B985F3D9
:1008A000108838BD431C02D100232360F7E750F8BD
:1008B0000C3923600C2100F067F8236813B94FF05E
:1008C000FF33236085F31088034B4FF080525A604A
:1008D000BFF36F8FE5E700BF00ED00E008B50379D7
:1008E0000B2B04BF0C230371836A1A68934208D050
:1008F000B0F9061003480CF06BFE03490D2000F020
:1009000059FA08BDDCE500000BE6000070B5184C94
:10091000184E2368356843BB15B12846FFF7DEFF44
:1009200000F07EFB2368002BFAD00020124B00223F
:100930001A602368114AB3FA83F352F823301C6813
:100940000C3C0B23AC4223710DD008B1FFF7C6FF5E
:100950000B4BA16AB4F906201A801F31094A346092
:10096000022000F0BFFA204670BD2846DEE700BF37
:10097000CC0400201405002010050020D004002025
:10098000A0050020080006160A2930B503791AD9F7
:100990000A2B14D842791A4B53F8225000F10C0458
:1009A0007DB12D68C56053F822502C6043F8224079
:1009B000144C4FF00043D34022681343236001716D
:1009C00030BDC460F2E70A2BF9D945790C4A52F8D8
:1009D00025303BB11C68A3420BBF0023246842F8BA
:1009E00025301C60437952F82320002AE7D1054CBA
:1009F0004FF00042DA40236823EA0203DEE700BF3B
:100A0000D0040020CC0400200B4B1B685A791B79C2
:100A10000A2B01D990420DD2EFF30583DBB21BB153
:100A2000064B01221A607047054B4FF080525A6006
:100A3000BFF36F8F704700BF140500201005002022
:100A400000ED00E008B5EFF3108372B6084B094AD9
:100A50001B88094C1BB2002142F82310074A20686A
:100A60001368013B1360FFF78FFF216000F094FAD9
:100A7000A00500201C0500201405002018050020FA
:100A8000431E9BB21F2B05D8034B53F8200010B117
:100A9000C06A7047002070471C05002010B5EFF3B6
:100AA0000583DBB27BB9EFF3108472B6064B0221EB
:100AB0001868FFF769FF84F31088044B4FF08052E9
:100AC0005A60BFF36F8F10BD1405002000ED00E0E9
:100AD000EFF3108072B60B4B1B681A790A2A07D9FC
:100AE0005A79094B53F8221011B1096843F82210C2
:100AF00080F31088054B4FF080525A60BFF36F8F20
:100B0000704700BF14050020D004002000ED00E075
:100B100038B50B790A2B01D900F014F94C7901F1A1
:100B20000C020346006818B110F8075CA542F8D91A
:100B3000C8601A6038BD00000F2A2DE9F84F05463D
:100B40008A469046994632D810F003031DBFC3F180
:100B50000402043B5B180B46A3F1340318BFAD1825
:100B600023F0030319F0080F05EB030416D02D60E2
:100B7000EFF3108B72B6284A0126114652F8047F13
:100B8000C7B10136212EF9D18BF310886FF08A0698
:100B90003EE012600432A242FBD3E9E72A46FAE7BC
:100BA00002212046FFF7F0FE8BF3108830E06FF053
:100BB00015062DE036B22A4641F82640DDE90A0145
:100BC000E68000F0B5F90C9B144AE3624FF0FF3366
:100BD000C4E9083713682060013319F0010FC4E934
:100BE0000377C4E90577A562C4F830A084F80580CE
:100BF0002771E7611360D3D10C212046FFF7C4FEB3
:100C000019F0040FD0D18BF310884046FFF7FCFE9B
:100C10003046BDE8F88F00BF1C05002018050020F5
:100C200010B50346EFF3108472B6028902EA0100A0
:100C300022EA01021A8184F3108810BD0C4A03468F
:100C400010B51068EFF3108472B6028913420CD10C
:100C500003610721FFF798FE84F31088054B4FF0DE
:100C600080525A60BFF36F8F10BD84F31088FBE78A
:100C70001405002000ED00E010B50379048A072B6D
:100C800003D0082B0CD0002408E003891C4005D0B9
:100C90000C21FFF779FE054B01221A60204610BD9A
:100CA00003899C43EFD10124F2E700BF1005002027
:100CB00038B5054B1D680446FFF7C0FF214628469E
:100CC000BDE83840FFF7ACBF1405002010B5EFF3C6
:100CD000108472B6038902791943072A038A0181B5
:100CE00004D0082A13D084F310880FE01942FAD0F8
:100CF0000C21FFF749FE074B01221A6084F310888C
:100D0000054B4FF080525A60BFF36F8F10BD8B437D
:100D1000E9D1EDE71005002000ED00E008B5EFF3A4
:100D20000583DBB243B9EFF310832BB904480BF012
:100D300053FBFFF7B3FEFCE70149032000F03AF84C
:100D40001AE6000008B5714602480CF041FCFFF7B6
:100D5000E5FF00BF2CE6000008B5FFF7EBFA0348FB
:100D60000BF03AFBFFF7D4F9002008BD35E6000090
:100D70001FB5EFF3108372B6074B02930023019364
:100D8000064B0093072204234FF4C0610448FFF789
:100D9000D3FE00F001F900BF5EE60000590D00002F
:100DA000A205002008B50AF040FCBDE808400AF0A2
:100DB000A6BD704708B50B4B1A680C4652B9012204
:100DC0001A60FFF7F6FF084821460CF001FC0748BF
:100DD0000BF002FBEFF3108372B600F093F809F00A
:100DE00057FD00BFA40B002063E600007FE6000073
:100DF00070B50D4600210446FFF714FD0D4E70B985
:100E0000BFF35B8FE288BFF35B8F338812B21BB2F4
:100E10009A4204D06DB901212046FFF703FD3388C3
:100E2000BFF35B8FE380BFF35B8FA3880133A380A5
:100E3000012070BDA00500200021FFF7D9BF0000F0
:100E400008B50F4BBFF35B8FC188BFF35B8F1B8867
:100E500009B21BB2994201D0FFF774FF8388002BBF
:100E6000FAD0013B9BB2838043B9BFF35B8FC38051
:100E7000BFF35B8FBDE80840FFF70ABD08BD00BFA8
:100E8000A00500200C4B0D4A10B540219A600C4C77
:100E9000E02283F82220D9770022A0180132302ADC
:100EA00080F80013F9D11A6942F010021A615A69E8
:100EB00042F400725A6110BD00ED00E00000000035
:100EC00000E100E0064BD3F8942042F00502C3F89D
:100ED00094205A6A42F480325A620020704700BF60
:100EE00000ED00E0064B21F01F0142F00102C3F8C3
:100EF0009800C3F89C100020C3F8A020704700BFE2
:100F000000ED00E008B5EFF30581C1F3080119B168
:100F1000054810390CF05CFB044BD3F8F030DB07CC
:100F200000D500BE08BD00BF8CE6000000ED00E06B
:100F30001A4422F0030210B54FF0773442F8044C03
:100F4000540758BF4FF08834A2F104035CBF42F845
:100F5000084CA2F108034FF0807243E902020D4AE7
:100F600043F80C2C0020032243E9052043F8201C01
:100F700001220224194643E907246FF0020241F8D6
:100F8000242D0B2241F8042D013A032AFAD1A3F1B2
:100F9000440010BD450A00000023E1EE103AEFF3D3
:100FA000148323F0040383F31488BFF36F8FEFF3EC
:100FB000108362B6024B4FF080525A60BFF36F8FBE
:100FC00000ED00E0114910B50C6872B6FFF79EFC09
:100FD00062B6A04208BF10BD2146BDE8104049B12D
:100FE000EFF309821EF0100F08BF22ED108A22E9EC
:100FF000F04F0A600068B0E8F04F1EF0100F08BF15
:10100000B0EC108A80F309887047000014050020B6
:10101000024B4FF080525A60704700BF00ED00E075
:1010200030BF62B6BFF36F8F72B670470D4B0E4A7A
:101030000E496846904203D8984201D9002102E047
:1010400009468D46012104207246024202D1EFF387
:10105000088001E0EFF309802DE9F00F6B4600F006
:101060008FF800BF5801002000000420000200207B
:1010700008B502490620FFF79DFE00BF9BE6000071
:1010800008B502490520FFF795FE00BFA7E600005E
:1010900008B502490820FFF78DFE00BFBAE6000040
:1010A00008B502490920FFF785FE00BFCCE6000025
:1010B00008B502490A20FFF77DFE00BFE0E6000008
:1010C00008B502490B20FFF775FE00BFF2E60000ED
:1010D00070477047204AD2F8883043F4700310B547
:1010E000C2F88830FFF7F4FF6A461C4B1C491C46C7
:1010F00093422DD31B4B1C48DA1C121AC11E22F03E
:101100000302994288BF002218490BF083FE184B56
:101110001848DA1C121AC11E22F00302994288BF35
:10112000002200210BF0F8FA24B1134A13490120E0
:10113000FFF7D8FEFFF7C6FEFFF7CBFF00F020F960
:10114000FFF70AF90BF0D8F8BDE81040FFF710BE22
:1011500043F8041BCCE700BF00ED00E000000020D6
:10116000FEE7FEE7BC04002000020020E8EF0000DC
:10117000CC430020C0040020080006161F000020F9
:101180002DE9F04F9A46564B8FB093469A6B0392D7
:101190005A6B0492D3F82880DA6A05921A6BDB6BDB
:1011A0000793504B06921A684F4B9A4204460E46DC
:1011B00002D04E480BF010F9002E62D04C480BF0D4
:1011C0000BF94C4B4C48198809B20CF001FA002578
:1011D0002F464A480BF000F9414649480CF0F8F90F
:1011E000059948480CF0F4F9069947480CF0F0F9D5
:1011F000079946480CF0ECF918F4004F03D0039916
:1012000043480CF0E5F918F0800F03D004994148E9
:101210000CF0DEF940480BF0DFF8404859460CF07E
:10122000D7F9002E29D11BF0080F53D0314B1E885F
:1012300036B23046FFF724FC3146024638480CF0FF
:10124000C7F938480BF0C8F8394637480CF0C0F9F0
:101250006946364BC91A03D5354849420CF0B8F9EE
:1012600020468268C36801698C4641698E46AD4656
:10127000514691E8F00F416800682E490720FFF7BA
:1012800099FDD4E90230D4E90679D4E90012089036
:101290002069099060690A9019F4007F26480B9133
:1012A000CDE90C230CBF04F1200504F124050BF05B
:1012B00093F8089B0B9900932048DDE90C230CF070
:1012C00087F9DDE90912CDF800903B461C480CF087
:1012D0007FF97EE7217F1B4810390CF079F9B0E7E0
:1012E00000ED00E000000020FEE7FEE700E7000060
:1012F00016E70000A005002045E70000EFE700002A
:10130000F8E7000008E8000018E8000028E80000FE
:1013100038E8000048E8000058E800005DE80000F8
:101320006FE80000AEE80000DFE800005801002090
:1013300007E9000034E9000059E7000074E7000005
:10134000B1E7000088E800004FF0704393F8E02F09
:10135000062A12D1D3F8E40F10F00F000DD1D3F804
:10136000E82F02F0F002302A08D1D3F8EC3F13F056
:10137000F00F0CBF012000207047002070470000D4
:1013800010B5FFF7E1FF30B1184AD2F8FC3023F076
:101390008073C2F8FC30FFF7D7FF20B14FF08043D5
:1013A0000322C3F8A025FFF7CFFF30B14FF08043F1
:1013B0000022C3F80C21C3F810214FF08043012410
:1013C000C3F87845D3F84026A24208BFC3F8804549
:1013D00000F0BCF8064BC3F84045FFF753FDFFF79C
:1013E000E1FCBDE810400AF013B900BF00ED00E0D9
:1013F00000E00140044B1B682BB1044B4FF08052BE
:101400005A60BFF36F8F70471005002000ED00E0B9
:1014100008B50C4B98420CD0B0F1402F0BD003F51F
:101420000033984209D003F54043984207D0FFF7B4
:1014300089FC002008BD0120FCE70220FAE7032018
:10144000F8E700BF0030004038B50D461446FFF7FE
:10145000DFFF0A4B43F82050094B43F82040094B6B
:101460001B56002B08DB0122590903F01F0302FA67
:1014700003F3054A42F8213038BD00BFC80B0020F5
:10148000B80B00205CED000000E100E0FFF7DCBFDE
:1014900070B50E461546FFF7BBFF0446064801210E
:1014A00000EB8400FFF7BEF9044B43F82460044BC3
:1014B00043F8245070BD00BFA80B0020C80B0020CB
:1014C000B80B002008B5FFF7A3FF034B03EB800028
:1014D000BDE80840FFF7DCB9A80B002008B5044AB6
:1014E000044B10681B689847BDE80840FFF782BFAF
:1014F000B80B0020C80B002008B5044A044B506804
:101500005B689847BDE80840FFF774BFB80B002040
:10151000C80B002008B5044A044B90689B689847A4
:10152000BDE80840FFF766BFB80B0020C80B0020DD
:1015300008B5044A044BD068DB689847BDE808400A
:10154000FFF758BFB80B0020C80B00207047000001
:10155000EFF3108172B6094A13680133012B13604F
:1015600009D14FF080420020C2F800011360D2F888
:101570000031002BFBD081F310887047DC0B00207A
:10158000094A08B513680BB9FFF7DCFBEFF31081CC
:1015900072B61368013B13601BB94FF08043012200
:1015A0005A6081F3108808BDDC0B0020084A1078CF
:1015B00068B94FF080430121C3F81815C3F804013E
:1015C0009960D3F804110029FBD0012313707047F0
:1015D000D80B002008F0C7B9D0E902301847000046
:1015E00070B50E4615460021102204460BF094F803
:1015F000024BE560C4E9013670BD00BFD91500009B
:101600000346006838B10268904219BF136803604E
:10161000002119601046704708B500B109B9FFF7FD
:1016200091FB4B68002BFAD0EFF3108272B60B6877
:1016300033B903686BB11B680B6003681960016004
:10164000406882F3108830B1BDE808400121FFF7FF
:101650003DBB0960F3E708BD10B5EFF3108472B627
:10166000FFF7CEFF84F3108808B10023036010BD9C
:101670002DE9F0410D46044600B109B9FFF762FBC0
:10168000EFF3108872B6002726467368002BF5D05A
:101690003046FFF7B5FF50B90137BD4206F10806E5
:1016A000F3D188F310880120FFF702FBE8E788F305
:1016B000108800220260BDE8F081D0E90501FFF743
:1016C000ABBF000001600349C0E90523C0E9031076
:1016D000704700BFBB1600000A4619B9D0E90501E2
:1016E000FFF79ABF011D00680AF045BA014600687D
:1016F00010B104310AF026BA7047000038B5856988
:10170000044685B10A4B1868436901330CD00AF0CE
:10171000DCF923696A68C11A8A4226BF9B181B1A22
:1017200000236B60206138BD83685B689847F0E7F1
:10173000D8EE00008369084A10B5044610682BB142
:101740005A6821460AF017FA206110BD2146BDE80B
:1017500010400AF0F7B900BFD8EE000083690022FC
:1017600010B504465A60A06930B1436823B90368D4
:10177000A36163699847F6E72046BDE81040FFF78C
:10178000D9BF000070B505460C46EFF3108672B65F
:10179000FFF7B4FF05F118000368BBB923600460CC
:1017A000AB69A34206D10F4B6268186829460AF05C
:1017B000E2F9286186F310880B4B1B682BB10B4BA9
:1017C0004FF080525A60BFF36F8F70BD61685A68E6
:1017D000914203D3891A61601846DDE7521A2360EB
:1017E0005A60DCE7D8EE00001005002000ED00E0B4
:1017F00070B504460D46EFF3108672B6FFF77EFF14
:10180000A36904F118022BB92046FFF793FF86F372
:10181000108870BD9D4202D01A461B68F3E72B6802
:101820001360002BF0D05A6869680A445A60EBE7ED
:10183000034B4161C0E9023000238361704700BF60
:101840005D17000038B1054B0A0901F00F019A5CE1
:101850005B5C027043700220704700BF60ED0000C7
:1018600088B1E9B1002340EA0102D2070DD5C207D1
:101870000FD5CA070FD5814222BF0A46014610463E
:10188000421A0AD199400846704740084908013376
:10189000E9E74008EBE74A08014608461146E8E751
:1018A0000146F0E72DE9F84306460D4614460AB90D
:1018B000FFF748FA11462846FFF7D2FFA042F7D8B3
:1018C000A84239D8B5FBF0F1B4FBF0F20025B1FA2B
:1018D00081F44FF0004EC4F120002EFA04FEC4F152
:1018E0005F0C2B462C462F46DB1847EB070811EA06
:1018F0000E0F18BF43F00103934278F100094746E9
:101900004FEA44044FEA5E0E0FD39B1A68F10007BA
:1019100044F00104002C0BDA3B4300D00134C0F149
:10192000200333713460BDE8F883002CF2D1013814
:1019300001356545D8D1EFE700200446EFE7000008
:101940000D4A10B5D2F83C41002303601CB1D2F817
:101950004441A14207D0D2F860315BB1D2F868317E
:10196000994207D101235B4203F0240303F59E73E0
:101970001A44026010BD00BF08020020F8B50546F9
:1019800016460C4669B108B9FFF7DCF903688B42CB
:10199000FAD8426803EB02129142F5D2CC1A241114
:1019A00001346B68A34201D800200AE02868314660
:1019B00000EB0410270108F078F80028F0D128681F
:1019C0003844F8BDF0B593B015462F230093064672
:1019D0000C46402302AA0B21284608F069F900288A
:1019E0001BDD2B685B7803F01F03013B01259D4045
:1019F0000023ADB223600227216802AA3046FFF718
:101A0000BDFF206010B9384613B0F0BD83881D4279
:101A10004FF00107F0D00027F5E70227F3E70000B9
:101A200070B5164CA36805460E4683B1E3680133D2
:101A30000BD104F110035B88B34208D1104829464A
:101A400009F040FF18B1002314E02369F3E7236F86
:101A50000BB9002070BD636F013314BFA36F094B36
:101A60005B88B342F5D10848294609F02BFF0028CE
:101A7000EFD068230833E018ECE700BF080200202D
:101A800024020020800200208C0200201FB5144692
:101A90001A460378012B0AD10023CDE901314068B1
:101AA000069B039401A906F0C3FE04B010BD4FF0DD
:101AB000FF30FAE70A4B10B5044618684369013352
:101AC0000AD00AF002F820F07F4262652046062123
:101AD000BDE8104008F02DBA83685B689847F2E7CC
:101AE000D8EE00001FB54268002A034611DB826869
:101AF0007AB11068516801AC03C49068002111707C
:101B000001AA044603CA4FF0FF329860D9601C61F5
:101B10005A6004B010BD30B50368013B012B97B08B
:101B200004461CD8C56A042303609DB150220021DD
:101B30000DEB03000AF0F0FD4FF0FF3315936368DF
:101B4000013314BFA36804F108030093002269461F
:101B50002046A8472046FFF7C5FF0023236017B0A3
:101B600030BD43685A1C012A13B5044605D82046E7
:101B700002B0BDE81040FFF7CEBF013B436040F626
:101B8000B831C3F104034FF4FA609940984009F06A
:101B90009DFD014604F13400FFF79EFD2368022BF2
:101BA0000BD000230093D4E9021204F1140304F1D2
:101BB0006000FFF76BFF0028D9DD02B010BDF8B55B
:101BC00004682568002306460F4603602DB12046B1
:101BD00009F078FE4FF0FF3538B9A36943B11834E6
:101BE0003946204609F06EFE00B134602846F8BD43
:101BF0000125FBE7014B0360FFF7E1BFE402002092
:101C000010B586B01222002101A80AF085FD042338
:101C1000009341F23363ADF8163000230E481A46A4
:101C2000694606F0FDFC002810DB0C4B0C4C1A68D2
:101C300009480023C4E9003221460A4A09F028FE77
:101C400001212046FFF714FD034610B9002006B01D
:101C500010BD5B689847F3E7E00B002014050020F7
:101C6000280D0020112100002DE9F843184C0646EC
:101C70000F46154604F1D009A368FBB1E3680133B0
:101C800014BF216904F1100104F108080B7803F076
:101C90000F03AB4212D12A46043138460BF05AFCEE
:101CA00060B9314604F11C0009F00CFE58B9E36933
:101CB000042B0BD194F82030FF2B04D068344C4512
:101CC000DAD14FF000084046BDE8F883FFF73AF854
:101CD000080200202DE9F74F99460023CDE9003393
:101CE00005461446036011B16846FFF783FF2CB127
:101CF000214B0193214601A8FFF761FFDFF87C80AB
:101D0000DDE900AB00244FF0FF364746D8F83C3100
:101D10002BB9264608F12408BCB90124F6E753453F
:101D200002D0BAF1000FF5D1D8F840315B4502D0AE
:101D3000BBF1000FEED1B9F1000F0AD1644204F0FB
:101D4000240404F59E743C442C60304603B0BDE886
:101D5000F08FD9F80010D8F854210B7803F00F0356
:101D60009A42D7D1002AD5D0043108F5A4700BF0DF
:101D7000F1FB0028CED1E1E7140300200802002087
:101D80007FB51B4EB6F9004074BB1A4B1A481B4D69
:101D9000CDE901431A4B0093062223464FF48B6191
:101DA000FEF7CAFE30802846D022214640F8084B74
:101DB0000AF0B2FC3022214605F1DC000AF0ACFC4E
:101DC0004822214605F59E700AF0A6FC8022214695
:101DD00005F5C2700AF0A0FC09F054FCC5F8D80063
:101DE000B6F9000004B070BD6FF01000FAE700BF54
:101DF0008811002047E90000300D00200802002073
:101E0000011C0000064BBFF35B8F53E8000F421C20
:101E100043E800210029F8D1BFF35B8F80B27047FF
:101E2000E00200202DE9FF47DDE90C6905460F4679
:101E300090461C4626B133782F2B01D0FEF782FF47
:101E40002F60FFF7DFFF824634B309F01BFCCDE9BA
:101E5000004AADF80C00022303AA0121286807F00C
:101E60005DFF4246044603463946284607F0BBFF5D
:101E7000002C0CDD5EB1B9F1000F08D02F230093C8
:101E800032464B460B21284608F023F8044604EA64
:101E9000E47004B0BDE8F087CDE900402346224657
:101EA0002146DBE72DE9F04F8FB0057803930DF164
:101EB000140B89460021189B05918046CBF804102D
:101EC000C5F3011592460AB9FEF73CFF9DF868205C
:101ED000012A4ED801228DF814206F4A069213B9B8
:101EE000002D40F0CF806D4E189301213046FEF753
:101EF00099FCB768189B3FB1326F22B13046FEF7AC
:101F0000C7FC002637E00127682202FB07627C42FB
:101F1000536304F06804199B93630221916004F1F8
:101F20001C02534632440AF1180C186859681646C8
:101F300003C6083363453246F7D19BE80300574B8D
:101F4000682607FB06621A4482E8030045B1012DAA
:101F500000F08580682202FB07320025956027E0AB
:101F60007E43B9F1800F1E4409D91846B560FEF7CB
:101F70008FFC6FF0150630460FB0BDE8F08F93F878
:101F800084213561002AE5D103F5C2704A464146F5
:101F900030610AF03FFF042240F6B8314FF4FA6096
:101FA000F260C6F8149009F091FB01220546B26078
:101FB0003A48FEF76DFC394B682202FB0737BA68D6
:101FC000002A9ED008341C4401238DF81430324B73
:101FD0000693ACB104F13406002D56D004F150073D
:101FE0002F4922463846FFF7FBFA2E492E4A096848
:101FF00030463B46FFF766FB29463046FFF76CFB51
:1020000007AE1C22002130460AF086FB039B6BB111
:10201000374603F1180C186859683A4603C208336A
:1020200063451746F7D108238DF8343000965346A0
:102030004A4641465846FFF729FD061E9BDC4CB137
:102040002046FFF74FFD1DB104F13400FFF74EFBB2
:102050000023236016F1800F7FF453AF8BE706FB5C
:1020600007364FF0FF32F260D8F80000D8F80410BD
:1020700004F110021A4403C2D8F80800106041F2BB
:10208000883595E71D461C469EE71C2229463046AA
:102090000AF042FBB4E700BFE00B0020080200207A
:1020A000631B0000D8EE0000280D0020F7B50E4697
:1020B000002719461546134600973246044607F096
:1020C00048FE00280DDD636DE78106442D1A666029
:1020D000A58113B1002003B0F0BD2046FFF7EAFC54
:1020E000F8E74FF0FF30F6E710B50B4680220749BE
:1020F0000446FFF7DBFF014620B92046BDE810404B
:1021000007F026BF4FF0FF3010BD00BFA80C002025
:102110002DE9F047CA06B8B081464AD5002514AF6C
:102120001C22294638460395A84C0AF0F5FA0123EB
:102130008DF868302E460EAB00930197002303AA5A
:1021400002A9484606F0D8FAB0F1000831DB0FD0FA
:1021500008EB0503802B88BFC5F1800804EB050060
:102160000299424688BF012645440AF053FEE2E741
:10217000BC46BCE80F001BAC0FC408239CE803005E
:102180008DF88430149B042B84E8030014D19DF84F
:1021900054308E49CDF824901BACFF2B08BF444629
:1021A0002A46012322A88DF8203007F0DFFC002802
:1021B00004DA38B0BDE8F087FEF7C4FD229A137840
:1021C00003F03003302B56D151880EA8FFF728FCBE
:1021D000054628B13430FFF789FA2846FFF79BFC03
:1021E000229B0EA906A8B3F80280FFF703FD069D07
:1021F000002D40D07648D0F83C1198FA98F2002390
:1022000092B2079329B1A94203D1B0F8501191427B
:1022100009D0D0F8601169B1A9420BD1B0F874317E
:10222000934207D101235B4203F0240303F59E731D
:1022300003440793DDF81C80B8F1000F1BD04FF06A
:1022400000094B46D8F80420C8F8009049460AA86F
:10225000FFF740FD0A9B1BB9D8F80430C3F8009083
:1022600000231A46C8F80490294607A8FFF732FD54
:10227000079B03B92B6022994A784FEA5218B8F1AC
:10228000020F20D01AD8B8F1000F92D10B78002A93
:102290006ED113F0300FC3F301154ED10321229AF2
:1022A000137823F0300343EA011323F00F030021D6
:1022B000137051700EAB009404226BE1A8F104037B
:1022C000012B3FF676AF11F8042B0EA802F00F0297
:1022D000FFF7CAFC229B0546002800F062811A78AD
:1022E00012F0300FC2F3011300F05981013B012BB2
:1022F0003FF65FAF4FF0FF37AB6C1BB105F1340019
:10230000FFF7F4F9002E0CBF032306232B60EB6AC2
:10231000379E1BB10EAA22A9284698472846FFF7E8
:10232000E1FB013602D0B8F1020F01D000232B608F
:1023300001373FF43EAF0221B1E7022D7FF439AF00
:1023400049880EA8FFF76CFB044600283FF431AF24
:10235000436801333FF42DAFC36A0560002B7FF45F
:1023600028AF3430FFF7C2F92046FFF7D4FB20E74F
:102370009B063FF51EAF26B18D2122A8FFF7B4FEC4
:102380007CE0DFF84C80CDE90466CDE90666D8F83C
:1023900004504FF0020955B9B9F1010F3CD0B9F121
:1023A000020F3BD0B9F1000F17D0A021E5E76B6910
:1023B0000A9622AA0AA928469847022801D12D691F
:1023C000E9E7012806D12D698146E4E7A80C002041
:1023D000080200200028E8D10A9D294607A8FFF737
:1023E000AFFADDF8DC90B9F1000F40F09F8022AB2E
:1023F0004A460EA906A8FFF76DFCDDE9063A064637
:10240000BAF1000F3ED05BB19A4515D0CDF81890C7
:102410004FF0FF3337930FE08521AEE78421ACE71F
:102420009AF81C30012B2FD1DAF800100EA809F011
:1024300049FA48B3CDF818A0069B8BB1229F9D6046
:102440003A78DDE9080102F00F0203F11C069A61F7
:1024500086E8030022B1391D03F10C000AF0DAFC12
:102460000EABCDE90B3401230A950D93AD685249AB
:102470000AAB802222A8A847002896DB00283FF458
:1024800098AE84E0002BD7D1379B0133D4D0002EF7
:10249000BEDBBAF1000FBBD10EA904A8FFF7AAFB5F
:1024A000049B33B90028A1BF182303FB0080DC3054
:1024B0000490424B0593214605A8FFF780FB059B3E
:1024C0003BB90028A1BF182303FB008303F58673E3
:1024D0000593049A002A9BD0DDF814C0BCF1000FCC
:1024E00096D00DF1380996464B4603CBBB42CEF849
:1024F0000000CEF8041099460EF1080EF4D1A6465D
:10250000674604F11809734603CB4B453860796080
:102510009E4607F10807F6D12423734303F59E7105
:1025200041444344C3E94F2C069185E7B9F1010FBB
:1025300027D122AB00220EA906A8FFF7CBFB069FEE
:10254000DFB100233B601A460EA90AA8FFF7C2FBC1
:102550000A9E36B90EA904A8FFF74CFB049B03B1F1
:102560001E60002319467A680AA8FFF7B3FB0A9B8E
:102570000BB97A68136000237B604FF0FF33379309
:102580006EE7B9F1FF3F3FF46BAF4FF0FF300094BF
:102590000EAB0246084908A8FFF778FA09E60227B9
:1025A000AAE61B7813F0300F3FF478AE379B013367
:1025B0007FF474AEFDE500BFA80C002014030020DA
:1025C000282A2DE9FF4105460F4601D0FEF7BAFB48
:1025D000164B01925C680123ADF80C3000261CB943
:1025E000304604B0BDE8F081E36823B1002362689F
:1025F0000293934201D32469F1E72068D4F80C8058
:1026000000EB031001AB75B1BA1BA919C047002834
:10261000F1DDBDF80C3023F00103ADF80C30029B66
:1026200006440133E3E72A462946EFE70802002083
:10263000F8B504461E464523FFF738FD28220C2135
:10264000204607F076FC0121204607F081FC054674
:1026500030466768A48907F090FC2822C3B221465F
:102660003846FFF7ADFF2844F8BDF8B504890646A3
:102670000F46154600200DB1B54218D13289716858
:10268000002306F0EEFE04F13A030344B3F5803F65
:1026900024BF013080B2796820443A3000232022E0
:1026A000083180B206F0DDFEC04380B2F8BD23469B
:1026B0002A89696806F0D5FEAB682D6823449CB270
:1026C000D9E72DE9F8430E4681460321304603F051
:1026D0009BFD044608B9FEF735FB022103F094FD8B
:1026E00007460028F7D0A368032B05D83046002101
:1026F000BDE8F84303F090BD014632462046D4F8C9
:102700000480FFF7B2FF0028F0D198F80050892D1F
:102710000FD8842D11D8802D16D098F8001033468C
:1027200040F20122032002F077FA0028DED0BDE853
:10273000F8836335EDB2012DEFD8A368796842467E
:10274000484601F081FCE8E723897968424648461B
:1027500000F048F8E1E738B50D46144600211A4666
:10276000032303F09BFE28B1436800221D705C70B8
:102770009A70DA7038BD10B5044660B190F9103027
:10278000032B0BD10268FFF770FF50B1636840BAAA
:102790005880002010BD6FF00D00FBE76FF04C007B
:1027A000F8E76FF00100F5E72DE9F041DDF818805A
:1027B000154600220E461F46014608F10803104642
:1027C000FFF7C9FF044650B1406876BA6DBA8680FB
:1027D000C58027B14246394608300AF01BFB204627
:1027E000BDE8F08173B506460C46002A3ED0072BA3
:1027F0003CD99188D088083B40BA49BA009389B245
:1028000002F1080382B28120FFF7CEFF054668B3CC
:10281000237EFF2B04F1080214BF04F118010021EC
:1028200000F055FB044610B90146284609E0002394
:102830001A461946184603F005FA054630B901460E
:10284000204602B0BDE8704003F0E6BC43680EB11C
:10285000B6F966615E8006492C602B4640F2022282
:10286000022002F0D9F901460028DED002B070BD86
:102870000000FFFF002103F0CFBC000008B50449B1
:1028800010220AF067FEB0FA80F0400908BD00BFD0
:10289000E6ED000010B50A49082204460AF05AFE87
:1028A00048B12378FF2B08D1607800F00F00831E19
:1028B0005842584110BD0120FCE70020FAE700BF54
:1028C000D6ED000070B51E46CBB20021154602467B
:1028D000084603F0B7F9044620B92846FFF7CAFFB7
:1028E000204670BD43681E710560F9E738B50B6876
:1028F0000C46054608B9FEF725FA4A68B0F8661195
:10290000518000224BB9B5F8A030934209D220463D
:102910007A21BDE8384003F07FBC99681B680A44FF
:10292000F0E7284602F026FB60B10B49234640F24F
:102930000222012002F070F968B92046BDE8384053
:10294000FFF798BFB5F9660140F20222214602F076
:1029500058F90028F1DD38BD0000FFFF2DE9F843EC
:102960000E46D1E9001405460A4600232ABB5BBA8D
:10297000A380A379FF2B02D119BB3B23A371E37979
:1029800013B94DBB4023E37104F108073E491022FF
:1029900038460AF0DFFD04F11809804678BB484646
:1029A000FFF76CFF0246D0B110224146384609F0CD
:1029B000B3FE0123E37534464FE090681268034488
:1029C000D4E70B7C023BDBB2022BD6D82F4AD35C78
:1029D000A371FF2BD3D1D0E795F86431D3E74946F3
:1029E000284602F0F7FC03460028E4D000F110026C
:1029F00053F8041B47F8041B9342F9D1DBE7284640
:102A000002F0DDFA4846FFF739FF98B10024284666
:102A100002F0DCFA002CCED00321304603F0F4FBA8
:102A200028B143681B7803F0FD03852BC3D06FF0FA
:102A30007C0022E03946284602F0B8FC0028E5DB9D
:102A40002844047D04F01F04103C18BF0124DEE775
:102A500003F040FD98B12060044694F91030022B39
:102A600002D120680028F3D13146204603F0BBFB99
:102A7000002807DA831C08BF0020BDE8F8836FF048
:102A80000B00FAE70020F8E7F6ED000080ED00000B
:102A900080B590B01022002105A809F03DFEAD4B95
:102AA0000693AD4BAD481B88ADF820300821FDF7EB
:102AB000A9FE05A9022003F03DFBA94F40F2052322
:102AC000ADF80E3001A8FDF79AFEBDF80620B2F56C
:102AD000017F2CD840F202239A4200F2B48140F2E6
:102AE00001218A4239D09A42ECD1029E96F91030E7
:102AF000013340F0EF8074688CB3B4F9020002F047
:102B000053FA0546304694F8048003F0E3FC08F0DD
:102B10003F08014600283DD003F0A8FB064696F981
:102B20001030022B00F0DA80162130464DE0A2F57D
:102B30009F43403B9BB2152BC4D88A490120984043
:102B40000140002940F08781152B00F08981142B6A
:102B5000B8D1029801F024F9B4E7029E0EB9FEF74D
:102B6000F1F84FF0FF31304603F04EFB054638B127
:102B70004368002BF3D0B3F9020002F015FA0546C2
:102B800073683BB1B268272A04D91B7803F0F003BD
:102B9000602B01D030460EE0304603F09BFC04462B
:102BA0000028F7D00222282103F0B6FC002323746A
:102BB000034618B92046FFF75DFE83E7D0F804808E
:102BC00098F8072022B97421204603F025FB79E705
:102BD000B8F8041098F806608AB249BA89B20AB9FE
:102BE0003B2EE7D19C42A2685AD08A4257D9204650
:102BF00003F0FAFC08F118084046FFF73FFE70B9F1
:102C00004046FFF747FE08B1002D58D1404602F07C
:102C1000BDFC0546B0FA80F040090028CAD1292E33
:102C200051D03A2E51D0A6F11102534253419B008C
:102C300023743146022003F0BEFA002801DC3A2E4C
:102C400045D10121204603F09FFB4FF00108414987
:102C500094F91000234640F2012201F0DDFF10B983
:102C60002046FFF707FEB8F1000F10D03A2E03D12F
:102C70000121204603F088FB234640F20122314621
:102C8000022001F0C9FF10B92046FFF7F3FD3A2EEC
:102C90007FF418AF21462846FFF713FD12E72346BD
:102CA00000209A68104493F91020022A02D01B6871
:102CB000002BF6D1283888429CD2162184E7404662
:102CC00002F064FCA6E70223B2E70323B0E74FF06B
:102CD0000008BCE74FF00008454620E77068102266
:102CE000394618300AF036FC00283FF41DAF304654
:102CF00003F0F0FB044600283FF44CAF4668337EF7
:102D0000FF2B54D185BB02F042F900283FF452AFAB
:102D1000411E204603F038FB48F04008284602F0E8
:102D200034F9054600283FF4CDAE204603F0D2FB2F
:102D3000064600283FF43EAF01462846FFF70EFE48
:102D4000002827DAB4423FF435AF3046FFF792FD52
:102D500030E700BF0000FFFFA00500208C1100201D
:102D6000F6ED0000EFFB060001462846FFF7F6FDF2
:102D70000028FFF61FAF002148F040032246084616
:102D8000FFF7A0FD014600283FF49CAE2846FFF760
:102D9000ADFD97E60021084643463246FFF792FD17
:102DA00001460028BAD02846FFF7A0FDB6E718363E
:102DB000304602F0EBFB8542814606D03046FFF7F5
:102DC00069FD002818BF4FF000093046FFF756FD97
:102DD00010B9B9F1000F17D021464846FFF7BEFDE4
:102DE0000028FFF6E7AE204603F058FA00287FF4EB
:102DF000E1AE1D49234640F20122022001F00CFF02
:102E000000287FF45FAED5E609AB2246294630465E
:102E100001F038F80028FFF655AEBDF83C00C0F3CD
:102E2000041002F0C1F8054600283FF498AE214690
:102E3000FFF794FD0028FFF6BDAE9DF83E10434617
:102E400022460DA89CE76FF0850303A901A804930F
:102E5000FDF7ACFC36E60298114601F0B3FB31E613
:102E6000029800F0C7FF2DE60000FFFF1FB50A4CD7
:102E7000B4F900305BB9094A0948CDE90132094A81
:102E800000924FF470710422FDF756FE2080B4F9D1
:102E9000000004B010BD00BF8A1100205FE90000EF
:102EA000CC110020912A000008B5022103F0ACF9F2
:102EB00060B143680BB9FDF745FF8268272AFAD94C
:102EC0001A7802F0F002602AF5D1184608BDF8B56C
:102ED0000C46174602232822002103F0DFFA06469B
:102EE00008B3456805F10800FCB1214604F1100360
:102EF00051F8042B40F8042B9942F9D105F1180040
:102F0000C7B1394607F1100351F8042B40F8042BE0
:102F10009942F9D1602200232A70FF226B70AB70B6
:102F2000EB70AA71EB713046F8BD1022214609F012
:102F3000F3FBE3E71022394609F0EEFB012385F8A5
:102F40002730E7E7F8B5044615460E4609B90020D4
:102F5000F8BDD1F8A470FA04F9D5194908220AF08D
:102F6000F9FA38B12378FF2BF1D1637803F00F031E
:102F7000022BECD1FB0701D4FDF7E4FE96F86501C6
:102F800005F1100204F1080106F08CFC10F0FF00BE
:102F9000DDD0A8762B4604F1100254F8041B43F848
:102FA000041B9442F9D1B6F866311B0103F4F8739F
:102FB00043F4806343F006032B830120C8E700BF7E
:102FC000D6ED00002DE9F843054602F0DFFA04468D
:102FD000002859D001F0F3FFB4F96611002000F089
:102FE00065FB002843D00368B4F966119A8EC2F3DA
:102FF0000412914201D0FDF7A5FE043318462A467B
:10300000214600F0FCF82946204602F0CFF90028BE
:10301000F1DB21180B7D03F01F02102A31D003F0E1
:103020000702013A012A27D80133D4F898800B759A
:10303000050105F17806154B1548B3F900902644B3
:103040003146FEF7D5FB05F1160760190023C0E9EC
:103050001E38274444F6CF73A0F88230C0F884703D
:10306000A0F8809031460A48FEF78CFB04E084F813
:103070009C00204601F060FA2046BDE8F84301F0CC
:10308000A5BF4EF66028D3E7BDE8F8838A1100207B
:103090008C1500202DE9F3470D461F46044608B95C
:1030A000FDF750FED0F8A430D90403D4042002B0B8
:1030B000BDE8F08779780229F8D11278882AF5D10D
:1030C000DB07F3D590F8C0206B4600F1B80102F0A1
:1030D0002BFD0828EAD1DDE90002B968FB689A42B5
:1030E00008BF8842E2D1BB78012B41D0022B45D0EA
:1030F000CBBB05F118012046FE8802F057F90028E5
:103100001FFA86F8D2DBB8F5807F2ED076BAB6B239
:103110004EF660235E43A6F56A46603E221805011E
:10312000137D254823F01F0343F0100305F17808B1
:103130001375A044214B4146B3F900A005F11609CF
:10314000FEF756FB60190023C0E91E36A14444F681
:10315000CF73A0F88230C0F88490A0F880A04146D8
:103160001548FEF70FFBB878A1E747F23056D5E7D0
:1031700005F11801204602F0D3FAF4E7B4F966111C
:1031800005F1080000F092FA0646002888D000F009
:1031900055FA002000F074FA28B984F89C00204603
:1031A00001F0CAF9DFE73368002B3FF479AF05F18E
:1031B0001800FFF707FFD6E78C1500208A110020C2
:1031C00013B58A784878412A34BF022303239842F2
:1031D00012D1CC88C87864BAC0F30013A4B20093AB
:1031E0000831234600F00F0003F026FC4EF6602362
:1031F00003FB04F002B010BD4FF0FF30FAE7F0B56A
:10320000074685B015461E460C4609B9FDF79AFDDE
:10321000B1F96611002000F049FA45B3D4F8A430A2
:10322000DA0424D518B30068B4F96621838EC3F399
:1032300004139A421BD13146043006F055F9B0B15F
:10324000D4F8A430DB0710D594F8C02002AB04F109
:10325000B801204602F068FC082806D1002302AA23
:103260000F21184605F047F810B905B0F0BD002051
:10327000009033462A462146384601F073FBF4E7B6
:103280002DE9F04117469846054608B9FDF75AFD65
:1032900001F10806B0F96611304600F0AFF80446B7
:1032A00028B190F8363013F0010F08BF0024D5F88C
:1032B000A430DA07EAD595F86501414606F008FB27
:1032C00000281ADB74B9B5F966110322304600F004
:1032D000E5F8044688B13B78872B02BF838E23F044
:1032E0000803838694F83630DB0706D53B78862BB7
:1032F00005D1A38E43F00803A386BDE8F081872B98
:10330000FBD0A38E23F00803F6E730F9081FFDF782
:10331000F1B9000008B5044910220AF01BF9B0FA0F
:1033200080F0400908BD00BFF6ED0000054A1068B6
:1033300038B10368984219BF1A6802600021116011
:10334000184670477C17002090F8361011B93822C3
:1033500009F0E2B9704770B5044610460E461546AE
:10336000FFF7F2FF4CB123462A1D04F1100153F878
:10337000040B42F8040B8B42F9D11F2E01D9FDF743
:10338000E1FCAB8E23F4F87343EA0611A98670BD05
:1033900001490248FEF74CBA0B3300008C1500209F
:1033A0000148FDF749BD00BFA81500200148FDF701
:1033B00047BD00BFA815002070B50F4CA38EC3F306
:1033C0000413994205460E460FD150B9201DFFF750
:1033D000A1FF50B12846084A3146FFF7BCFF064816
:1033E00070BD211D06F080F8F3E794F83630002B0D
:1033F000F0D00020F4E700BF4417002008B50B46CA
:10340000014638B9FDF79EFC0A4806F06DF878B120
:1034100009480EE0084A92F8360048B1928E12F43C
:10342000F87FC2F30410EFD0002BEDD08342EBD035
:10343000002008BD481700204417002010B590F860
:10344000363023F0010300F1240180F836300446C1
:103450001048FEF7CDF910490A6822B113689C4262
:1034600006D1FFF763FF2046BDE81040FFF76CBFB1
:1034700013461B681868844202D09A42F9D1F2E7D9
:10348000002BF0D022681A600A68944208BF0B60D3
:10349000E9E700BF8C1500207C1700202DE9F843D8
:1034A0008846074608B9FDF74DFC02F007052B1FBB
:1034B000022BF8D9FFF780FF002839D1FFF736FF3C
:1034C000814660B3284E044694F83630012B29D843
:1034D000A38E03F4C0632BBB2046FFF7AFFF384633
:1034E00022464146FFF737FFA38E2B43A3860123D5
:1034F00084F8363020463368B3B11B6823603368E4
:103500001C60346060B9FFF711FF81450446DBD1D0
:1035100033685BB11B680360336818603460002057
:10352000BDE8F8830020E6E72460EAE72060F5E7DD
:1035300090F83630DA0708D4828E22F0070215435D
:1035400043F00103858680F836300368002BE7D10D
:10355000054B1A682AB1126802601A681060186078
:10356000DEE70060FBE700BF7C17002070B50C466B
:10357000054600B109B9FDF7E5FB0A46031D00F158
:10358000140153F8040B42F8040B8B42F9D1A88EB6
:103590002083C0F3041001F007FD104906460822FD
:1035A000204609F0D7FF38B12378FF2BE3D16378A9
:1035B00003F00F03022BDED1002EDCD0D6F8A430AE
:1035C000DB0705F10C0104F11002D4D596F8650172
:1035D00006F068F90028A8BFA07670BDD6ED0000FF
:1035E000F8B5154E346807460D4694B1A38EC3F363
:1035F000041399420BD1211D05F076FF38B194F8E0
:10360000363043F0080384F836300B48F8BD00200C
:10361000FCE7FFF7D1FE024630600028F7D02946CC
:103620003846FFF798FE326892F8363043F00803C8
:1036300082F83630E9E700BFB0150020036810B506
:1036400004468BB1011D0C48FEF7D2F8206890F8B3
:10365000363023F0080380F83630FFF775FE142269
:103660000021204609F058F8044B1A68A24204BF12
:1036700000221A6010BD00BF8C15002080170020AA
:1036800028B11430074A904203D3002070470648FF
:10369000F8E703681BB193F83630002BF6D11430ED
:1036A000F1E700BFC4150020B015002010B520B10F
:1036B0000D4B1C682CB900200FE00029F8D1FDF754
:1036C00041FB21B1A38EC3F304139942F3D128B96E
:1036D00094F836301B07F2D5034810BD211D05F0C4
:1036E00003FF0028E7D0F3E7B015002010B5124C17
:1036F0002168B1B10B689B8E03F00703013B012BDE
:103700000DD80020FFF7BCFF68B90846FFF7B8FFE7
:1037100001B110B90020FFF7B3FF20600146084651
:1037200010BD0846EEE703689B8E03F00703013BDC
:10373000012BF2D8E6E700BF8017002038B50C4611
:10374000054610B1036803B109B9FDF7FBFA102271
:103750000021204608F0E0FF114A12680023AA4227
:1037600084F8203008D12B689B8E03F00703013BBF
:10377000012B94BF0023012384F821302B6804F12E
:1037800010011A1D143352F8040B41F8040B9A422D
:10379000F9D12B689B8EC3F30413638438BD00BF3B
:1037A000801700202DE9F84F054689461F469046B0
:1037B0003AB11046FFF7AEFD044610B97B1E7F2BD1
:1037C00001D9FDF7BFFADFF8E4B082469BF8242068
:1037D000DBF80060DAB9002C08BF5C460AF1010A88
:1037E000BAF1080F0BF1300BF0D174B12368002B44
:1037F00045D149462846FFF7DFFD014620600028F5
:103800003DD13022204608F087FF00242BE09BF8B2
:1038100025209742E2D141460BF1040005F07AFEE3
:103820008742DBD8002ECCD0B28EC2F30412914571
:10383000D4D104363046FFF76DFDB8B13DB105F186
:10384000100255F8041B46F8041B9542F9D13022AA
:1038500002FB0AF2154B995891F8362042F04002CB
:1038600081F836205C462046BDE8F88F002DB5D0A3
:103870003146284605F038FE0028AFD0DFE7226841
:1038800049462846FFF767FD2046FFB250F8042B53
:1038900092F8363043F0400382F8363041463A46DB
:1038A00005F057FE84F82570DDE700BFC415002041
:1038B00010B590F824300446FBB90068D0B9204612
:1038C0003022BDE81040002108F026BF3033013A15
:1038D00004D09C42FAD019688842F7D1074A934233
:1038E000EDD390F8363023F0400380F83630FFF700
:1038F0002BFDE4E7024B0922E9E710BD4417002045
:10390000C415002028B13030064B984203D3002064
:1039100070470548F8E790F82420002AF8D13030A5
:10392000F3E700BF44170020C415002038B50B464C
:1039300010B1026802B109B9FDF704FA021D00F1E5
:10394000140452F8045B41F8045BA242F9D190F8E8
:10395000252083F82020002183F821100268948E0E
:10396000C4F304145C8490F82400042803F11000CC
:1039700004D1BDE83840102208F0CEBE131D143229
:1039800053F8041B40F8041B9342F9D138BD0000E2
:103990002DE9F8431646074600B10AB9FDF7D2F9FA
:1039A000184D0024A04605F5C07995F824305BB188
:1039B0003946281D05F0AEFD404505D995F825305E
:1039C00083429CBF80462C4630354D45EDD134B105
:1039D00094F82430042B0FD1E38CDB070CD4FFF7D1
:1039E00085FE18B944B96FF0710003E03146FFF766
:1039F000A5FE0020BDE8F88331462046FFF796FF7C
:103A0000F7E700BFC415002010B5044600F114010B
:103A10000648FDF7EDFE94F8243023F0040384F803
:103A200024302046BDE81040FFF742BF8C1500202F
:103A30002DE9F843044600F114011748FDF7D8FEBC
:103A40002368988EC0F3041001F0AEFA0546D8B191
:103A500000F1160604F104094946304694F8257031
:103A600005F058FD05F1260887424946404694BFB7
:103A700094F82570002605F04DFD874209D91EB146
:103A80003146284601F04CFE2046BDE8F843FFF7DA
:103A9000BBBF4646F4E700BF8C1500202DE9F84374
:103AA0001F4613460A4601460020089EFFF77AFE8D
:103AB000044600283DD090F82430B74243F0040378
:103AC00080F8243001D2FDF73DF907EA0605681CAD
:103AD00036D01D4B1868436901332DD007F0F5FF30
:103AE000711C05461CD0194B1948B3F9009004F11C
:103AF00014084146FDF77CFE0023C4E9053644F670
:103B0000CC731348E3832462A4F81C904146FDF76C
:103B100039FEB21C04D07319013308BF01362E449C
:103B2000FB1C0FD87B19013308BF01373D44C4E9A2
:103B30000A562046BDE8F88383685B689847CFE75C
:103B40002E46F4E73D46F2E7D8EE00008A11002049
:103B50008C15002010B50A4B9B690246002013B952
:103B60004FF0FF3010BD5C6820445C898C4204D16A
:103B7000002AF7D0DC689442F4D01B68EFE700BF5E
:103B80008C150020F0B5044685B00E46174600217E
:103B90001022684608F0C0FDD4F8A430D90406D439
:103BA000B4F96611234809F013FD05B0F0BDDA073A
:103BB000FBD594F8C02002AB04F1B801204602F016
:103BC00031F80028F1DB3A463146684605F0C1FC81
:103BD0006946204601F0EAFB051E29DA07233A462A
:103BE0006946204601F046FB051EDEDB0127D4F8BE
:103BF000A430DB04D9D510490822304609F0AAFCCC
:103C000038B13378FF2B0BD1737803F00F03022BFD
:103C100006D16219137D23F01F0343F010031375BF
:103C2000002FC2D004EB05101630FFF7CBF9BCE72C
:103C30000027DCE764E90000D6ED000010B50A4972
:103C40000822044609F086FC48B12378FF2B08D1EE
:103C5000607800F00F00831E5842584110BD0120CB
:103C6000FCE70020FAE700BFD6ED0000002102F0DB
:103C7000D3BA08B5FFF7C2FB28B190F8363013F07D
:103C8000010F08BF002008BDF8B504461746069886
:103C90001A460D46A9B191F865310A2B11D1134688
:103CA00004F1100154F8040B43F8040B8C42F9D1D1
:103CB000B5F866311B011383002393760126304645
:103CC000F8BD78B929462046FFF73CF9064600289A
:103CD000F4D1D5F8A41011F4805107D03846FFF77D
:103CE000C5FFECE71146FFF741FCE7E70DB1B5F979
:103CF000661102222046FFF7D1FB0028EED0002FEC
:103D0000DDD07621384602F087FAD8E738B5056865
:103D10005DB195F836301B0707D5FFF78FFC0024FF
:103D20002046FFF7EFFD044600B938BD23689D42E9
:103D3000F6D1FFF7BDFDF3E72DE9F843DFF8348056
:103D40001F460B4B144605460E4640461146B3F936
:103D50000090FDF74DFD0023C4E900376681E56062
:103D6000A4F8089021464046BDE8F843FDF70ABD97
:103D70008A1100208C15002038B5084CFFF710FB85
:103D8000A16929B10D682046FDF732FD2946F8E703
:103D9000FFF7FEFABDE83840FFF708BB8C1500209E
:103DA00038B5044608B9FCF7CDFF002501F007F946
:103DB0000E49A4F89C50204601F0FFFB402220460B
:103DC0000B49FFF7DFFE4FF47A71284607F07EFCBF
:103DD00004F16802034644F6C3712046FFF7ACFFC6
:103DE0002046BDE8384001F0F1B800BFB6ED000054
:103DF000D6ED000038B5044608B9FCF7A3FF01F082
:103E0000DEF804F11605104804F16801FDF7F0FC36
:103E10002846FFF713FF18B12946204601F080FC21
:103E200004F126052846FFF709FF18B12946204668
:103E300001F076FC2046054901F015FC2046BDE85E
:103E4000384001F0C3B800BF8C150020B6ED00006B
:103E500010B5044608B9FCF775FF01F0B0F84FF44F
:103E60007A73C4F8983094F89E3043F001032046EA
:103E700084F89E3001F076FE2046BDE8104001F047
:103E8000A5B800002DE9F0470C468CB00546084661
:103E90001746994601F093F8FFF782FA002C3ED0BE
:103EA000B4F966112846FFF7E4FE0646002838D02C
:103EB000B0F83480C8F304182846FFF7BFFE002886
:103EC0005FD1B8F1000F5CD0204601F07FF840468A
:103ED00001F06AF80446FFF769FA204601F06FF82E
:103EE000FFF75EFA002C4ED0B4F966112846FFF7B2
:103EF000C0FE064600964B463A4621462846FFF746
:103F0000C3FE00280CBF6FF075060026FFF74EFABF
:103F1000204601F05BF830460CB0BDE8F087214642
:103F2000C0E72846FFF78AFEB0460028C4D1B24653
:103F30005046FFF7E7FC824678B9B8F1000F2BD066
:103F400098F824305A0727D5B8F82630DB0723D550
:103F5000D8F80030B3F83480ACE70AF10401284601
:103F600005F0D8FA9AF825309842E1D3B8F1000F5D
:103F700005D098F825209A4238BFD046D8E7D046D9
:103F8000D6E7002CB6D11FB17621384602F044F9AD
:103F90006FF075060024B9E703AA39462846FFF7F3
:103FA000F7FC061E35DB2749102207A809F0D2FAD4
:103FB00078B976BB2846FFF741FE50B307AA05F152
:103FC000100C28686968134603C3083565451A460E
:103FD000F7D1BDF82E3024BBBDF92E0000F0E4FF70
:103FE0000446FFF7E3F9204600F0E9FFFFF7D8F9B0
:103FF00024BB214607A8FFF73CFE4B4600903A46FB
:10400000214607A8FFF740FE002808BF6FF075069D
:104010007CE71FB17221384602F0FEF86FF071069E
:1040200074E7B4F966219A4208D0204600F0CEFF2A
:10403000B4F96621BDF82E309A42CDD1B4F966119B
:10404000D8E700BFF6ED00002DE9F04F0F4689B02C
:1040500015469846044608B9FCF774FE00F0AFFF19
:10406000FFF79EF92B78872B00F05481882B00F006
:104070001D82862B40F0AB8107F108094846FFF707
:10408000DDFD002800F0A381FB79FF2B40F09F812C
:104090006B78002B40F09B81B8F10F0F40F29781B5
:1040A000D4F8A430DA0407D4EB885BBA9BB242F2AE
:1040B0002832934200F28B81A8F1100B05F1100613
:1040C00032465B46002B59D1B5F80680B4F966112B
:1040D0001FFA88F34846002B5CD0FFF781FA81462F
:1040E000002800F0748198FA98F84FF47A731FFA58
:1040F00088F803FB08F84346021D44F6CD71FFF72C
:104100001BFE2B790BB184F86431EB6813B11BBA39
:10411000C4F89830B9F1000F13D0D4F8A430DB0400
:104120000FD5237D13F0EF0F03D004F11600FEF737
:1041300049FF637D13F0EF0F03D004F12600FEF773
:1041400041FFBBF1000F2FD1B9F1000F00F03F810B
:1041500004F16805A2482946FDF74AFBD4F8A430CB
:10416000DE0440F134814FEA980303EB43032A460F
:1041700044F6C3712046FFF7DFFD28E19845C0F003
:1041800026815178002900F02281A3EBC10302EBC4
:10419000C10297E7FFF78AFA08B1FFF7B7FD4FF0C2
:1041A000FF384FF00009ACE73378052B1BD009D856
:1041B000012B11D0032B24D07378ABEBC30B06EB90
:1041C000C306BEE7222BF7D131462846FEF7F8FF9B
:1041D000804528BF8046EFE733462A4639462046C9
:1041E000FFF74EF8E8E77378012BE5D12B78862BA3
:1041F000E2D173681BBAB3F5A06FDDD3A4F8A03089
:10420000DAE773680493B36805937378042B05D0D9
:104210004FF0FF33984528BF9846CDE72B78862B83
:10422000F6D106F1100318460293FFF707FD0028A8
:10423000EED1049B059A1BBA92FA82FA5345E7D352
:10424000D4F8A410F278C80401D51106E0D45006C1
:1042500006D5B278029903932046FFF793FC039B9F
:10426000F2783F2AD4D9B27803927268E2B99246C2
:1042700013E09AF8243059070FD59AF82530039A9D
:1042800093420AD102990AF1040005F043F9039B15
:10429000984202D35046FFF7CBFB5046FFF732FB64
:1042A00082460028E5D1B3E7049A013207D04D4A8F
:1042B00093429ABF4FF47A7253436FF00103059A09
:1042C000013208D0474A92459ABF4FF47A7202FBF6
:1042D0000AFA6FF0010ACDF800A0DDE90212B4F984
:1042E00066010493FFF7DAFB002891D096F90320CA
:1042F000F178049B002ABEBFC28C42F00102C28446
:104300004A0642BFC28C42F00202C284534528BF13
:1043100053467FE7FB79FF2B59D16B78002B56D1A1
:10432000B8F1170F53D92B7AFF2B50D007F108099A
:104330002D491022484609F00DF938B92B490D22B4
:1043400007F1180009F006F9002840D105F1080B23
:104350005946204601F02AF8031E029337DBA8F1E4
:10436000180605F1180A5246334673B91E490393DD
:104370001022484609F0EEF8039B78B900934A46AC
:104380002146584600F04AFB21E098451FD351785A
:10439000E9B1A3EBC10302EBC102E6E7D4F8A43014
:1043A000D80705D4B4F9661103224846FFF776F81A
:1043B000F6B9029B23441B7D990670D5B4F96611AA
:1043C0005846FFF756FC054618BBFFF74FFCFEF7B3
:1043D000EDFF204609B0BDE8F04F00F0F7BD00BF8B
:1043E0008C15002037894100F6ED0000C6ED000075
:1043F0009AF80030012B05D153462A46394620460B
:10440000FEF73EFF9AF80130A6EBC3060AEBC30A9B
:10441000CEE73B7EFF2B1FD194F8C07004F1B801AA
:104420003A4606A808F0F6FCB7B13246394606A867
:1044300000F08DFA06460028C7D040213246584683
:1044400000F024FA074648B14A460021FEF73FFD36
:10445000804628B93846B8E76021EFE73046B4E730
:104460004368FF22DA7100231A461946184601F004
:10447000E9FB064608B94046A7E74368B4F8662159
:104480005A804FF47A71C0F80080002007F01EF9BE
:1044900005F12402034644F6C27130466BE63B7ECA
:1044A0000096A3F1FF025342534168E7FB79FF2BCB
:1044B0008DD16B78002B8AD1B8F1170F87D92B7A61
:1044C000FF2B84D03B7EFF2B03D12B795B063FF57E
:1044D0007EAFA8F1180905F1180632464B46F3B92C
:1044E000B4F9661105F10800FFF7C3FB8046002808
:1044F0003FF46DAFB9F1000F3FF469AF3378212B72
:1045000007D1CDE9006833462A4639462046FEF7F2
:10451000C1FD7378A9EBC30906EBC306EAE798452A
:10452000FFF455AF517800293FF451AFA3EBC1031D
:1045300002EBC102D3E700BF38B5044600F03FFDEF
:1045400044F6C3712046FFF705FBD4F8A430DA0423
:1045500023D594F89C30022B42F210750AD9033B04
:104560004FF47A6202FA03F31D444EF660239D4233
:1045700028BF1D46A8420BD91149204600F0D2FAA7
:1045800094F89C30092B0BD9D4F8A430DB040DD45B
:104590002046BDE8384000F019BD4FF47A65E9E7E0
:1045A0000133DBB2022B84F89C30EDD82B4604F1AA
:1045B000680244F6C3712046FFF7BEFBE8E700BF80
:1045C000A6ED0000F8B50D460446FEF7E9FEA5F598
:1045D0009F4142390D2914D8DFE801F00717131362
:1045E0001313131313131B69136D3549234640F23C
:1045F0000222022000F010FB18B90921204601F028
:104600000BFEBDE8F840FEF7D1BE2046FFF794FF51
:10461000F7E72368988EC0F3041000F0C5FC054648
:104620000028EED0274B1868436901330FD007F0FC
:104630004CFA0646284600F0C2FCA36AB3420AD8E8
:104640002046FFF7F5F9284600F0C0FCD9E783685B
:104650005B689847EDE7E36AB342F4D8271D394613
:1046600005F1160004F056FF94F8253083429FBFF1
:104670002B7D23F01F0343F008032B75394605F10A
:10468000260004F047FF94F8253083429FBF6B7DDE
:1046900023F01F0343F008036B75A36A04F11402AF
:1046A0009B1B44F6CC712046FFF746FBCBE7204628
:1046B000FFF72CFBA5E72046FEF784FCA1E700BF2F
:1046C0000000FFFFD8EE00002DE9F04387B00C4654
:1046D000054616460021102202A8DDF838901F4634
:1046E00008F01AF80CB9FCF72DFB802EB04628BF55
:1046F0004FF080085FFA88F2214602A804F029FFF3
:104700002449102202A808F025FF00283FD02249A2
:104710000822204608F01EFF002838D02378FF2BFF
:1047200035D0B94533D8FEF73BFE2146CDF8009091
:104730003B4642462846FFF7B1F9044630B9FEF73A
:1047400035FE6FF00B0007B0BDE8F08328B200F033
:104750002BFC054618B9FEF729FE0020F3E700F010
:104760002EFCD5F8A430DA045EBFE38C43F00103DD
:10477000E38495F89E30DB0705D57F2E9EBFE38C42
:1047800043F00203E384284600F020FCE3E76FF0E7
:104790001500D8E7F6ED0000D6ED00002DE9F04158
:1047A0000C6807460E461546FEF7FAFD2046FFF751
:1047B000A9F8044630B3D4F80080B8F1000FF5D062
:1047C00094F824305B07F1D52FB1B8F83430C3F337
:1047D00004139F42EAD194F825302B741022002153
:1047E000284607F099FF94F82520211D284604F05B
:1047F000B0FEB8F83430C3F304136B82A36A6B6164
:10480000E36AAB61FEF7D2FD201E346018BF0120C1
:10481000BDE8F08138B504461846FEF758FB05465A
:1048200068B14368FF22DA7100231A461946184618
:1048300001F008FA28B92946284601F017FD0020A2
:1048400038BD43680CB1B4F966415C800560F7E798
:1048500010B50446084614B12378FF2B01D1FCF7AC
:1048600071FA182300228721FDF775FF68B14368AC
:10487000216800221A715A719A71DA716268DA60DD
:104880009960A168E2685A61196110BD38B50446A3
:104890000D46104614B12378FF2B01D1FCF752FAD4
:1048A000182300228821FDF756FF78B143680022C3
:1048B00025F01F051D71DA719A715A7121686268BD
:1048C000DA609960A168E2685A61196138BD08B57B
:1048D000002208238521FDF73EFF28B1436800220E
:1048E0001A715A719A71DA7108BD10B50023044625
:1048F0001046CA1D02F0F802194601F0CFFD20B1A2
:10490000426814708368DB08537010BD70B50646AA
:104910000D4618460231FFF7E8FF044658B14368D8
:1049200082680233023A0021184607F0F5FE2A4653
:10493000314608F06FFA204670BD10B500B109B9D4
:10494000FCF700FABDE810400123FFF7DFBF10B508
:1049500000B109B9FCF7F6F9BDE810400223FFF7F2
:10496000D5BF00002DE9F7430A9D0C461646984630
:10497000074610B10378FF2B01D1FCF7E3F90029BA
:10498000FBD0B8F1000FF8D0084600F018FB36B99C
:1049900032463946204600F01DFD0646B8B11D4995
:1049A0001022304608F0D6FD88B194F8C09004F18A
:1049B000B8014A46684608F02DFAB9F1000F06D052
:1049C0002A4649466846FFF7B8FFE8B1054638462B
:1049D0002946FFF73DFF0746B0B103464246314640
:1049E0002046FFF717FF054668B103460A4940F223
:1049F0000222022000F010F930B1204600F0E6FA61
:104A000003B0BDE8F0833D460021284601F004FCD8
:104A1000F3E700BFF6ED00000000FFFF2DE9F043D3
:104A200087B00D460E9E14469946074610B103788E
:104A3000FF2B01D1FCF786F90029FBD0002AF9D021
:104A4000084600F0BCFA3946284600F0AFFCB0F149
:104A500000085CDB30491022204608F07BFD30BBAB
:104A60002E4B02AC03F1100C18685968224603C2A1
:104A7000083363451446F7D1002495F8C09005F13A
:104A8000B8014A46684608F0C5F9B9F1000F3BD0B5
:104A9000324649466846FFF75AFFC0B3A84498F823
:104AA00014309B0601D444F0200406460FE0224651
:104AB00002AB04F1100C106851681C4603C40832A4
:104AC00062452346F7D14024B9F1000FD5D12146E4
:104AD00032463846FFF7DAFE0446C0B1034602AA62
:104AE00000212846FFF796FE064678B103460C499A
:104AF00040F20222022000F08FF840B1284600F078
:104B000065FA07B0BDE8F0833046CEE726460021BF
:104B1000304601F081FBF1E7F6ED0000B6ED000054
:104B20000000FFFF2DE9F3410E46054608B9FCF7EA
:104B300009F9214B002908BF1E4600F040FA002267
:104B40003146284600F046FC8046A0B195F8C040AA
:104B500005F1B8012246684608F05CF964B12146C7
:104B600000226846FFF7E9FE044628B900212046E6
:104B700001F052FB17E004462046FFF7A8FE074667
:104B80000028F3D00346324641462846FFF742FE4E
:104B9000044670B10346094940F20222022000F0A7
:104BA0003BF80028E2D0284602B0BDE8F04100F012
:104BB0000DBA3C46DAE700BFA6ED00000000FFFF9B
:104BC00000B589B006930A9BADF81C30BDF82C30B7
:104BD0008DF81410ADF81620ADF80630024605AB7E
:104BE00003A901A80293FBF7BBFDBDF80E2040F21C
:104BF00005239A4201D0FCF7A5F8049809B05DF8A6
:104C000004FB07B5019101466846ADF80220FBF7A9
:104C10008BFD03B05DF804FB2DE9F34104468846A3
:104C200017461D4601F050FA4146204601F0C3FAEE
:104C3000064648B14146204601F0B8FA711E0446C6
:104C4000284601F0A1FB2CB901F058FA304602B019
:104C5000BDE8F081237A012B0FD0022B16D003BBC5
:104C6000B4F90C003A462946FFF7CBFF002813DCC5
:104C70000521284601F0D0FA0EE0E068ADF8027098
:104C8000002269460195FBF77DFBEFE7E3682946C3
:104C9000D3E900823846C047204601F09EFA044618
:104CA000D1E78C21E5E71FB500240394ADF80C3063
:104CB000436801941B698DF80410029201A998477A
:104CC00004B010BD50F8A80C03681B691847000019
:104CD00008B50449102208F03DFCB0FA80F0400904
:104CE00008BD00BFF6ED000010B50A4908220446D1
:104CF00008F030FC48B12378FF2B08D1607800F031
:104D00000F00831E5842584110BD0120FCE70020CF
:104D1000FAE700BFD6ED000070B58568044600F0E4
:104D2000E7FE2B6801465E6904F1B80208232846B5
:104D3000B04710F1860F08D0D4F8A430002843F013
:104D40000103C4F8A43006DC70BD94F8C030002B19
:104D5000FAD0FBF7F7FF84F8C000F5E7F8B5044692
:104D600008460E461546FFF7B3FF98B95DB104F14A
:104D7000360503270024314605EB041004F0B4FB8C
:104D800028B12046F8BD04F116050227F2E70134E8
:104D9000BC42F0D14FF0FF30F4E70378FF2B10B5A1
:104DA000044603D1407800F00F0010BDFFF79CFFD0
:104DB00060B9208840BA20F03F000004000C4FF694
:104DC000C06398420CBF05200E20EEE70220ECE7FE
:104DD00070B504460D4616467AB908B9FBF7B2FF1E
:104DE000D0F8C8304BB100F031F82946204601F028
:104DF000D3F830B3134807F0EFFA0121284601F049
:104E0000C3FA636829465B6820469847103016D17C
:104E10002946204666B101F0FBF806468EB10A48E5
:104E200007F0DAFA0C212846BDE8704001F0F4B929
:104E300001F0B2F80646204601F0CCF8EEE700217A
:104E4000F1E770BDE3E900001BEA000010B504467D
:104E500008B9FBF777FFD0F8C8307BB11A685968FA
:104E6000C0F8C82000221A605A6039B10122FFF749
:104E7000AFFF2046BDE8104001F0ACB810BD000007
:104E800037B5846841B904F1B00104F1A80003B05A
:104E9000BDE83040FCF7C0BB023907290ED8DFE877
:104EA00001F0110D2C2C2C2C040F174BCDE90034E4
:104EB000164B6846B3F90010FBF720FC03B030BD79
:104EC000134BF3E7636820469B68984705462046E6
:104ED000FFF7BCFF002DF1D00E4995F910002B46CD
:104EE00040F20122FFF798FE01460028E6D128464D
:104EF00003B0BDE8304001F08FB9204603B0BDE8F3
:104F00003040FFF7A3BF00BF0000D44F8A1100203C
:104F10000000D54F0000FFFFF0B589B01E4687683E
:104F20000023C0E90333109B43600C4615460FB1C4
:104F3000FBF708FF0F9B8360CDE90507012106A859
:104F4000FBF770FC0E9B029305AB0193084B00939B
:104F500032463B4629462046FBF7EEFD0028E7DDBA
:104F6000012106A8FBF75EFC079809B0F0BD00BF61
:104F7000DD4F000090F865310B2B9DBF4FF437607B
:104F8000D84000F001000020704705F091BA10B53C
:104F900000242046FFF7F9FF08B9204610BD4368FA
:104FA000002BF7D00134F5E710B504460020FFF7D9
:104FB000ECFF18B1B0F96631A342F8D110BD20B1B1
:104FC000436813B10C30FBF737BF704720B143681B
:104FD00013B10C30FBF734BF704700002DE9FF41DF
:104FE0000468DFF808810546002640F205232046C4
:104FF000CDE90066ADF80230FFF7E1FFB8F8003008
:10500000A4F86631364BC4F8B430364B1B68C4F88C
:10501000AC30102104F1E400C4F8A860FBF7F2FB07
:10502000636820461B689847A860281DFBF730FC82
:10503000AA68B24204F1A80748DB2046FFF7C6FF82
:1050400041F233263846FCF707FB054648B902A86B
:10505000FBF7D2FB002809DC48F20100FBF728FE31
:10506000F0E76B68002BEDD09847EBE7BDF80A300E
:10507000B3F5017F27D00FD840F20222934211D01E
:1050800040F20322934213D063685B69002BD9D0AE
:1050900002A920469847D5E7B342F5D12046FFF74D
:1050A000D5FECFE703992A462046FFF791FEC9E7D0
:1050B00063681B690399204698476946019002A8D6
:1050C000FBF774FBBEE76368DB68F3E7B8F8001032
:1050D000054809B208F07CFA304604B0BDE8F0811A
:1050E000C54C0000140500204FEA0000A005002078
:1050F0002DE9F8430E460546FFF761FF3378348902
:10510000112B0CD8062B0FD9073B0A2B0CD8DFE844
:1051100003F01F89260B50690B0B0B0B9A00402BD9
:105120000BD0412B00F09B80A8687268036831782F
:105130005C693389A047044635E0012C01D0FBF7B8
:1051400001FE2846FFF716FF7368187001242AE055
:10515000012CF4D1736895F864211A70F6E70F2CCE
:10516000EDD92C7D73688CB105F11602194605F155
:10517000260052F8044B41F8044B8242F9D132899F
:10518000102A03F110034FF010040CD96A7D52B1BC
:1051900005F1260205F1360152F8040B43F8040B21
:1051A0008A42F9D110342846FFF710FF2046BDE8A7
:1051B000F883002CC3D0726805F1130305F11500C4
:1051C00000243189A142EEDD834203D114F1860F20
:1051D000AAD0E8E713F8011F0029F2D002F8011B5A
:1051E0000134EEE70F2CAAD9D6F8048005F1360772
:1051F00005F1660900243389A342D4DDB945D2D034
:105200003846FFF765FD07F1100348B9424657F8E5
:10521000041B42F8041B9F42F9D1103408F1100816
:105220001F46E8E7072C8AD9D5F8A4207368D2076F
:105230007FF57AAF95F8C02005F1B801284600F057
:10524000F1FC0446C2E77388022B7FF46DAF022C99
:105250007FF475AF7368B5F8A0201A80A3E7012C1E
:105260007FF46DAFD5F8A4307268C3F300231370D8
:105270006CE700002DE9F0470D468AB091461F46C5
:10528000044600B109B9FBF75DFD0B78FF2BFAD09E
:105290000846FFF71DFD0028F5D141491022284698
:1052A00008F058F90028EED009F1FF337F2BEAD837
:1052B0002046FFF784FE07F01F03072B08BF07F007
:1052C000F807294604F1160008BF47F0010704F06B
:1052D0000BF9B8B9267D2946003E04F1260018BF17
:1052E000012604F001F97642804688B996B1637DC3
:1052F000002B4AD02046FFF769FE6FF00B000AB082
:10530000BDE8F08700262046FFF760FE3046F6E74E
:105310000126F8E70646D4F8A430DB040BD4282293
:1053200029462048B4F966A104F0C2F95146024664
:105330001D4808F04DF9A11904EB06130F752A4614
:10534000163305F1100052F8047B43F8047B8242C7
:10535000F9D10B7D03F01F03102BD4D1002302934E
:10536000B4F9660103AA02A9FFF718FA074670B953
:10537000B8F1000FC7D14FF0FF330093B4F96601C5
:105380004A462946FFF7A0F9BDE70126C3E72946AB
:1053900003A804F0BFF8484528BFB846E0E700BFBF
:1053A000E6ED0000851700206FEA000038B50D46D5
:1053B000044600B109B9FBF7C5FCFFF700FE29461A
:1053C00000222046FFF7CAFC05462046FFF7FEFDF7
:1053D000284638BD2DE9F04F8FB01746019104469D
:1053E00000B109B9FBF7AEFCFFF7E9FD257D002D03
:1053F00047D06A0744D1002F46D004F11600FFF7CA
:1054000073FC00280BBF002580254FF0FF360026D7
:10541000637D002B41D05B073FD1002F37D145F092
:105420004005764200270198ADF81470FFF7B5FCEF
:1054300004F116084FF0FF3102460DF114094346FE
:105440000091BB468BF00701012000FA01F12942CF
:1054500046D00199039218469A46029304F044F804
:10546000002875D1029B1846FFF797FC039A99F81C
:105470000010029B824218D111440F31C9B219E0C9
:1054800000254FF0FF36C3E780253E46C0E704F114
:105490002600FFF729FC0028C1D1002EC2D04FF012
:1054A000000A5CE04FF0010BCCE75FD20F31101A1D
:1054B0000844C1B204F1140089F8001010F80B0080
:1054C00000F01F0008281CBF013189F8001099F86E
:1054D00000100098B94288BF5846009088BF0F4618
:1054E00009F101091033BBF1000FDBD04FF00009C7
:1054F0004D4605AB5B5DBB4220D10199404604F0AF
:1055000009F8029082464046FFF7EEFB00283AD1A8
:1055100006908346B4F9660107AA06A9FFF73EF98B
:1055200040BBBBF1000F04D0029B5B4528BF5B462C
:105530009A46D1453CBF5FFA8AF9009508F11008F8
:10554000B5B1009B002B06DB04EB031303F1160A35
:10555000BAF1000F03D104EB061606F1160A204635
:10556000FFF734FD50460FB0BDE8F08F014485E7EA
:105570000125BEE7414607A803F0CCFF584588BF88
:105580009DF82CB0C6E74FF0400BCDE738B5054687
:1055900000242046FFF7F9FC044660B100222946AA
:1055A000FFF7DCFB002806DA012229462046FFF738
:1055B000D5FB0028EDDB204638BD2DE9F34105463B
:1055C0006A4690F865010E4604F098F904462846AC
:1055D000FFF7F5FC002C1DDDA3B26A466E212846BC
:1055E000FFF761FB10F1860F044601D0002814DBA1
:1055F00005F1360800274FF0FF343146404603F0EE
:1056000073FF70B12846FFF7E1FC3C46204602B02C
:10561000BDE8F08114F1860FEAD02846FFF7D6FCEA
:10562000F4E7621C05D14046FFF752FB002818BF83
:105630003C460137032F08F11008DED1631C05D169
:105640002846FFF7C3FC6FF00B04DFE705EB0413FC
:105650003146363306F1100251F8040B43F8040BBF
:105660009142F9D1D9E72DE9FF478A46044600B1B6
:1056700009B9FBF767FB90F865016A4604F03EF94B
:10568000051E02DA15F1860F2FD12046FFF797FC91
:10569000002704F13608B9464FF0FF36002D13DD20
:1056A0004046FFF715FB78B994F8650102AA414618
:1056B00004F024F9854207D12A46694602A807F07A
:1056C00049FF08B909F101094046514603F00CFFB2
:1056D000002818BF3E460137032F08F11008DDD11E
:1056E000002E05DA2046FFF771FC04B0BDE8F08714
:1056F00015F1860F02D0B9F1000FBAD0B9F1010F40
:1057000005D1ABB26A466F212046FFF7CCFA04EB15
:10571000061010220021363006F0FEFFE2E70000FE
:105720002DE9F04F2DED028B0E468BB0044600B1F3
:1057300009B9FBF707FB9FED288B4B7B8DF81530E4
:105740004FF08079CB89CDF810904FF0FF0A8DEDA6
:10575000028B8DF814A0ADF81630FFF730FC04F181
:10576000160504F1140804F1360B012731462846CA
:1057700003F0BAFEC0B1002188F8001010222846BC
:1057800006F0CAFF10355D4508F10108EED11FB1E2
:1057900002A92046FFF767FF2046FFF717FC0BB072
:1057A000BDEC028BBDE8F08F8DED068BCDF820901F
:1057B0008DF824A06A7B8DF82520EA89019002A942
:1057C00006A8ADF8262003F08FFE019B002818BF25
:1057D0001F46D7E7AFF30080FF0200000000000083
:1057E00070B50E460546FFF7EAFB327833891B2A6F
:1057F00011D8062A11D9073A142A0ED8DFE802F088
:105800001F0D293B0D474E0D0D0D550D0D0D0D0DA9
:105810000D0D0D0D6F00412A52D0A8687268036803
:1058200031789C693389A047041E2BDD3378052B22
:1058300067D8012B26D92846FFF76EFA22E0012B04
:1058400001D0FBF77FFA73681B7885F86431012477
:1058500018E0102BF5D17288716802F0E00343F074
:105860001003120A2846FFF705FD041E09DA14F199
:10587000860F07D1D1E7102BE3D171682846FFF7D7
:105880004FFF10242846FFF7A1FB204670BD102BC8
:10589000D7D171682846FFF790FEE6E7102BD0D1EC
:1058A00071682846FFF7DFFEEBE77288022AB4D161
:1058B000022BC6D172681288A5F8A0201C46E1E729
:1058C000012BBED17268D5F8A4301278012A0CBF22
:1058D00043F4807323F48073C5F8A430B7E772688B
:1058E000D5F8A41010780128A8680CBF41F48031C5
:1058F00021F48031C5F8A41001688C691B21A047F0
:10590000A5E7572BBED1284600F051F9BAE70000B1
:1059100070B5744B8568C5E901302B6886B0DB68CB
:105920000446284698470028C0F28A80204604F0A2
:10593000ADFD01238DF810302A681E2156692846D6
:1059400004AAB047012803D19DF81030012B02D0E2
:10595000654806F041FDA06803680DF106025D6927
:1059600028210223A847022801D0FBF7EBF9BDF854
:10597000063084F86531204600F019F92046FFF71B
:10598000CBF90023CDE904334FF480730022ADF846
:1059900004300023CDE9022394F86521D31E082B9F
:1059A000E3D8DFE803F005510579935189930500A9
:1059B000D4F8A430D907D8D594F8C030062BD4D168
:1059C000052AB4F8A03006D00B2A40F2DC5239D1B7
:1059D000934203D9C9E7B3F5A06FC6D1D4F8A43078
:1059E000D90720D594F8C02002AB04F1B8012046B5
:1059F00000F018F98630B8D0D4F8A430DA07B4D55E
:105A000094F8650101A903F063FF8630ADD0D4F8A6
:105A1000A430DB07A9D594F8650104AA02A903F014
:105A200041FF8630A1D0314D01232B70402384F8F3
:105A300064312046FEF70CFA2B78002B95D000201D
:105A400006B070BD9342C8E7D4F8A430DB078CD50C
:105A500094F8C030022B01D0082B86D1B4F8A030C6
:105A6000B3F5A06F81D1A06803680DF103025D69F1
:105A700019210123A84786303FF477AF94F86531A8
:105A8000042BABD1A068036804AA5D690321082335
:105A9000A8478630A2D168E7D4F8A430DE077FF5A6
:105AA00064AF94F8C030012B7FF45FAFB4F8A0204E
:105AB0004FF6FF739A42EDE7D4F8A430DD077FF587
:105AC00054AF94F8C030033B022B82E7D4F8A430E3
:105AD000D8073FF54AAF94F8C030002B3FF47EAFB3
:105AE00043E700BF814E000014EB00008417002044
:105AF00013B590F86531043B012B13D88068036817
:105B00000DF106025C6905210223A047022801D09D
:105B1000FBF718F9BDF80630082B0CBF0320022054
:105B200002B010BD0220FBE730B41D46D0F8A4300F
:105B3000DB07044612D590F8650104280AD1022A31
:105B400008D1A06803685C692A46A446082330BCD3
:105B5000032160472B4630BC03F04ABE6FF085003E
:105B600030BC70471FB590F86531052B044616D040
:105B7000082B14D0042B18D10823ADF802300023D1
:105B80000193039305238DF804300DF10203029372
:105B90000223ADF80C30436801A91B699847D4F87B
:105BA000A43043F48053C4F8A43004B010BD37B51A
:105BB0000446806803685D6994F86531043B072BEF
:105BC00022D8DFE803F0042104210404210AD4F8D8
:105BD000A43043F48073C4F8A43002230DF106020C
:105BE0001121A847022801D0FBF7ACF84FF4A063BD
:105BF000A4F8A030BDF80630B3F5A06F28BF00238D
:105C0000A4F8C23003B030BD02230DF10602112109
:105C1000A8470028ACBFBDF806304FF6FF73A4F8C4
:105C2000A030EFE710B4D0F8A440E40705D590F811
:105C300065015DF8044B03F0F1BD6FF085005DF880
:105C4000044B70472DE9F041174603F108020A445E
:105C50000E46002180461C4608464FF0FF3300F0F8
:105C60001DFC0546F0B140680022428082804FF45E
:105C7000004206704470C280B8F1000F05D026B112
:105C800032464146083007F0C5F85FB154B1686844
:105C90004378A34206D10378083322463946184494
:105CA00007F0B8F82846BDE8F081002100F0B4BA4A
:105CB000F0B5866891B0758C738AADF8183005F030
:105CC00028050C4681B391F91030013349D1496858
:105CD0000B79DF0654BF45F0010545F011053F2B58
:105CE0009BBF0B7891F801C01F4B083394BF5B1822
:105CF0004FF0020C2A071CD506F116010822B07FCE
:105D0000471CB777CDE903500AAFBDF81800ADF8CE
:105D10000800ADF80400CDF800C0384602F088FF56
:105D200080B92046FFF7C1FF6FF01505284611B076
:105D3000F0BD0A780AB10831E1E790F8C02000F11F
:105D4000B801DCE72368CDE907373368C0B20990B2
:105D50001B6807A93046984705462046FFF7A5FF70
:105D6000E4E76FF04C05E1E7A4ED00002DE9F04F0A
:105D7000866833689C68002387B005461A46194632
:105D80003046A0470228074640F3A9800023024678
:105D90001946184600F082FB3368044650B99D68E6
:105DA000014603463A463046A8470024204607B03D
:105DB000BDE8F08FD3F8088041683A4601AB304621
:105DC000C047071E03DC2046FFF76FFFEDE7D5F85D
:105DD000A430D9031DD500231A4619461846FFF7EB
:105DE00031FF0028EFD043689DF806205A71BDF8B6
:105DF0000420DA800DB1B5F966515D8023461A465C
:105E00001B68002BFBD110603946204600F0ECFBEC
:105E1000CCE7606802F094FFD4F804B08146002813
:105E2000D1D08742CFD36A4604A9584603F009F877
:105E30006A46824602A9584602F0B5FFBAF1000F41
:105E4000C1DB0028BFDDC1B25FFA8AF304AA02A851
:105E5000FFF7F8FE80460028B5D0BAF1020F43687C
:105E60000AD19DF810209DF811100A40FF2A02BFA8
:105E70001A7962F07F021A719BF80020D20642BFA5
:105E80001A7942F010021A719DF806205A71BDF875
:105E90000420DA800DB1B5F966515D80336804F1F4
:105EA00010025D69192101233046A84749460022A6
:105EB000204600F031FB014620B92046FFF7F5FEF1
:105EC000404681E783682046FF1A00F0CFF9234659
:105ED0001A461B68002BFBD1C2F8008094E700280B
:105EE0007FF763AF33689C6800230246194630464B
:105EF000A0475AE71FB5054C0294079C0194069CE5
:105F00000094FFF709F804B010BD00BF84ED000055
:105F100013B50C4C0823A38105F038FA204604F091
:105F2000A1FA04F1280005F061FB074B0093074933
:105F3000019402234FF460720548FFF7DBFF02B0C3
:105F400010BD00BFB017002040EB000088190020F2
:105F500020180020FFF7DCBF38B5012105460B48AB
:105F6000FAF760FC0A4A002352F83300D90038B926
:105F7000084C0C4465600548FAF78AFC204638BD99
:105F80000133102BF0D10024F5E700BF881D00205D
:105F90000C1D0020081D002010B5044608460CB951
:105FA000FAF7D0FE0029FBD0FFF7D6FF70B100232F
:105FB0000360D4F8C83033B11A461B68002BFBD1FC
:105FC0001060002010BDC4F8C800FAE74FF0FF30A1
:105FD000F8E7000013B508B9FAF7B4FE41F233232D
:105FE000A0F8CE30EFF3108472B6B0F966310093AA
:105FF00000F1D40100F1CC03044841F2883200687A
:1060000005F0ECFE84F3108802B010BDDCEE000059
:1060100010B5044608460CB9FAF794FE0029FBD0E7
:10602000FFF79AFF30B1D4F8C8300360C4F8C80055
:10603000002010BD4FF0FF30FBE70121FAF7F2BB63
:1060400070B50B4D0B4E0C4C0948FFF7F6FF33684B
:1060500023B9BDE870400848FFF7EFBF2846FAF7BC
:1060600017FC2046FFF7E9FF2046FAF711FCEBE7A3
:10607000941D0020901D00208C1D002070B504464A
:106080000E480D461646FFF7D8FF0D4B1B680BB99F
:10609000FAF758FE0948FAF7FBFB64B9EBB2042B98
:1060A00001D9204670BD074B53F82540002CF8D08D
:1060B0006368B342F5D02468F8E700BF941D002060
:1060C000901D0020981D002010B5094C0948FFF7CD
:1060D000B4FF236813B90848FFF7AFFF23680548EA
:1060E0005A1C1CBF01332360BDE81040FAF7D0BB37
:1060F000901D0020941D00208C1D002008B50A482A
:10610000FFF79BFF094A13680BB9FAF71BFE591CEE
:1061100005D0013B136013B90548FAF7B9FBBDE898
:1061200008400148FAF7B4BB941D0020901D0020E0
:106130008C1D002070B50B7A06460D4653B9B1F997
:106140000C104A1E92B21F2A9CBF134B53F82130E9
:106150005B6A2BB1F3B2042B07D96FF0150015E081
:106160000E4807F035FAFAF7EDFDFFF769FF0C4B23
:1061700053F82620144654B92A600A4843F826509A
:10618000FAF786FB0848FAF783FB204670BDAC425D
:10619000E9D02468EFE700BF1C0500204AEB0000AF
:1061A000981D00208C1D0020941D00200A460146E9
:1061B0000020FFF763BF70B505460E46FFF784FF6A
:1061C0000020044632462946FFF758FF18B9FFF76A
:1061D00095FF204670BD0134F4E718B142680021F4
:1061E000FFF74CBF704761B190F91030032B04D01A
:1061F000042B04D06FF001007047FCF7BCBA02F02A
:10620000C9BC6FF01500704718B190F910308B427F
:1062100000D170470068F7E738B5012104461248FD
:10622000FAF700FB24B9BDE838400F48FAF730BB55
:10623000204600F0BDF808B9FAF784FDE368002BAA
:10624000FAD0012B25680BD10023D4E90101E360CA
:1062500000F0BCF81421204600F0B8F82C46E1E725
:10626000013BE360FAE700BFAC1D002003468B4210
:1062700010B5084606D10C6800210160FFF7CCFF7D
:10628000204610BD31B11A4622B11168884203D1AF
:10629000016811601C46EFE70A46F5E770B58668AD
:1062A00004460346002173B98E420AD0204600F00E
:1062B0009BF938B9256855B920682946FFF7ACFF26
:1062C0002560002070BD9A681B681144EBE7606888
:1062D000D5E90112304406F09DFDAB682D681E44DF
:1062E000E9E7000070B5184C03460733206823F037
:1062F0000703002188B142689A420FD3D21A072AB5
:10630000124E03440FD8026859B92260104A9B1BF1
:1063100011889BB2994238BF138070BD0146006856
:10632000E8E70A60F2E79D1B0835B5F5C05F05D9BF
:10633000002121600168C3E90012E7E709B9236081
:10634000F8E70B60F6E700BFB41D0020B81D002081
:10635000B01D002010B5094C01212046FAF762FA61
:10636000074A084B136000214FF4C0522046BDE895
:106370001040C3E90012FAF78BBA00BFAC1D002031
:10638000B41D0020B81D002038B504460D4607484E
:106390000121FAF747FA24B9BDE838400348FAF773
:1063A00077BAE3682B44E3602468F4E7AC1D00206F
:1063B000054B834206D803F5C053834294BF0020A7
:1063C0000120704700207047B81D002070B51D4D9A
:1063D00002462C68FFF7ECFF10BB70BD2346246813
:1063E0000CB19442FAD3073121F007011648561830
:1063F000801B072898BF0918C2E9004193B92A6099
:1064000013461A68002AE8D059681944511A072916
:10641000E3D811681960D11A52680A445A60DCE75F
:106420000023DDE759681A601944511A0729E7D893
:106430000AB9FAF787FC11681960D11A52680A4440
:106440005A60DEE7B41D0020B83500202DE9F8437E
:10645000814614200F4615469846FFF743FF044631
:1064600048B1CDB12846FFF73DFF064638B91421A3
:106470002046FFF7ABFF00242046BDE8F8831FB19C
:106480002A46394606F0C6FC0123C4E90096A560F9
:1064900084F81080E360EFE72E46F5E7B2F5C05FC1
:1064A000F8B505460E4614461F460FD80121084888
:1064B000FAF7B8F922463B4631462846FFF7C6FFB1
:1064C00004460348FAF7E4F92046F8BD0024FBE748
:1064D000AC1D002038B5012104460E48FAF7A2F998
:1064E0001CB90C48FAF7D4F912E0E368012BF8D98B
:1064F000D4E9011294F910302068FFF7A7FF054690
:1065000010B1E368013BE3600248FAF7C1F92C4699
:10651000204638BDAC1D00202DE9F8430D46044649
:10652000012130489146FAF77DF935B12CB1D4F804
:106530000880A84501D3636833B92A48FAF7A8F957
:1065400000263046BDE8F8831420FFF7CBFE064650
:106550000028F2D0A8453DD0EB1D23F007039D4253
:106560003CD22846FFF7BEFE074620B9142130462C
:10657000FFF72CFFE1E7A8EB0500FFF7B3FE80462D
:1065800030B914213046FFF721FF29463846EFE79E
:1065900061682A46384606F03DFCD4E901124046BF
:1065A0002944521B06F036FCD4E90101FFF70EFF27
:1065B000A368C4F804805B1BA36023680948B56026
:1065C000C6E90037012386F81090F3602660FAF7D9
:1065D0005FF9B6E767684FF00008E9E7676807EB1F
:1065E0000508E5E7AC1D0020F8B504460D46254832
:1065F0000121FAF717F90CB9FAF7A4FBD4E901263F
:106600001EB9002AF8D14DB117E0002AF4D0104687
:10661000FFF7CEFE0028EFD0AE4204D11948FAF7BA
:1066200037F9002012E035B931461046FFF7CEFEAB
:106630006560A560F2E7AE4217D22846FFF752FE2A
:10664000074620B90F48FAF723F90C20F8BD616816
:1066500029B1AE42324628BF2A4606F0DBFBD4E918
:106660000101FFF7B3FE6760E3E7E81DF31D20F0CB
:10667000070023F007039842DBD2311A1044FFF7DA
:10668000A5FED6E7AC1D00200021FFF7C5BD000028
:106690001FB50A4CB4F9000000280CDC084B094A6D
:1066A0000293002300920848019303224FF4707173
:1066B000FAF742FA208004B010BD00BFB8390020BC
:1066C000A1EB00009D670000F835002010B50346DF
:1066D0000446064940F201220220FEF79DFA20B945
:1066E0002046BDE81040FFF7CFBF10BD0000FFFF00
:1066F00010B590F910300133044601D0FAF722FBAF
:106700004368B3F90200FEF74FFC40F20222B0F9F1
:1067100066012146FEF775FA002804DC2046BDE834
:106720001040FFF7B1BF10BD2DE9F04188461F466C
:10673000044608B9FAF706FB002AFBD006680023D6
:106740005EB9B2F8C2200AB19A420AD33A4620464C
:106750000021BDE8F041FFF7CBBFB16836680B44BC
:10676000EEE7B8F5006F17D200F0E8FA054628B951
:106770000C212046BDE8F041FFF74EBD0460A0F8B3
:10678000048000F0E3FA2E81E8803A46294620464C
:10679000BDE8F04100F0E5B97A21EAE780B51022C2
:1067A00088B00DEB0200002105F0B6FF604B0593A9
:1067B000604B61481B88ADF81C300821FAF722F8BD
:1067C00004A90120FFF7B6FC40F20523ADF80A301A
:1067D00040F202266FF085076846FAF710F8BDF818
:1067E0000230B3F5017F1DD8B34200F2958040F22C
:1067F0000122934221D0B342EED1019D1DB3AB687B
:10680000072B20D92B68F3B193F91030022B1AD142
:106810002846FFF75FFE0446A8B14368002B4CD121
:10682000FAF790FA40F2252293427BD040F22622DA
:106830009342D1D100F0CCFACEE7019D2846FFF774
:1068400049FE044618B92846FFF71EFFC4E7012198
:10685000FFF7DAFC08B182680AB92046F4E743681A
:106860001B78412B15D1FFF735FE05460028F4D0E3
:1068700001221146FFF750FE01460028EDD02046C8
:10688000FFF7F4FC022300222B741146FFF71EFFD2
:10689000A2E703F0D802C02A09D003F0E003602B7E
:1068A000DBD100221146204601F0A4F994E7002232
:1068B0001146204600F019FA8EE7B3F90200FEF700
:1068C00073FB256880464FF0000965B9B8F1000FE9
:1068D000C3D0D8F8A430DB0509D52A46294620467E
:1068E00001F08FFB78E7AB682D689944EDE7012351
:1068F0001A4629462846FFF7D1FD0028ADD0236867
:1069000003604368206041221A7049462B46424684
:106910002046FFF709FF5FE702A968460397F9F7EA
:1069200045FF59E700220199104600F01AF953E794
:106930000000FFFFA0050020B835002008B5084B77
:1069400018684369013306D005F0BFF84EF660239E
:10695000B0FBF3F008BD83685B689847F6E700BFBB
:10696000D8EE000038B50C4C142303FB0044054658
:10697000638A23B9637C23F01003637438BDFFF787
:10698000DDFF064B53F82530834202D80023638293
:10699000F0E71B1A6382F1E7003A0020C0390020BB
:1069A0002DE9F041012180461048114CF9F73AFFDA
:1069B00000252F462E46F0B2FFF7D4FF237C53B1BB
:1069C0004146204602F0A6FD237C834203D8A8421C
:1069D00084BF274605460136102E04F11404EAD17F
:1069E0000248F9F755FF3846BDE8F081BC39002070
:1069F000003A00200F2838B5044616D801210C486B
:106A00000C4DF9F70FFF2046FFF7ACFF142303FBF3
:106A1000045307481B7C33B104EB8404F9F738FFB7
:106A200005EB840038BDF9F733FF0020FAE700BF1B
:106A3000BC390020003A00202DE9F8430F289DF8CA
:106A400020500646884614461F4639D8AAB301216D
:106A50001C48F9F7E7FE1C4B002F4FF0140909FB07
:106A6000063908BF0025802C28BF802489F81040F3
:106A70006D4206EB860403EB840405F010054146E5
:106A800035432046A9F8127089F8115002F02CFD08
:106A9000014648B91022204605F03EFE99F8102024
:106AA0004146204602F055FDFFF748FF074B0744DB
:106AB000044843F82670F9F7EBFE2046BDE8F8835A
:106AC0000024FAE7BC390020003A0020C039002039
:106AD0002DE9F04180460D4616461C460DB1B442E4
:106AE00002D32046BDE8F081AB686968371B9F423E
:106AF00028BF1F4608EB0400BAB23C4406F08AF9EE
:106B0000A4B22D68EAE7F8B50E460178934228BF93
:106B1000134601F10802024405461F46083010F8EA
:106B2000073CFFF78FF8044678B142682B68136082
:106B30006B6853600021084601233A46FFF7AEFC1C
:106B4000014628B92046FFF767FB00242046F8BD20
:106B5000B38842685BBA1380F3885BBA53802060C5
:106B6000F4E72DE9F74F0C4609B9FAF7EBF80A6894
:106B700013680027002B51D1824201D00028F4D1A4
:106B80005368002BF1D0B3F90200FEF70DFA258906
:106B9000D4F800B0002D45D1A38890F8C260DBF88E
:106BA0000400DB1B06FA83F6043E26F00706F61AFD
:106BB000B6B23A46331D2146FFF7A5FF0746002827
:106BC00000F08A8003687A685868037863F03F03AE
:106BD00000F8043B137943F010031371DBF8001045
:106BE00032462B46FFF774FF2A46064629463846AA
:106BF000FFF77EFD002E6FD0238901941E4426816D
:106C000040F225236846ADF80230F9F75FFD002811
:106C100062D003B0BDE8F04FF9F75ABF99681B681E
:106C20000F44A7E7BD4257D2B0F8C290DBF804008A
:106C3000A9F1050929F007091FFA89F909F10503E6
:106C4000C5F105029BB23A442146FFF75CFF80463E
:106C5000002841D003685A68924600211AF8053B83
:106C600063F01F031370A388DB1B2B44DB1013712D
:106C7000DBF8006076B38D4201D1002314E0B368E5
:106C8000CA1892B2954222D2691A89B25B1A4B4550
:106C900028BF4B469B4673685A461944504606F037
:106CA000B9F836681FFA8BF34A4631465046FFF76B
:106CB0000FFF0544AF4281BFD8F80420137943F099
:106CC00010031371002206461146404690E73668CD
:106CD0001146CFE73346E7E720680021FFF79CFA2B
:106CE0000023236003B0BDE8F08F436819782DE9D5
:106CF000F04101F0F8010668C029D6F80480044686
:106D0000174619D0E02912D11D79ED000121304636
:106D1000FFF73AFB3B462A462146404600F00EFA72
:106D200010B1414600F024FA0021304600E0002175
:106D3000BDE8F041FFF770BA0025E7E702480368B5
:106D4000002B18BF00207047443B0020024B1888DE
:106D5000013080B218807047403B00204269013208
:106D600001D004F0B2BE83685B6818470021FFF7CA
:106D700053BA000007B5074B07481B88074A084964
:106D800000681BB20093074B05F028F803B05DF8CC
:106D900004FB00BFA0050020DCEE0000C0C62D00F3
:106DA000503B002024040020002203680BB9038319
:106DB00070471968C3E900220160F6E710B508B909
:106DC000F9F7C0FFFFF7F0FF0023036210BD0000DA
:106DD000F8B50C4B0C4C18680C4FFFF7BFFF04259F
:106DE0000646206A40B1E369F31ABB4204D9FFF7B3
:106DF000BDFF2046FFF7E2FF013D04F12404F0D17E
:106E0000F8BD00BFDCEE0000603B0020C0C62D00D6
:106E10002DE9F04F16468BB00246099312F8083B55
:106E200005920833C31804934B681A7802F0F802ED
:106E3000C02A04460D4602D14EB1F9F783FFE02A7D
:106E4000FBD11A79B6EBC20FF7D15A1D00E01A1D1B
:106E50000092AA68002E76D1032A08D82846FFF7A8
:106E600085FF4FF0FF3420460BB0BDE8F08F00994E
:106E70000978412969D0A2F1040BBBF1000FEDD0D4
:106E80001A8852BAC2F30A0203925B885BBAADF861
:106E90001E309BB20893FFF79BFF23780193637822
:106EA0000293A14BA14C1868FFF758FF4FF0000860
:106EB00006904746C246236AA146002B00F0CD80CB
:106EC000E38A089A934240F0CB80238B039A9A423C
:106ED00040F0C680237D019A9A4240F0C180637DD4
:106EE000029A9A4240F0BC80019A0599201D06F052
:106EF00031FB002840F0B480029A049904F10C00A0
:106F000006F028FB002840F0AB80884B242202FBCF
:106F10000A33069ADA61FFF72DFF5446DFF80CC2F8
:106F20002420604300EB0C0706EB0B033A8B9342E3
:106F300010D9386AFFF71AFF2846FFF717FF3846BF
:106F4000FFF73CFF8DE7042A88D9A2F1050B94E7EF
:106F5000C846B0E7B1B25CF800804A1E5A444346C6
:106F600092B25BBB4A1E12FA8BF292B2DFF8C49166
:106F700001921FFA8BFA39F833204FEAC30E7ABB1D
:106F8000DFF8B491019ACE444CF800E0AEF804105A
:106F9000AEF8062049F833807B8BDFF890815344AC
:106FA0007B837EB3242303FB04880099D8F8203028
:106FB00058685A46304405F02DFF1FE0B3F804E04E
:106FC000724509D3B3F80690494505D8714540F09C
:106FD0009F804A4540F09C8076450FD01B68C0E7F3
:106FE0000133342BC7D1242303FB04C34FF0FF34F8
:106FF000186AFFF7BBFE3846FFF7E0FE2846FFF7AA
:10700000B5FE30E7009B1B7803F0E002602A1ED13A
:107010006B681B7803F0D803C02B04D0242303FB38
:107020000483186A86E7012204212846FFF774FAD0
:107030000028F3D032463946284600F0DBFD2423F1
:1070400003FB04831B6A002B7FF40DAF09E7412B80
:1070500002BF009B01330093A4E7002F08BF27461F
:10706000B8F1000F09D0E269D8F81C309B1A6FF014
:107070000042934234BFA146C1460AF1010ABAF167
:10708000040F04F124047FF463AF57B9D9F820004A
:1070900000283FF4D2AEFFF769FE4846FFF78EFEA8
:1070A0004F46099B039AB3FA83F300215B095B0007
:1070B0000846FFF7F3F9386200283FF4CFAE436883
:1070C00013B100221A605A60039B3B83069BFB614D
:1070D000019A0599381D05F09DFE029A049907F161
:1070E0000C0005F097FE019B3B75029B7B75BDF87C
:1070F0001E30FB8200237B83FFF73CFE0B4B0C4AC8
:10710000FB1A9C10002B02FB04F4BFF607AFA5E6A8
:10711000242303FB04C36FF00104186AFFF726FE63
:107120003846FFF74BFE9EE6DCEE0000603B002099
:10713000398EE338F63B0020F03B0020F8B51F46BF
:1071400004460D461646FFF763FE831C05D13B46F9
:10715000324629462046FFF75BFE0028A3BF034BBB
:10716000242202FB00300020F8BD00BF603B00205D
:1071700038B50D46044608B9F9F7E4FD0029FBD0FF
:10718000428B038B9A422ED1437D017D00F10C028C
:107190000430FEF757FD40B9206AFFF7E7FD2046AF
:1071A000FFF70CFE4FF0FF3038BD4368B5F9022001
:1071B0005A802A791A716A795A71B5F90620DA80EB
:1071C000226A32B1134619461B68002BFBD10860B6
:1071D0001046002220621146FFF778FA2046FFF79A
:1071E000EDFD0120E0E70020DEE700003C280ED89E
:1071F000282805D868B1112814BF00200120704745
:10720000054B2938C0B2C34003F0010070478728FE
:10721000F2E70120704700BF0D000800024A136822
:107220000360536843607047D6ED000008B508B9A5
:10723000F9F788FDBDE80840B0F90200FDF7B4BEDB
:107240001022002105F068BA0021FEF7E5BF70B5F5
:1072500005460E46144622B11046FFF7A5FD002351
:1072600023623046FFF7F0FF2846BDE87040FFF785
:10727000EBBF000010B50A490822044606F06AF97F
:1072800048B12378FF2B08D1607800F00F00831EEF
:107290005842584110BD0120FCE70020FAE700BF2A
:1072A000D6ED00002DE9F34188461A4903460868E7
:1072B000496815466A4603C2184623B35E7C16F039
:1072C000100625D11C7C802C20D0402C20D9E7082A
:1072D000F91F781CC7F10F022944404406F03AF91F
:1072E000B0B93D4418F8072015F8083C04F007042D
:1072F000534004F108020DEB020414F8082C134269
:107300000CBF0120002002B0BDE8F0810120FAE7A7
:107310000020F8E7A5EB000010B50446084611462A
:107320008368934203D90022FFF7F6F820B10146A3
:107330002046FEF79BFF012010BD00002DE9F04F15
:107340008B4687B01D4692460AB9F9F7FBFC0368E5
:10735000002B00F00C815E68BE4960232B7006F1A3
:10736000080700236B701022384606F0F3F8002857
:1073700040F091804FF00009337EFF2B00F0158222
:1073800006F118042046FFF70BFB8046002800F0AA
:107390000C82437CDB0640F10882214602F0BAF8F9
:1073A0003F2840F20282B9F1000F40F0038298F8C2
:1073B0001130180700F009826B7863F07F036B705F
:1073C0000023AB70032433687278307823F4704361
:1073D00023F0FF0311090201002B7AD10A43D2B234
:1073E0002B78002A69D143F018032B70B27910462C
:1073F000FFF7FCFE002800F094802B7843F0040394
:107400002B70F379402B00F09080FF2B00F09180DF
:10741000012B40F092802B7843F001032B708D49B3
:107420001022384606F096F8002840F08A806B78E3
:1074300043F040036B70337EFF2B40F053816B7839
:1074400043F008026A70728B2F19002A40F01A81EB
:10745000F269002A40F01681328C002A40F0128135
:10746000727E022A40F0DD80326A002A40F0D98024
:10747000B28C002A40F0D58096F82620002A40F0F1
:10748000D08043F00B036B7096F827303B700134CB
:10749000A4B220466CE03846FFF782FA8146002805
:1074A0003FF468AF437CDA067FF564AF394602F0FB
:1074B00031F83F287FF65EAF5EE743F010032B7094
:1074C000337871781B01621C43EA11132B5594B277
:1074D0008CE702F03000631C08439BB218D12A7875
:1074E00042F008022A7032683178C2F30322891010
:1074F00042EA81122A55326812BAC2F30B22EA54C8
:107500009C1C326801339BB212BAEA54A4B26DE7F4
:107510000A432A5532680234C2F30322EA54A3B262
:10752000E9E7631C2A559CB26BE72B7843F0020312
:1075300074E72B7843F0030370E7621C2B5594B279
:107540006DE7B9F1000F16D13846FFF793FE00281A
:107550005CD0002200235046CDE90223FDF72FFD29
:10756000DAF8A430DA0713D45046FDF72FFD0020D7
:1075700007B0BDE8F08F6B7843F040036B7099F86B
:10758000112011071EBFAB7843EA0213AB70E0E78E
:107590009AF8C02002AB0AF1B8015046FEF742FB50
:1075A0000028E1DB5046FDF711FD33690093DDE96A
:1075B0000213726900989A4208BF88426B7807D01C
:1075C00002AA394648460193FFF76CFE019B10B1B1
:1075D00043F030032EE70099B1F17F4F05EB040231
:1075E00024B20AD1B18AFE2907D143F020036B707F
:1075F000F38A13800234A4B21DE743F010036B70CA
:1076000033691360736953600834F4E72B1907F189
:10761000100257F8041B43F8041B9742F9D11034A9
:10762000E9E7718C22B2B9B996F82410A1B943F0F8
:107630000A036B70737E3B700134A3B2B6F8251059
:10764000E95215FA84F496F82730A370043294B204
:107650001FE700BFF6ED000096F82210002940F069
:10766000988043F009036B70737E3B700134A3B2C2
:10767000D6F82310E95015FA84F496F827302371D0
:107680000632E4E7B38BADF80830F38BADF80A307F
:10769000338CADF80C3002A8738CADF80E30FFF7C8
:1076A0007FF9002875D0437CDB0672D5027CF37E1F
:1076B0009A426ED16B7843F004036B70437C13F0F5
:1076C0000F031EBFAA781343AB70737E3B70631C1D
:1076D0009BB2B27EEA54A31C9BB2726AEA50063493
:1076E000A4B2D6E6B8F1000F05D106F11800FFF7F5
:1076F000C1FD00284DD09BF80130002B49D0B8F1D6
:10770000000F0BD06B7843F004036B7098F81130C6
:1077100013F00F031EBFAA781343AB709BF8001041
:107720009BF80120083102AB59445046FEF77AFA23
:107730000028FFF61CAFDDE90213D6F82090726A2C
:107740006F789A4208BF894506D002AA06F118014F
:107750004046FFF7A7FD18B147F003076F7098E6A2
:10776000B9F17F4F05EB040324B209D1B28CFE2A94
:1077700006D147F002076F70F28C1A800234AFE72F
:1077800047F001076F70326A1A60726A5A600834F3
:10779000A6E706F118032544283653F8042B45F8CC
:1077A000042BB342F9D110349AE7B9F1000F0AD093
:1077B0004FF0000899F811301C077FF4FDADB8F1C7
:1077C000000F7FF4F4AD4FF000080224FBE500BF8A
:1077D0002DE9F84390F901301446002B06468846FF
:1077E0004FF027024FF0000104F10100B4BF032560
:1077F000022504F091FF60232370337803F018030F
:10780000082B3DD0102B4CD09BB9735D1A091B017E
:10781000711942F06002DBB2637022704A7802F0A4
:107820000F02134363708A78A270EB1C0435F35C7B
:10783000E37033785F075CBF735DA371337803F047
:10784000030358BF0135022B34D0032B34D0012B56
:1078500001D0735D0135E371777817F040032DD0C7
:1078600038064ABFB0780020000917F0300726D04C
:10787000FFF7C0F8074610BB00252846BDE8F8838F
:10788000735D9B099B0043F060032370735D721965
:1078900003F00F0363705278A270AB1C0335F35CE6
:1078A000C6E7735D1A0942F060021B012270637023
:1078B0000135BEE74023CEE7FF23CCE71F46404615
:1078C000FFF7B4FC737803F07003402B81467CD043
:1078D00048D8202B57D00FD8711904F10800002B7D
:1078E00049D10B4601F1100253F8041B40F8041B68
:1078F0009342F9D1103501E0302B57D073785907F6
:107900000DD51A064ABFB078002000F00F0013F022
:107910000B0F04D0FFF76EF807460028ACD0737841
:1079200003F00F030C2BA8D801A252F823F000BFDC
:107930003F7A0000577A00006D7A00009F7A0000BD
:107940007B780000C57A0000E37A00001D7B000010
:107950003F7A00004D7B0000717B0000957B0000AA
:10796000AF7B0000602B41D0702B55D0502BC5D180
:1079700087BBF9F7E7F9FFF751FC735923614B68AF
:1079800063610835BAE704F10800FFF747FC4FF0E0
:10799000FF320023E2746FF0010223746374A37456
:1079A00022756375735BE3820235A7E7414604F1F4
:1079B000100311F8082BFEF735F90028FFF65CAF2D
:1079C00004F10800FFF72AFC98E704F10800FFF72C
:1079D00037FC93E773592361721939465368636121
:1079E0003A7C04F1080001F0B4FDCAE7002FC0D0D2
:1079F0004FF0FF320023E2746FF0010223746374CE
:107A0000A37422756375735BE3823A7C394604F193
:107A1000080001F09EFDC7E7002FAAD0414604F1FF
:107A2000100311F8082BFEF7FDF80028FFF624AF2D
:107A30003A7C394604F1080001F08BFD5EE72E44E4
:107A4000183406F1100356F8042B44F8042B9E4218
:107A5000F9D1103511E704F11800FFF7DFFB735976
:107A60002362721953686362083506E704F118004F
:107A7000FFF7D4FB4FF0FF32002384F823206FF090
:107A8000010284F8203084F8213084F8223084F810
:107A9000242084F82530735BE3840235EDE698F802
:107AA000001098F80120083104F1200341444846B1
:107AB000FEF7B8F80028FFF6DFAE04F11800FFF774
:107AC000ADFBDAE6002F3FF454AF7359236272190D
:107AD0003946536863623A7C04F1180001F039FDBD
:107AE000C2E74FF0FF32002384F823206FF0010239
:107AF00084F8203084F8213084F8223084F824205F
:107B000084F82530735BE384002F3FF432AF3A7C76
:107B1000394604F1180001F01CFDBEE798F800108A
:107B200098F80120083104F1200341444846FEF74B
:107B300079F80028FFF6A0AE002F3FF41AAF3A7C88
:107B4000394604F1180001F004FD96E604F118002E
:107B5000FFF776FBFF232376735D63766B1CF218C9
:107B6000F358C4F82330137984F82730063584E6B7
:107B700004F11800FFF764FBFF232376735D63763F
:107B80006B1CF218F35AA4F82530937884F8273048
:107B9000043572E604F11800FFF752FBFF23237649
:107BA00002236376735D84F82730013565E6002F84
:107BB0003FF4DFAE04F1180097F81080FFF740FBA8
:107BC0003B7C402B84BF40233B74FF232376735DB3
:107BD00063762E4439467378A3763A7CE27604F1D4
:107BE0001C0001F0B6FC73686362063587F81080EC
:107BF00043E600BF2DE9F04F89B00F4605920646D7
:107C000008B9F9F79FF8436804938368012B0BD8F0
:107C100021B10846FFF7C8F800233B62304609B09F
:107C2000BDE8F04FFFF710BB91B10D6A002DE8D011
:107C3000AB68272B17D828212846FEF7D5FC78B14A
:107C40003A462946304609B0BDE8F04FFFF7FFBA83
:107C5000022328220846FEF721FC05460028DDD035
:107C6000AB68272BCDD94FF0FF313046FEF7CCFA69
:107C700001900028C5D04068FFF7D8FA019B6A68D8
:107C800059680498FFF7A4FD83460028D8D0B3684C
:107C90008342D5D3049B1B785A0740F18281062387
:107CA00003932824049B13F80B3003F0F803E82B0C
:107CB00004D0F02B00F0E980E02B18D17368029318
:107CC00013F80B304FF0010803F00E0908FA09F819
:107CD00040F2551218EA020831D1B9F10E0F00F046
:107CE0008580B3685B45ABD3039B002BDAD1B168C9
:107CF000002F00F05881B7F81880AB682144A1EB41
:107D00000B01A8F128088B421FFA88F898D3B268B3
:107D1000686898FA98F89345A0F8048006D27168CC
:107D2000A2EB0B025944204405F074F8002F00F038
:107D30004C817B8B1C44A4EB0B047C836EE7029A82
:107D4000A96813F0010308BF5A440BF101080CBFE6
:107D5000927812F8082004F1020A924451450BD39C
:107D600069680819B9F1080F10D8DFE809F0190F90
:107D7000390F170F330F360051462846CDE906322A
:107D8000FEF732FCDDE906320028E9D0A2464FF0CA
:107D9000000B5446BBF1000FA3D151E74FF02C0963
:107DA000039C01F80490F3B9029911F808100170CE
:107DB0000BF1020802990393931F08F10108DB08F5
:107DC000437041440230069205F024F8069A02EB13
:107DD000080BDEE74FF03C09E2E74FF08709DFE7E9
:107DE0004FF02B09DCE76B68C31AE3E74FF0FF3174
:107DF0003046FEF709FA024600283FF421AFAB688F
:107E000004F1280A53450BF1010B2ED36B6851681E
:107E1000069103EB0409029B08465B440793FFF7B6
:107E200005FADDE906134A461846FFF7D1FC00289B
:107E30003FF406AF6B68039929225A54029B13F84A
:107E40000B305B0742BF6B6809F10608A8EB03081B
:107E50008344A4B297B13B8B283B1B1B9CB264BAF2
:107E6000A9F80440CDF80C8093E7069051462846C7
:107E7000FEF7BAFB069A0028C8D0E1E6B368283BB3
:107E80001C44A4EB0B04A4B2E9E7AB68D6F8048069
:107E900004F108018B4218F80B900BF1010A22D370
:107EA000686818F80AE009F0030CBCF1020F00EB57
:107EB00004030BF102024FD0BCF1030F5BD0BCF105
:107EC000010F18D083F800E018F802205A7008EB70
:107ED0000B0C9CF803209A709CF804C00BF105026F
:107EE00083F803C017E028460291FEF77DFB029954
:107EF0000028D5D0A4E683F800E018F802205A70D4
:107F00000BF10402C3449BF803C0ACF5805C9CFAFF
:107F10009CFCA3F802C019F0040F7FF491AE18F88E
:107F200002C083F806C0904402F1020B98F80120C9
:107F3000DA718FB33A8B121B92B252BA9A80039ABB
:107F400011238354BBF1000F3FF47AAEB3685B4555
:107F5000FFF476AE0C46CAE6AEF5805E9EFA9EFE53
:107F600020F804E018F802209A700BF10402C344D0
:107F70009BF803C0B4E74FEA1E1C0EF00F0EACF5E1
:107F8000756CAEF5756E9CFA9CFC9EFA9EFEA3F88D
:107F900000C0A3F802E0BEE7B2680832A2EB0B0211
:107FA000CAE72824A3E628392144A1EB0B011FFAD4
:107FB00081F8284614FA81F1FEF716FB00283FF4F9
:107FC000A6AE2846FFF740F928E6019BB3420CD144
:107FD0001E6829460B4609680029FBD1019A1A60E0
:107FE0002846059AFEF772FB18E6334601991A46B1
:107FF0001B68994202D10B681360EAE7002BF5D1A8
:10800000E7E72DE9F04F87B0044640680392FFF799
:108010000DF90090206800230546019325B9636897
:10802000029324BBF8F78EFEAB68019A2D681A44C0
:108030000192F3E7CDB923609A68186816441D468B
:10804000C0B1027C90F91030042A13D827FA03F348
:10805000DB070FD5FEF73EFA03460028EAD120469B
:1080600007B0BDE8F04FFFF7EFB82B60E4E72E460E
:108070001527E5E7002ED5D001230021F218084688
:10808000FEF70CFA80460028E9D0D0F804A0009A48
:10809000029953462046FFF751F985B21DB9404673
:1080A000FFF7D2F8DBE723685B689B7904931846F7
:1080B000FFF79CF8049BB0B929464046FEF794FAB6
:1080C00021682046FEF7D2F80268C8F80020C0F800
:1080D00000800028C3D0DDE90021039B07B0BDE884
:1080E000F04FFEF721BB22681768002FD7D0292B4D
:1080F00000F0928006D86BB1112B30D0FF264FF0E4
:108100000009EBE03C2B05D026D8A3F12B02D2B21C
:10811000012AF3D87968BA6891F801B0012A0BF105
:10812000010B4FEACB0B7FF67DAF5A45FFF47AAFD8
:10813000ABF1020292B2FF2A0E78DFD82C2B0AEBA9
:10814000050900F09E8000F29680002B40F0978099
:10815000E02089F8000097E0872BDBD0CEE7BA68F3
:10816000072A0AEB05037FF65DAF796808884A881D
:1081700040BA6FF00F0680B20AF805604FF2B00EF9
:1081800020F00F0652BA764592B21FFA86FC1ED135
:1081900022F00F0666451AD102EB0012A2F57022FA
:1081A000A2F52B62F3265A701E7002228879985429
:1081B0001344C979597002F1020939460822204650
:1081C000FFF7AAF800283FF46AAFFF2686E002F422
:1081D0007F46B6F5704F09D1F120187008785870B5
:1081E00048789870D2B2DA700422DFE700F47F4258
:1081F000B2F5704F06D1F2221A7058708A789A70D0
:10820000CA78F0E70A785A704A789A708A78DA70F1
:10821000CA781A710522C9E77B689E79BB68272B4B
:108220000AEB05027FF6FEAE6FF01F030AF8053079
:108230003046FEF7DBFFD0B1E12313704FF00109A8
:1082400002EB09030299009A3846FFF777F80028F5
:108250003FF425AF8144282239462046FFF75CF8D9
:1082600000283FF41CAFB9F1000F37DA17E756705A
:108270004FF00209E4E73C2B35D1E62069E7E22024
:1082800067E7E4200AF8050030460493FEF7AEFFE6
:1082900058B3049B2C2B04D14B885BBA9BB2072BA1
:1082A00023D899F8003043F0010389F80030012009
:1082B000431C09F80020023109EB030005920493E6
:1082C00004F0A8FDDDE90432394603EB020920463B
:1082D0005A46FFF721F800283FF4E1AE09EB05020A
:1082E00095B23346E2E6E82033E70B7889F80130AF
:1082F000FF260220DCE770B506460C461546102125
:108300001A462120FCF7F1FA58B14368002264BAFA
:108310009E705A711A71DA70DC80296899606968F8
:10832000D96070BD40F20123984273B50D461446E2
:1083300013D10F4B02F11006CDE90031002269463E
:108340003046F8F71FF8002809DC3146094805F0E7
:108350003FF900212846FDF75FFF02B070BD236F93
:10836000002BFAD0626F102120469847F5E700BF36
:1083700000000102AEEB000013B5074A044692E884
:1083800003006B4683E803000022194604F1100045
:10839000F7F7F8FF02B010BD9CED0000034610B4E3
:1083A000072408461C62002103F12804C3E90012D7
:1083B0005C620222084C1A7203F16802C3E90411DC
:1083C000C3E90611C3E91A4319675DF8044BDA6083
:1083D0001946FDF7AFBE00BF258300002DE9F0432D
:1083E0001D46036A87B0072BDDF8388004460E4629
:1083F000174600F1100929D11022002102A804F02B
:108400008BF97B1E033324D8394BCDE90434394B27
:108410003A46186802A903F0AEFB236F13B1364841
:1084200003F0DAFF012269464846F7F7FDFF314BBA
:1084300002A9186803F086FBBDF8023040F2012261
:10844000934212D048F27442934215D06FF0150057
:1084500046E0002FE1D13A4669464846F7F7E4FF87
:108460000028E4D16FF00A003AE0019F3846FAF79D
:108470001BFD40B9F8F766FC204B019A9A42E5D102
:108480006FF073002CE000F108032A1D00F11801C1
:1084900053F804CB42F804CB8B42F9D104222A6072
:1084A000D8F800205AB10432283053F8041B42F89F
:1084B000041B8342F9D1D8F8003004221A604FF02F
:1084C000FF313846FDF7A0FE08B143685888236F96
:1084D000A88237601BB1D4E90612914203D1002073
:1084E00007B0BDE8F083626F102120469847F6E799
:1084F00079830000DCEE0000DBEB0000630B8AF305
:108500002DE9F0479046064689469A4602460025E0
:108510006AB9D9F80030D8F8002093420BD0304621
:108520000021FDF779FE6FF06900BDE8F0879368E0
:1085300012681D44ECE7042BF1D108F1040209F1A3
:1085400004013046FAF7C3FC0446B0B196F9107046
:108550000FB902273774636883F806A0B9F814606E
:1085600076B1002319461A461846FDF76BFB36B262
:108570000146C0B92046FDF74FFE6FF00B00D4E76F
:10858000B8F81460002EECD10A49234640F20222CA
:108590003846FCF741FB014650B92046FDF73CFE4A
:1085A0006FF04C00C1E743685E8004600446EBE76F
:1085B0002846BAE70000FFFF08B508B9F8F7C2FB84
:1085C000C31C133013F8012F1AB98342FAD10120CA
:1085D00008BD0020FCE70000044B18684369013324
:1085E00001D003F072BA83685B681847DCEE0000C4
:1085F00038B501F118020446034651F8040B43F85C
:10860000040B9142F9D1A08A48B9FCF7BEFC05469B
:1086100028B1FCF7BAFC10B9B5F86631A38238BDB1
:108620002DE9F0410D4614461F46064608B9F8F7F5
:1086300089FB1AB1D38A002BF9D071B906F19408DD
:1086400018220021404604F067F845B32B68EA8AF7
:10865000042B0ED06FF0690009E0AA8A002AEDD041
:10866000A38A002BEAD09A42E8D06FF01500BDE84B
:10867000F08132B903F006F86FEA80426FEA924265
:1086800092B22B46404605F1140153F804CB40F852
:1086900004CB8B42F9D11B880380A6F8AA2006F1EF
:1086A000AC0818220021404604F036F8B4B1236823
:1086B000042BCFD12046FFF77FFF0028D5D12146DC
:1086C0004046FFF795FF2379FF2B07D00949102279
:1086D000201D04F03FFF08B147F002072DB1B6F8A6
:1086E000AA2004213046FFF759FEA6F8C4700020E6
:1086F000BDE700BFF6ED00002DE9F04F8FB00DF1A2
:10870000180A0025199F0695894616469846CAF804
:108710000450044608B101B10AB9F8F713FB136815
:1087200053B10D6010682946FDF776FD3560294686
:1087300008460FB0BDE8F08FD0F89430002B74D00D
:1087400008931FB13B7ED80748BF0697FFF744FF49
:108750004FF00A0B054605A9CDF800A008AB42462C
:108760002046FFF73BFE10F1740F014611D1039034
:10877000FFF732FFB8FBFBF3421BA8EB0303934266
:108780000399D5D94544A5EB0008FFF725FF054619
:10879000E1E70028CCDB05980421FDF735FD002832
:1087A000BBD0189BD0F804C08BB1189D08AB0DF15D
:1087B000380E1A4603CA724528606960134605F1EF
:1087C0000805F6D1BCF80030189A5BBAD382B4F829
:1087D000C430990718D5D4F8AC30ABB1BCF8003030
:1087E000B4F8C2205BBA9BB29A4206D1102209A902
:1087F00004F1B00004F0AEFE30B100210598FDF7A1
:108800000BFD6FF0460193E747B13B7EDA0741BFAE
:1088100023F001033B76B4F8AA30FB82059B5A682B
:10882000C9F800209968336082E76FF07C017FE728
:108830002DE9F04388468DB015461F46044610B911
:108840001AB9F8F77FFA002A79D0EB8A2BB96FF0C2
:10885000150528460DB0BDE8F0832846FFF7ACFEAD
:108860000028F4D12B68042B40F0A18054B1B4F857
:10887000A8201AB1AB8A0BB19A42E8D1D4F894304F
:10888000002B65D118220021684603F045FF02F055
:10889000F9FE6FEA80466FEA9646B6B264B1A4F874
:1088A000AA60002D52D1D4F8AC30C4F894303246CE
:1088B00004212046FFF772FDCFB13A7E130716D58B
:1088C0003B680093FE8ABB8AADF814300DF1040EAC
:1088D0003B1D07F1140918685968F446ACE8030019
:1088E00008334B45E646F6D122F008023A76002DD1
:1088F0003ED1B4F8C29004F1AC07009A3B68002A5C
:108900003ED10093404600F0CFFD002302461946B9
:108910001846FDF7C3FD054670B1D0E90112404687
:1089200000F0CAFD31464A46284600F04DF901469E
:1089300048BB2846FDF770FC6FF00B0589E7D0F8BF
:10894000AC30002B9AD16FF07F0582E72B68ACE743
:10895000B4F8AA6004F19403EC4604F1AC0E186874
:108960005968624603C2083373459446F7D1A3E7BA
:10897000294606A8FFF73CFE06AFB5F81690BCE7FF
:108980009A42BFD063E711233A466946FFF7B8FD24
:10899000051EC8BF083D002C3FF45BAF236F002BC2
:1089A0003FF457AF626F20212046984751E76FF0A0
:1089B00069054EE7C0E91C12704778307047002106
:1089C000FDF72ABCF8B5058907460E461446002077
:1089D00054B900237968082200F043FD96F910305D
:1089E000022B0FD00020F8BDBC42F2D0B442F0D030
:1089F0002B462289616800F034FDA36824682B446B
:108A00009DB2E5E743191133B3F5803F24BF013030
:108A100080B271682844113000232022083180B2CE
:108A200000F01FFD4FF6FF7398421CBFC04380B299
:108A3000D9E7000080B5102288B00DEB02000021BC
:108A400003F06AFE504B51481B88ADF81C3040F2D1
:108A50000523ADF80A3008216FF085034C4D0393D0
:108A60000595F7F7CFFE04A90420FDF763FB40F25C
:108A700002266846F7F7C3FEBDF80230B3424CD079
:108A80000DD840F201229342F3D1019F3846FDF701
:108A900021FD044660B93846FFF791FFE9E7A3F2EC
:108AA0000323012BE5D802A96846F7F77FFEE0E72C
:108AB0000221FDF7A9FB074608B9F8F743F920683A
:108AC00030B190F91030042B02D18368082B07D005
:108AD000042208212046FDF71FFD08B92046DBE7E8
:108AE00000232374D0F80480B8F80630002BF5D0AA
:108AF00022463946FFF766FF4FF6FF739842EDD1E5
:108B0000B8F8021049BA234640F2012289B2042083
:108B1000FCF782F80028ACD1E0E7DDF8048040469D
:108B200098F91070FDF7D6FC044608B94046B3E743
:108B30000068A0460028C0D090F91030042B19D14D
:108B4000FDF7C8FC0028C9D04268C8F8000000231F
:108B5000816800680B440028FAD15BBA93807B1CC3
:108B600004BF236893F9107040F20222234629467D
:108B70003846CDE7FDF7AEFC03460028AED0C8F876
:108B8000000000689846D5E7A0050020903D002031
:108B90000000FFFF10B5044668B161B190F91030D4
:108BA000042B0BD10268FFF70DFF50B1636840BA88
:108BB000D880002010BD6FF00D00FBE76FF04C0077
:108BC000F8E76FF00100F5E738B514460D4601B13E
:108BD0000AB9F8F7B7F8042308220021FDF75EFC74
:108BE00038B1436800226DBA64BA1D805C809A7106
:108BF000DA7138BD1FB50A4CB4F900305BB9094AC7
:108C00000948CDE90132094A00924FF4E07105228A
:108C1000F7F792FF2080B4F9000004B010BD00BF48
:108C2000903F00204FEC0000D03D0020358A00002E
:108C30002DE9F04104469DF8248080F80080102042
:108C40000F461E469DF82810069B6070154602B11F
:108C50000FB11BB116B90020BDE8F08118F0050F67
:108C600039D0C5BB002BF6D0A1709DF82020E27052
:108C7000022B9DF82120227133D0082BEBD11C232D
:108C80006370221D06F1080313F8011D02F8011F8D
:108C9000B342F9D1002D4ED00D23BDF81C10BDF804
:108CA0002020914233D1227842F040022270022DDE
:108CB00036D0082DCFD1627862F03F02627007F1A2
:108CC00008021C4412F8011D04F8011BBA42F9D134
:108CD00003F10800C0E7A170002BC6D1B5B903208D
:108CE000BAE716491A46304604F034FC18B928F0A1
:108CF000200884F8008018236370737863713378D8
:108D0000A3710DB90720A7E70723C6E703239DF842
:108D10001C10E1545A1C9DF81D10A1540233C6E7E3
:108D2000627862F07F0262707A78E254981C234481
:108D30003A785A7090E70D208EE700BFA4ED00004E
:108D40000178024601F00700022828D098B1537834
:108D500003F00C03082B12D00C2B13D001F04000B1
:108D600003431ED10320527812F0C0020CD1002B15
:108D700008BF0020704711F04003F3D07047072070
:108D80000123F0E70D20FBE74B0658BF0230802A95
:108D900001D102307047C02A03D108307047032048
:108DA00070470020EAE770B5034601B10AB9F7F74A
:108DB000C9FF407800F00C00082820D1187844063C
:108DC00018D40724587810F0C00027D01D786D06FD
:108DD00007D4402820D01E5D1670651C02345D5DEE
:108DE0005570802820D11A5D4A701C440220637897
:108DF0000B7013E0D878107018795070E1E70C28E8
:108E000009D11878400601D40D24DBE7D87810701A
:108E100018795070F8E710B16FF0150070BD187830
:108E20004606F9D40324CDE7C028F5D1234401F147
:108E3000080213F8010B02F8010D8A42F9D108204B
:108E4000ECE708B501B10AB9F7F77CFF437803F006
:108E50000C03082B09D1C37813700379537043793D
:108E60004B7083790B70022008BD0C2B0ED1C37898
:108E7000137010F8043F537001F1080310F8012F2C
:108E800003F8012D8B42F9D10820EDE73BB90378B7
:108E900013F0400F14BF6FF015000020E4E76FF0EF
:108EA0001500E1E707B503688DF80710DB690DF1E0
:108EB00007020221984703B05DF804FB0368002213
:108EC0001B6A0221184710B50446FFF7EBFF002884
:108ED00005DB2046FFF7F2FF0B30FAD0002010BD73
:108EE000002370B50D468377012104461646FFF72F
:108EF000EAFF002801DAF7F725FFA36920465B683F
:108F0000324629469847022070BD036810B5DB69D8
:108F10000022012104469847002808DB236800222C
:108F20001B6A0121204698470B30F7D0002010BD66
:108F3000036810B4DC680023A4465DF8044B604766
:108F400003689B6B184710B590F82530032B044637
:108F500009D8013380F825300121FFF7B4FF00283C
:108F60000BDAF7F7EFFE0021FFF7EAFF20460022B9
:108F7000BDE810400221FFF7B3BF204601F050FAD0
:108F8000032010BD0368DB6B184710B500210446B1
:108F9000FFF799FF002808DB2368E16A5B68204639
:108FA0009847204601F03CFA002010BD0068C30736
:108FB00054BFC0F3800001207047000073B590F8E3
:108FC0002A506B1E04460E46042B3BD8DFE813F0F4
:108FD0000500490061009300F5004E1E062E31D8B1
:108FE000DFE806F00A20303004303200FFF7CDFF12
:108FF00000284CDA012510E000212046FFF763FF2E
:109000000028F9DB236820469B68984703280FDD7A
:10901000A36920461B6898470225284684F82A50F1
:1090200002B070BD00212046FFF74DFF0028F9DB9C
:10903000002211462046FFF77BFF2046FFF765FF21
:109040000028D7DAF7F77EFE0021FFF72BFF002874
:10905000D0DB2046FFF732FF0B30FAD00226354630
:10906000DBE705290FD007D84E1E012EEAD80022D3
:109070001146FFF75DFFCFE70629E3D1FFF745FF74
:109080000028B7DAC8E7FFF780FF0028C4DB032514
:10909000C3E7022906D80029D4D000221146FFF7E1
:1090A00047FFF4E70429CDD103681B68DD0719D415
:1090B000980717D402F0E6FA94F827104FF4A0733B
:1090C00001405943544B186802F066FE94F827306B
:1090D000627F591CB2EB510F82BF5B0043F001036A
:1090E00084F8273023680022DB6911462046984720
:1090F0001030F7D0B3E739B14E1E012EA2D80022AE
:109100001146FFF715FF88E7036801AA1B6A984715
:10911000002897DB9DF80410032993D8DFE801F0BD
:1091200007022A372068FFF741FF00288AD0002372
:10913000206884F82630FFF739FF08B9A37F43B9C8
:1091400001AA2046FFF7CCFE054600287FF465AF54
:1091500078E701212046FFF7F3FE2046FFF7D5FE12
:109160000028FFF66FAF4FF45871204601F060F908
:10917000052552E72068FFF719FF00283FF462AF8A
:10918000002384F826302046FFF7DDFEDCE7236865
:109190001B68D90702D501AA0321D2E79A07FAD49E
:1091A00094F826305A1C84F8262094F828209A42F5
:1091B000F1D9204601F034F969E7022926D00329C4
:1091C000E1D001297FF43EAF03681D6815F0040566
:1091D0007FF438AF032201A9FFF7AAFE0028C7D009
:1091E0009DF804309B07C3D5204601F02BF99DF86C
:1091F000046094F825308DF801302946C6F3001636
:109200002046FFF79DFE6A4631469AE70022114646
:10921000FFF78EFEACE700BFDCEE000008B590F86B
:109220002A20013A012A02D96FF00F0008BD09B9BE
:109230000020FBE74A681278C162C2F34012017F46
:109240008277002280F8252080F8262001228A409B
:10925000013A80F827200521FFF7B0FE0328E7D068
:10926000E2E72DE9F74303684FF0010880F82A8010
:109270005B690446894617469847051E72DB3B68C2
:10928000E3607B682361B9F80030A3822323238441
:1092900040F20353A3830422236822851B6803F052
:1092A0000801002915BF1A20052000210221608431
:1092B00013F47C3004F10C0684F8241001D1F7F784
:1092C00041FD5F0461D490FAA0F103F4E047B1FAE4
:1092D00081F1B7F5804F08FA01F156D0B1F5804F12
:1092E00044DCD9044DD403F44053A3F50052534257
:1092F00053415B0084F82B30236820469B699847D4
:109300000B30F9D004F1140200212046FFF73AFE99
:10931000324601212046FFF735FE04F120020221EA
:109320002046FFF72FFE94F82B308DF80030638C29
:10933000ADF8023094F824308DF8043094F82930D8
:109340008DF8053023686946DB6A20469847236814
:109350006FF045015B6A204698472046FFF7D5FD30
:109360000028FADB284603B0BDE8F08303F470431D
:10937000B3F5004F07D0B0F5003F0CBF0623002324
:10938000B8E74346B6E71346B4E70323B2E72DE94F
:10939000F74390F82A90ADF802101E4690F82B3053
:1093A0008DF8003009F1FF33012B0546884617463A
:1093B0008DF804208DF8056028D8B9F1010F15D07B
:1093C0002B686946DB6A28469847041E17DA284648
:1093D000FFF774FD0B30FAD0B9F1010F0BD128461D
:1093E000FFF793FD041E06DAF7F7ACFC0021FFF748
:1093F00059FD041EE4DA204603B0BDE8F083A5F869
:10940000228085F8247085F82960E0E76FF00F046A
:10941000F1E708B590F82A30012B09D0022B04D1CE
:109420000621FFF7CBFD012805D06FF00F0008BD26
:109430006FF07700FBE70020F9E708B590F82A30D5
:10944000012B04D0022B09D06FF00F0008BD0721BB
:10945000FFF7B4FD0228F7D10020F7E76FF077009F
:10946000F4E770B5AAB1DC0705D511F8014B013A54
:10947000204492B2013356080024B4420AD31A445D
:10948000D30703D511F8163000EB0320030C08D1E5
:1094900080B270BD31F814506DBA10FA85F0013405
:1094A000EBE713FA80F0F1E70346002003B97047B9
:1094B0009A681B681044F9E770B50B4604460E46DF
:1094C00015460CB9981B70BDA268AA4209D86168FC
:1094D000184603F09FFCA26824680346AD1A1344A3
:1094E000EFE76FF06800EEE730B5426805680C689A
:1094F0004B689A4208BFA5420AD18468C268CB680B
:1095000088689A4208BF84420CBF0120002030BD09
:109510000020FCE710B590B1B9B1884217D0431EC6
:109520000139002013F8012F11F8014FA24207D092
:109530006240B2FA82F2183852FA80F0C0B210BD1E
:109540000830C0B28028EDD1F9E70846F7E780205F
:10955000F5E7802A28BF8022F8B5D50814462A46A8
:1095600006460F4603F056FC63070DD0C4F108040D
:10957000735D04EBC504FF22A24023EA0203735586
:10958000795D0A4013437355F8BD00002DE9F74F8C
:109590000F460192054618B111B1531E272B04D96D
:1095A0000025284603B0BDE8F08F1022002103F00B
:1095B000B3F83B783A2B2DD17B783A2BF0D107F1D9
:1095C00001080024A3462646A146019BA8EB0702FA
:1095D0009A4221D3BBF1000F08D0A21C102ADFD879
:1095E000631CDBB2310A2955EE54D4B2B9F1000F35
:1095F00044D02C44A4EB090905F1100305F1110135
:109600000020CA1A9145CCDB14F8012D03F8012D76
:109610002070F6E7B846D4E798F800A019485146FC
:1096200002F0A4FD80B91848514602F09FFD68B1D0
:10963000154BC31A43EA0616B6F5803FB0D24FF079
:10964000010B08F10108C0E70E4BF2E7BAF13A0F3F
:10965000A6D1BBF1000F05D1B9F1000FA0D105EBE8
:109660000409EEE7A21C102A9AD8631CDBB2310A67
:1096700029558346EE54D4B20646E2E7102C8FD12A
:109680008FE700BF64EC000053EC000038B50C46D7
:10969000054650B149B1084602F0D2FF21460246C4
:1096A0002846BDE83840FFF771BF002038BD0000F4
:1096B0002DE9F0478C468AB0074620B90027384686
:1096C0000AB0BDE8F0870029F8D000264FF0FF303F
:1096D0003546034634463CF81610002938D1591C4B
:1096E00013BF013433B2012424B20136082EF2D163
:1096F0005E1C39D0411C03D0AC42DCBF03462C4673
:10970000022CACBF18464FF0FF306B46DFF8DC8010
:109710004FF0000E19464FF03A0970452BD103F86F
:10972000019B00EB040EBEF1070FF6DD451C05D0D2
:109730000444082C04BF3A2003F8010B002003F86E
:10974000010B5B1A9342B9D8384602F077FDB6E7B1
:10975000591CCAD0411C04D0AC4202DC4FF0FF338C
:10976000C3E725461846F9E7461C02D003462C46B7
:10977000C6E72C46C9E7BEF1000F01D003F8019BF4
:109780001CF81E600CEB4E050F2E6D7818D94FEAB1
:10979000161A06F00F0618F80AA018F806605E7090
:1097A0002E0983F800A018F806609E70033305F0B8
:1097B0000F050EF1010E18F8055003F8015BB2E732
:1097C00066B118F806A01E4606F802AB4FEA151A55
:1097D00018F80AA083F801A03346E8E70F2D82BFEE
:1097E0002E0918F8066003F8016BE0E764EC00004E
:1097F000042808B507D1082A0BD108681860486802
:109800005860104608BD0146034803F0E1FEF7F733
:1098100099FA6FF01500F5E775EC0000042870B5B3
:109820000D461C4634D10023042A637023701CD0DB
:10983000082A04D0022A1FD06FF0150030E00B7800
:1098400083F0020323704B7863708B78A370CB781E
:10985000E3700B7923714B7963718B79A371CB79A9
:10986000E371002CE8D008201AE00B7883F00203A3
:1098700023704B7863700223FF210022E170FE21E8
:10988000A27021716271EA5CA2711D446B78E7E7F6
:10989000FFF7AEFF082803D1237883F0020323707B
:1098A00070BD0000042808B505D00146074803F044
:1098B0008FFEF7F747FA0B6813604B685360137815
:1098C00083F002031370082008BD00BFBAEC00004B
:1098D000042808B508D14B78012B0BD0022B0CBF04
:1098E00008206FF0150008BD0146034803F070FE24
:1098F000F7F728FA0220F6E7FCEC00006FF085008D
:10990000704773B50A460C462321054602F004FF52
:10991000684601F075FE6946002241F2055311F8D0
:10992000010B03EB43130344B2FBF4F004FB1020E0
:1099300001322E5C082A86EA03062E54EFD100235A
:1099400041F205529C4201D102B070BDE95C02EBCC
:1099500042120A44B3FBF4F104FB11310133685C99
:1099600050406854EEE738B50C46054608212046BD
:10997000FFF7C7FF2A7BA3795340A3716A7BE37982
:109980005340E371237823F0010343F00203237073
:1099900038BD0B680E28A2EB030209D00F2818D09F
:1099A0000D2803D132B113F8010B0D300B60704755
:1099B000012A02D86FF01B0070471A465B7812F834
:1099C000020B63F31F2040BA80B200F20D10134661
:1099D000ECE76FF04C007047042907B50A4601D93F
:1099E000F7F7B0F90023019321B102AB0146981AB1
:1099F00003F010FA019800BA03B05DF804FB0268A6
:109A000013B51346002453B912BA036002AB019296
:109A1000191B224603F0FEF9204602B010BD0134A6
:109A20001B0AF0E770B504460C2B0846217803D8D2
:109A300093401943217070BDB3F5867F04EB000697
:109A400008D80D2505FA02F211430D3B21700130B3
:109A50003370F0E70E2505FA02F211436FF48672B7
:109A600013445BBA217023520230E4E7F7B5814218
:109A70000446019117461D4615D211F8016B81422B
:109A800001D1FF2E0FD00191224601A93009FFF725
:109A900080FF2246388006F00F00FFF77AFF28602B
:109AA000019803B0F0BD0020FBE738B50C4600B1CB
:109AB00009B9F7F747F9B0F904300568002B09DA5E
:109AC000284602F0BDFD294602462046BDE8384042
:109AD00003F070BA29462046BDE8384003F040BB89
:109AE00000F110030246C08930B51C46A8B1258894
:109AF0008D4200F1FF3011D1E31A580902F15005EF
:109B00006FEA930303F00703012199402B5C23EADA
:109B100001032B5463881068184430BD0434E5E712
:109B200073B5064615460AB9F7F70CF9FFF7D8FFE3
:109B30000146C0B100247068019401AB0DF102022E
:109B4000FFF794FF0199A14207DB042908DCFFF726
:109B500043FF2860204602B070BD6FF04C00FAE76A
:109B60006FF01B00F7E76FF00100F4E72DE9F04F0D
:109B7000032A0E46016001EB02094FF0000185B097
:109B800004464160818100F1500BA0F850108160C3
:109B900004D86FF04C0005B0BDE8F08F717809B9BA
:109BA000042AF6D1357805F00F05082DF1D80435D3
:109BB0004FF00008354404F1100A4746A94501D882
:109BC000039508E0691C03912B78FF2B13D161608A
:109BD000A9EB0101A181039B9945DAD36268E78172
:109BE00002B9636004F1540206212046FFF798FF92
:109BF00090BB0020CFE718094A4603A90193FFF75D
:109C0000C8FE031E0093C4DB019B4A4603F00F000D
:109C1000FFF7BFFE0028BCDB009B9844CBB10F2FA1
:109C20001ED818F0010F0CD0F908FB431BF801C037
:109C300003F00703012202FA03F343EA0C030BF8D3
:109C40000130AD1BAAF80080AAF8025001370AF1D2
:109C5000040A039D0544B1E74FF0FF336365C8E78D
:109C60006FF00B0097E7F7B51D46136806461446DC
:109C700033B9FFF735FF2060C0B9002003B0F0BD55
:109C800000270023ADF80630216870682B460DF1DF
:109C90000602FFF7EBFE0028EFD01FB9BDF8063033
:109CA000002BEAD12B6803442360E7E70127E8E7AC
:109CB0002DE9F34789469DF828A014461D468046A5
:109CC00010B10AB1012B01D8F7F73CF8002300933B
:109CD0002E46494601AB6A464046FFF7C4FF01469F
:109CE00058B9009B13B904F801AB013E0023681C6E
:109CF0002370801B02B0BDE8F087019FBB1CB342FC
:109D000009D804F801AB3A4620463C44F71B03F05F
:109D100081F87E1EDDE76FF01B00EBE738B50C46DF
:109D2000032C11461D4601D9F7F70CF843EA041439
:109D3000049B4370BDF8143044F040045BBA0470D7
:109D400043800430904202D02A4603F063F8281D75
:109D500038BD2DE9FF47904602680C9F127802F04B
:109D60000F0A0AF104060C46F1199942054637D844
:109D7000A4B112F0300F14BF4FF001094FF00209E7
:109D800003AA4FF481712846FFF7CAFEC0B96109E2
:109D90000139C9B2062904D9F6F7D4FF4FF00309F7
:109DA000EEE7039A01238B40134209D02B681B78FE
:109DB00003F03003102B10D00426824607460446D9
:109DC0002A6853885BBA9BB2CDE9004304325346FC
:109DD00049464046FFF7A2FFB81904B0BDE8F08736
:109DE0006FF01B00F9E7F8B504460D461F4616460E
:109DF00000215022083002F08FFCF61B25603D4404
:109E00006560A681F8BDF8B59142069E05461F46DD
:109E100001D9F6F797FF0024531A04700422012198
:109E2000FFF700FE2246014633462846FFF7FAFDBB
:109E300004462EB132463946281802F0EBFF34446E
:109E40002046F8BD2DE9FF47C6890F2E04460F4670
:109E50009146984604D96FF01B0004B0BDE8F08726
:109E600036B1033630F826608E4201D9F6F76AFF24
:109E70004FF0000ABB1B0422012103A8ADF80CA07F
:109E80008DF80EA0FFF7CEFD4346054652465146DB
:109E900003A8FFF7C7FDA38905444544AB42DAD3C5
:109EA000CDF800804B463A4631466068FFF7ABFF7D
:109EB000E28904EB820001320782D4E90013591AC7
:109EC00041822B446360A389E2815B1BA381284606
:109ED000C3E72DE9F04707469DF820808A461446DF
:109EE0001D4623B302EB03090026237843450CBF2C
:109EF000621C224614462378434505F1FF3504D001
:109F0000A14502D00134002DF5D1A31A03D1B8F137
:109F10002F0F07D136B151463846FFF793FF00287F
:109F200003DB0644002DE0D13046BDE8F08718463B
:109F3000FBE737B5044601A80D460192FFF75FFD28
:109F400001AA034629462046FFF77CFF03B030BD37
:109F500011F0010109D0838963B143685A1C426042
:109F6000FF221A708189013989B28181D0E9000309
:109F7000181A70476FF01B007047C068704770B5C3
:109F8000044601F07FFB0023638422460123A0776F
:109F900023742323638252F8123B9D692046AC460A
:109FA0000223BDE87040062160471B2910B511D877
:109FB0001B2911D8DFE801F03110131B25252D10C6
:109FC000101010101010101010501010101010372A
:109FD0001047104128293BD06FF0850010E0012B7D
:109FE00001D8F6F7AFFE838A1380022008E0072B22
:109FF000F7D9D0F816301360D0F81A305360082023
:10A0000010BD022BEDD1418C490748BF08231380B6
:10A01000EBE7022BE5D1438AF9E7022BE1D1C37FBD
:10A0200013800120ECE7012BDBD1438C13F0200FD0
:10A0300014BF012300231370F3E7012BD1D1438C0C
:10A0400013F0020FF4E7012BCBD190F91030F2E7B7
:10A05000022BC6D10423DAE7012BC2D96623D6E747
:10A0600010B50C46062C11461A4607D8062C0BD8FC
:10A07000DFE804F00D0A171F2B2B3E00192C4ED0E1
:10A080001B2C43D0172C38D06FF0850008E0022A33
:10A0900001D0F6F757FE0B88FF2BFAD8C3770220C2
:10A0A00010BD022AF5D800238382143002F0B2FEDC
:10A0B000F5E7082AEDD80023C0F81630C0F81A30AA
:10A0C000163002F0A7FE0820EAE7022AE1D10B8849
:10A0D000022B04D0082B07D06FF06900E0E7438C17
:10A0E00023F004034384DAE7438C43F00403F9E7E5
:10A0F000022ACED10B884382D1E70A78438C12B171
:10A1000043F02003EEE723F02003EBE70A78438CCB
:10A1100012B143F00203E5E723F00203E2E7012B6B
:10A12000B7D191F9003003741046B9E7826E4368E5
:10A1300042F0010282660021184737B51C4650F8EC
:10A14000283F29B922B99B6803B0BDE830401847C1
:10A15000DD6801ABA84734B19DF80430AE3B2380E5
:10A160009DF80530A37003B030BD283812B1537884
:10A1700080F86C30012380F86D30032906D8DFE8C1
:10A1800001F002060A08042380F86E3070470523A8
:10A19000FAE70723F8E70623F6E7012380F84530BE
:10A1A000022380F8463070470329A0F128000BD025
:10A1B000042904D001290BD0436800211847836E7D
:10A1C00043F002038366F7E7836E43F00403F9E785
:10A1D000836E43F00803F5E7422970B414460DD0AE
:10A1E000572912D01A2913D190F85230022B14BFDC
:10A1F000022301231370002070BC704790F96C306B
:10A20000002B08DB23700120F6E790F85330F9E7C4
:10A2100070BCFFF7CABE6FF08500EDE72DE9F04195
:10A22000044600F128074FF001080026EFF31083E1
:10A2300072B6A56EA666EFF3108362B6EB0603D581
:10A2400004213846FEF7BAFEE80703D50321384655
:10A25000FEF7B4FEA90703D500213846FEF7AEFE8F
:10A260006A0703D501213846FEF7A8FE2B0714D54F
:10A2700002213846FEF7A2FE4FF00008A26E002A27
:10A28000D4D194F86D30D3B16368B8F1000F07D121
:10A2900041462046BDE8F0411847002DEED0EBE7DF
:10A2A00094F86E1084F86D202046984794F86E302C
:10A2B000032B04D03846BDE8F041FFF7AAB8BDE84B
:10A2C000F08110B504462830FEF7A8FF0028A4BF8F
:10A2D000032384F86E3010BD37B5044600F116052F
:10A2E0002946F7F777F9237F03F07F032375637F10
:10A2F00063752A4604F1140104F12800FEF7B1FF4A
:10A3000000281BDB2046FFF73AFEB4F84A30ADF8D0
:10A3100006300DF1060202230021204694F9515027
:10A32000FFF79EFE064A012317212046FFF798FEFD
:10A3300020466368A58408219847002003B030BDFB
:10A3400006EE000006292DE9F04104460E461546AA
:10A350001F4600F1280007D806290BD8DFE801F0D6
:10A36000300A121B0A0A2600142950D01A293ED09E
:10A3700010292DD03B462A4631462046BDE8F04103
:10A38000FFF76EBEA36A0021DB6B98470028F1DB64
:10A390002B88A387EEE7A36A0121DB6B984700288F
:10A3A000E8DB2B6863636B68A363E3E7A36A0221BE
:10A3B000DB6B98470028DDDB2B88A4F84830D9E711
:10A3C00094F9513094F84C202988FEF7E0FFD1E74A
:10A3D000B2F9006092F90030B4F84A1094F84C20B9
:10A3E000FEF7D5FF002800DBA684BDE8F0811378D6
:10A3F000012B04D0022B06D06FF08500F5E7BDE8F5
:10A40000F041FFF71AB8BDE8F041FFF702B8117844
:10A41000A36A4900BDE8F0419B6B01F0FE011847BB
:10A42000036C43F010032838002183664368184703
:10A43000034B0A4600F13001186801F09CBB00BFD5
:10A44000DCEE0000064B10B5A0F1280400F130014D
:10A45000186801F077FBA36E23F00103A36610BD1B
:10A46000DCEE0000054B0360054B0364054B036302
:10A47000054BC0E918300020704700BF08EE00000F
:10A4800024EE0000A9A100002DA1000050B1EFF3BF
:10A49000108272B6054B19680160186082F310884B
:10A4A000002070476FF01500704700BF943F0020F8
:10A4B00010B9024B1868704700687047943F00203D
:10A4C000014B186802F07AB85C0400207047000065
:10A4D00030B50346EFF3108472B6094A094D10688F
:10A4E0000144A94205D8084DA94202D31160421C7B
:10A4F00003D10C221A604FF0FF3084F3108830BD76
:10A500002C04002000000420CC43002019461046F3
:10A5100001F0F2B91946104601F0F8B913230360AF
:10A520004FF0FF307047132303604FF0FF30704748
:10A53000132303604FF0FF30704702294FF00003F0
:10A5400003608CBF002001207047F6F7B9BD000002
:10A550000C2907D841F21903CB40DB0706D44FF092
:10A56000FF30704740F20C639942F8D110F0200F91
:10A5700000F01F00044B00F5E07008BF4FF0A0434F
:10A5800043F820100020704700030050024B0122C6
:10A59000C3F80425704700BF00D000400F4B70B5D2
:10A5A00001220F4CC3F8042301441A604FF40055F4
:10A5B0000022884205D10122C3F808235A6070BDE9
:10A5C00020BFD3F80061002EFAD0D3F8086500F858
:10A5D000016BC3F80021C4F88051EAE700D00040C5
:10A5E00000E100E0074B0C2250431A181B58117968
:10A5F000C3F8081551799268C3F80C15C3F82425DF
:10A60000704700BF2CEE000038B50C2343431D4AB1
:10A61000D45841F40073C4F804331B4B0D4603EBCC
:10A6200080000121F6F7FEF8D4F8043113B10023BD
:10A63000C4F80431E90109D5D4F84C25D4F84835DB
:10A640009A4203D0D4F82431002BF5D0D4F8243129
:10A650000BB9002038BD0023C4F82431D4F8C43429
:10A660009A0705D50223C4F8C4346FF00500F1E75A
:10A67000D4F8C4345B07ECD50423C4F8C4346FF0B9
:10A680000400E7E72CEE0000983F00200C23054A69
:10A690004343D358044AC3F80823044B03EB800018
:10A6A000F6F7F6B82CEE000002020001983F0020F9
:10A6B000F8B501289DF8185003D812B15C1EFE2C85
:10A6C00001D9F6F73FFB15F009061DD10C24104FF8
:10A6D00044433C59C4F88815C4F84425C4F84835A7
:10A6E0006B075CBF4FF40073C4F800324FF00103F6
:10A6F0004CBFC4F800620221A36048BF4FF08071D4
:10A70000BDE8F840FFF780BF6FF05E00F8BD00BF06
:10A710002CEE00000128F8B5044601D9F6F712FB2B
:10A720001248002740F82470012100EB8400F6F75E
:10A7300079F80C2363430E4AD558D61840F20C61C1
:10A740003079C5F80075FFF703FF40F20C617079AE
:10A75000FFF7FEFE2046FFF745FF06492246284642
:10A76000F6F794FE0623C5F80035F8BD983F0020A3
:10A770002CEE00008DA60000012838B5044601D952
:10A78000F6F7E0FA0C234343064A0749D558024638
:10A790002846F6F77DFE2046FFF724FF0623C5F87E
:10A7A000003538BD2CEE00008DA60000012808B54C
:10A7B00001D9F6F7C7FA0C235843044B1858002365
:10A7C000C0F80035BDE80840F6F77CBE2CEE00006E
:10A7D00070B501289DF81050044603D812B15E1ED2
:10A7E000FE2E01D9F6F7AEFA15F00D0F14D10C2597
:10A7F0006C430B4D2C59C4F88815C4F83425C4F8A3
:10A8000038354FF48053C4F800320123236002210D
:10A81000BDE87040FFF7F8BE6FF05E0070BD00BF8E
:10A820002CEE00002DE9F34102F1604CBCF5802FC5
:10A830009DF8208006460F4615461C4606D2CDF8E8
:10A84000208002B0BDE8F041FFF732BF013BFE2B94
:10A8500001D9F6F777FA01210B48F5F7E3FF224615
:10A8600029460A4802F0D6FA2346084ACDF8008065
:10A8700039463046FFF71CFF04460348F6F708F850
:10A88000204602B0BDE8F081A03F0020A43F002098
:10A8900000234FF440311A0102F180420133092BA9
:10A8A000C2F80819F7D1FEE708B5F6F77FFE064BA8
:10A8B00001225A6005494FF4003008600021C3F8B6
:10A8C00008151A6008BD00BF0010014000E100E05B
:10A8D000014BD3F80405704700100140064B196086
:10A8E000064B1A60064B20F07F404FF48032C3F8CD
:10A8F0004005C3F804237047B0400020AC4000205E
:10A9000000100140024B4FF48032C3F80823704717
:10A9100000100140014B01221A60704700100140F5
:10A9200010B5134CD4F84031012B0BD10023C4F8DF
:10A9300040314FF480330F4AC4F808330E4B10688F
:10A940001B689847D4F80431012B07D100230B4A28
:10A95000C4F804310A4B10681B689847094B1B6800
:10A960002BB1094B4FF080525A60BFF36F8F10BD6F
:10A9700000100140AC400020B0400020A440002066
:10A98000A84000201005002000ED00E0F8B5204EA2
:10A9900006EBC00305461F790024A74209D81D4BCA
:10A9A0001B682BB11C4B4FF080525A60BFF36F8F66
:10A9B000F8BD56F835C00CEB8403D3F840110129DB
:10A9C00023D100221548C3F840210C2303FB0503C3
:10A9D0001A7A42FA04FE1EF0010F16D093F809E02D
:10A9E0004EFA04FE1EF0010F08D1A14022EA010236
:10A9F0001A724FF48033A340CCF808330C236B4316
:10AA0000C2182146C358506898470134C5E700BFB3
:10AA100054EE00001005002000ED00E0B4400020DE
:10AA20000328F0B502D94FF0FF30F0BD0C244443A9
:10AA30001E4D2E192A511E4C736054F83050C6001A
:10AA400004EBC000012743796F601A48C5F8083548
:10AA50000023C5F80435EF6081421BD1C5F81035DD
:10AA6000A319197900231846994219D872B13444B0
:10AA700094F90620A379002A08DB0122590903F082
:10AA80001F0302FA03F30C4A42F8213001232B6022
:10AA90000020CAE701330A2B4FEA5000DCD1C2E79D
:10AAA00003F15007013345F82700DDE7B4400020EB
:10AAB00054EE00000024F40000E100E0134B03EB2F
:10AAC000C00210B512798A421DDD53F830204FF4D0
:10AAD00080338B40C2F80833D2F80042012303FAD6
:10AAE00001F124EA01040A4BC2F800420C2202FBE5
:10AAF0000030037A23EA01030372437A23EA010355
:10AB00004372002010BD4FF0FF30FBE754EE000011
:10AB1000B4400020064B03EBC00253F830301279EA
:10AB200003EB820301221A64D3F84005704700BF8B
:10AB300054EE00002DE9F84FDFF8A48008EBC00ABE
:10AB400005469AF804308B42164642DDFFF7E2FFD5
:10AB50008419EFF3108772B61F4B58F835B00C22EA
:10AB600002FB05334FF001091A7A09FA01F002439A
:10AB70001A725A7A0BEB810822EA00025A720023F9
:10AB8000C8F84045C8F84031D8F840314FF4803318
:10AB90008B40CBF804332846FFF7BCFF9AF805201A
:10ABA0000E4B53F82230241A1C40A6420CD2D8F87F
:10ABB00040314BB9CBF804902846FFF7ABFF48442F
:10ABC000C8F84005CBF8009087F310880020BDE856
:10ABD000F88F4FF0FF30FAE7B440002044EE000059
:10ABE00054EE0000024B53F8303001221A607047D7
:10ABF00054EE0000024B53F8303001221A617047C6
:10AC000054EE00000020FFF7C1BE0120FFF7BEBEDA
:10AC10000220FFF7BBBE0320FFF7B8BE08B50F4BFD
:10AC200053F83030D3F8102172B10022C3F810214C
:10AC3000D3F83C3543B10A4B0A4903EBC002095C27
:10AC400053F8303050689847074B1B682BB1074BBF
:10AC50004FF080525A60BFF36F8F08BD74EE000052
:10AC6000E8400020E44000201005002000ED00E056
:10AC700001282DE9F04706460D46904600F2AF80C8
:10AC8000584A594F42F8308057F8304002EBC00222
:10AC900000214FEAC0095360C4F86C15B8F1000FE9
:10ACA00008D007EB090393F804A05046FFF750FCC7
:10ACB000C4F814A507EB0903032193F805A0504637
:10ACC000FFF746FC4FF0FF33B5F5614FC4F80CA514
:10ACD000C4F80835C4F8103554D021D8B5F5615FF3
:10ACE00049D012D8B5F5965F43D009D8B5F5966F1F
:10ACF00030D0B5F5166F39D06FF08500BDE8F0871C
:10AD0000B5F5165FF8D1394B26E0B5F5E14F35D0F2
:10AD1000B5F5164F34D0B5F5964FEDD1344B1BE059
:10AD2000344B9D4234D00AD8B5F5E13F2CD0B5F56F
:10AD3000613F2BD0B5F5963FDED12F4B0CE0B5F53A
:10AD4000612F28D02D4B9D4227D0B5F5E12FD3D1CF
:10AD50002B4B01E04FF49E23C4F824350823C4F89C
:10AD60000035B8F1000F1BD10020C7E74FF41D23B9
:10AD7000F2E7244BF0E74FF46C13EDE7224BEBE7DF
:10AD8000224BE9E7224BE7E7224BE5E7224BE3E7DB
:10AD90004FF08063E0E7214BDEE74FF08053DBE7C5
:10ADA0001F4A012316444F441022C4F83835C4F812
:10ADB0003465C4F80423D4F8002297F9061042F051
:10ADC00020020029C4F80022BA792360CCDB5109A3
:10ADD00002F01F029340134A42F82130C4E76FF09B
:10ADE00012008BE7E840002074EE000000502700BE
:10ADF00000A04E0090D0030000903A0140420F00A6
:10AE000000705F0700B0130000F0750000509D0057
:10AE100000F0EB0000E0D70100B0AF0300D0BE0EA1
:10AE2000E440002000E100E02DE9F047012888B06F
:10AE300006460C46154601D9F5F784FF11F0005778
:10AE400027D1DFF874A04FF00109AF4202D308B058
:10AE5000BDE8F087A5EB0708B8F1200F28BF4FF039
:10AE600020084246E119684601F0D4FF5AF836300E
:10AE70000022C3F82021C3F844D5C3F84885C3F89D
:10AE80000890D3F82021002AFBD0C3F80C90474447
:10AE9000DBE7094B53F830300022C3F820210122B0
:10AEA000C3F84415C3F848559A60D3F82011002917
:10AEB000FBD0DA60CBE700BF74EE00000020FFF7A4
:10AEC000ADBE0120FFF7AABE11F15C0F10DB0A4BEB
:10AED000D3F86C2622F47F42C3F86C26D3F86C2694
:10AEE0005C31890842EA0122C3F86C2600207047D1
:10AEF0006FF01500704700BF001000400020704741
:10AF0000014B187802387047904100200A4BD3F863
:10AF10006C26022902F00702C3F86C2605D001F066
:10AF2000FD0101290CBF03210021D3F86C26114338
:10AF3000C3F86C160020704700100040032906D8A3
:10AF4000DFE801F002070D11084B12881A8000207B
:10AF50007047074913680B6053684B60F7E7054B70
:10AF600012881A80F3E76FF08500704706410020D1
:10AF7000FE400020FC400020084631B9044B127806
:10AF8000197862F30411197070476FF085007047EB
:10AF900030040020022911D80A4A0B48525C4B1C8D
:10AFA0009B0003F0040343EAC203027803F00C039E
:10AFB00022F00C0213430370002070476FF08500ED
:10AFC000704700BF84EE000030040020002A09DC36
:10AFD000064B1A780CBF0121002161F341021A705F
:10AFE000002070476FF08500704700BF30040020DC
:10AFF00038B591F9052002F12803DBB2302B30D8A7
:10B00000194BD3F8500508B1F5F79CFE8D786FF019
:10B010003104052111FB0541012AC3F8081503DDA0
:10B02000C3F80C25002038BD002A02DBC3F80C054C
:10B03000F8E7111D01DBFC22F2E712F1080F01DB3A
:10B04000F822EDE712F10C0F01DBF422E8E712F130
:10B05000100F01DBF022E3E71432ACBFEC22D82260
:10B06000DEE76FF01500DEE700100040F8B5244D74
:10B07000244E2C78D6F85005E4B2234603292ED866
:10B08000DFE801F002181D2734B1052C10D0D6F8E6
:10B090005035003B18BF012303F0010322B128788B
:10B0A000052808BF032111700BB36FF00A00F8BD2B
:10B0B0000023F1E7421E5142514129B1F5E720F04A
:10B0C00008010429F1D00021DBB22B7089B90020DE
:10B0D000EDE7211F012994BF002101210AB9F5F7ED
:10B0E00031FE231F5C425C4114700023E5E701211F
:10B0F000EAE7044B4FF44022C3F80022E7E700BF21
:10B10000084100200010004008B5124B1868C1B972
:10B11000114B1B7813F0100F104B0CBF02221222A0
:10B120005A700F4AD278DA700E4AC2F804350123F9
:10B130001360032183689847BDE808400120FFF7AA
:10B1400059BD012901BF044A137823F0010313708C
:10B15000F2E700BFF8400020300400200941002041
:10B16000904100200010004008B5064BD3F8FC2F9A
:10B17000012A04D10022C3F8FC2FF6F701FA0020BF
:10B1800008BD00BF0010004038B5084610490C78D3
:10B19000A51E954218D88BB1214411F8014C3F2CC3
:10B1A00098BFA200A4F15D0464B294BFD2B2FF22A2
:10B1B000502CA8BF5024523C5A701C7005492A4696
:10B1C00001F028FE284638BD6FF06800FBE700BF9D
:10B1D0009041002091410020044BD3F8502522B12A
:10B1E0000022C3F8102101221A61704700100040AC
:10B1F00008B5FFF7F1FF034AD2F85035002BFBD119
:10B2000008BD00BF0010004008B503292DD8DFE8B5
:10B2100001F002172B42264B1B78DA0745D413F0B6
:10B22000020F244A0CBF4FF440234FF4C723C2F847
:10B23000003201231360204ADBB21370002008BDE6
:10B240001D4B1A7812B11B78032B2ED1FFF7D0FFBC
:10B25000184B1A4AC3F804254FF44022C3F80022C1
:10B2600001225A600323E6E70AB9F5F76BFD13786C
:10B270002BB9114B1A7812B11B78032B15D1FFF79C
:10B28000B7FF0C4B4FF44022C3F800220C4AC3F81E
:10B2900004250023CFE7FFF7ABFF064B4FF4006216
:10B2A000C3F8002201225A60F3E76FF00F00C6E7EF
:10B2B0003004002000100040084100209041002090
:10B2C0000E41002070B50C4609B9F5F73BFD094E5B
:10B2D0000025A26832B1681C6168304401F09AFD13
:10B2E000A3681D442468002CF3D1024B02351D7065
:10B2F000204670BD0E4100201D4B10B500221D4C94
:10B300001A70D4F8FC3F23B9F6F722F90123C4F8E8
:10B31000FC3FFFF761FF0F23C4F81035164BC4F84C
:10B3200014357F23C4F81835A723C4F860360020ED
:10B33000124BC4F84406C4F8483640F20223C4F85D
:10B3400034350F4BC4F83835C4F83C05D4F85036C2
:10B3500043F00103C4F850364FF44023C4F80032E0
:10B36000084B02221A60084BC4F8043310BD00BF1A
:10B37000084100200010004008000006FF0700FF01
:10B380002110010000E100E0084006000F4B10B55D
:10B3900000241C700E4B1C700E4B05221A700222EA
:10B3A0005A709C700C4A23464FF224410120FFF74B
:10B3B00037FBA04201DAF5F7C5FC0120FFF71AFCC4
:10B3C000064B2046C3F8FC4F10BD00BF9041002043
:10B3D0000E4100200941002009B10000001000408A
:10B3E000754BF0B51C68754BD3F8382185B052B158
:10B3F0000021C3F83811724B1A78012A52D1A36880
:10B400000221204698476D4BD3F8442162B10022B7
:10B41000C3F844216A4B1A78012A05D004221A7015
:10B420000521A36820469847644BD3F848216AB1A8
:10B430000022C3F84821624BA268197801294FF015
:10B4400005011970204608BF042190475B4BD3F8D3
:10B450000C21002A00F08280594D0027C3F80C719E
:10B460002A78022AD6B200F09380032E1FD0012E34
:10B4700040F09F80534A544B19781378132943F0B6
:10B4800001031370314634BF0C2228223046FFF7E7
:10B4900051FB3046FFF7A6FBA3682F70042120461E
:10B4A00098475BE01B78032BADD1A368A9E7D3F8DD
:10B4B0000034002B69D04FF6FF7302A94348ADF862
:10B4C00004306A46FDF7BDFC414B5F7879070646BC
:10B4D00005D14048022201A902F03CF858B30222EB
:10B4E000694601A802F036F828B13A4802226946B6
:10B4F00002F030F808BB022E17D13748324602A9B5
:10B5000002F028F8B8B13548324602A902F022F814
:10B51000B0FA80F040092B4B1B7813F008010ED0D5
:10B5200000232B70A3680321B9E7082E05D12C480E
:10B53000324602A9EAE70120EDE70020EBE7D0B1AF
:10B5400017F0200715D00C220120FFF7F3FA012095
:10B55000FFF748FBFFF740FE02232B70214B1B68CF
:10B560002BB1214B4FF080525A60BFF36F8F05B063
:10B57000F0BD2F70D6E7BA0703D55B0701D428705A
:10B58000D0E70E4B01229A60E8E7A368012186E725
:10B590002F70FFF721FE0B4A1378012143F00103BE
:10B5A000137008460C22FFF7C5FA0120FFF71AFBBB
:10B5B000D4E7F5F7C7FB00BFF840002000100040BB
:10B5C00008410020300400200E410020914100205D
:10B5D00090410020FC40002006410020A4ED000026
:10B5E000FE4000201005002000ED00E0024B03604B
:10B5F000024B1860704700BF88EE0000F840002042
:10B60000024A034603CA1860596070476000001080
:10B6100008B50020FFF77EF80120FFF77BF8FFF761
:10B6200043F9BDE80840FEF7B1BF10B503214FF064
:10B63000A0440D20FEF78CFF4FF40053C4F80835EA
:10B6400003210E20FEF784FF4FF48043C4F8083531
:10B6500003210F20FEF77CFF4FF40043C4F80835A8
:10B6600003211020FEF774FF4FF48033C4F808352F
:10B6700010BD0000024B0138002218605A6070476C
:10B6800018420020084909480B68094A10B54C685F
:10B69000584302FB0400A3FB0232013340EB0200DB
:10B6A000C1E9003010BD00BF184200202DF45158F0
:10B6B0002D7F954C07B504210DEB0100FEF76EFFC1
:10B6C0000198FFF7D7FF03B05DF804FB884270B51F
:10B6D000064601D3F5F736FB0D1A691EB5FA85F358
:10B6E0002942C3F11F0209D101249440013CFFF714
:10B6F000C9FF20408542FAD9304470BD1F2A04D0CA
:10B70000C3F1200301249C40F0E74FF0FF34EEE743
:10B7100070B586B004464AF27C230068ADF80C3060
:10B720000E461546FFF728F800230093217920687C
:10B73000022303AAFFF776F828B12068FFF736F84E
:10B74000012006B070BD009021792068062304AA6C
:10B75000FFF73EF80028F0D12068FFF727F846B140
:10B76000BDF813305BBA9BB242F2107253431B0C0C
:10B7700033805DB1BDF810305BBA9BB244F25C42DD
:10B7800053431B0CA3F58C53143B2B80FF23312216
:10B79000022104A8F4F7E1FD9DF8123083420DD197
:10B7A000FF23312202210DF11300F4F7D6FD9DF89D
:10B7B0001530181A18BF01204000C2E70220C0E768
:10B7C0007FB504464CF6EF030068ADF80C300E462A
:10B7D000FEF7D2FF0023009321792068022303AAF9
:10B7E000FFF720F828B12068FEF7E0FF012004B041
:10B7F00070BD009021792068022303AAFEF7E8FFBC
:10B8000005462068002DEFD1FEF7D0FFBDF80C30C3
:10B810005BBA33802846EAE707B5034600B109B9A9
:10B82000F5F790FA03C983E803000DF10601184605
:10B83000FFF7C6FF50B9BDF8060000F03F0007381B
:10B8400018BF0120400003B05DF804FB0120FAE7B7
:10B85000EFF3108372B60022017D027583F3108826
:10B8600019B18368D0E903021847704770B50646DE
:10B870000C461546FDF7A1F8037D1C430475C0E98D
:10B8800003650146BDE870408069F5F7C5BE00005C
:10B89000F8B50F4616461D460446FDF78EF8002300
:10B8A00003750360054B4360876186602A46204626
:10B8B0000349BDE8F840FDF77DB800BF51B800006E
:10B8C0006DB8000010B500B109B9F5F73BFA03688F
:10B8D0000A6893420ED1C48ACA8A94420AD1042BC0
:10B8E00008D110220431043001F034FEB0FA80F0A7
:10B8F000400910BD0020FCE76FF085007047002371
:10B900001A464FF4E1311846FFF7B2B910B50A46AE
:10B910000C4601460020FFF787FA204610BD00F1D3
:10B920002401006A00F00EB910B50446006A4369AC
:10B93000013313D000F0C9F878B1636B94F8384044
:10B94000A0FB0303C4F12001A4F12002E04003FAAC
:10B9500001F1084323FA02F2104310BD83685B68CB
:10B960009847E9E730B4436C90F840501944C36BF2
:10B97000C5F12004A1FB0313A5F12002E94003FA5D
:10B9800004F4214323FA02F20A4330BC00F12401FB
:10B99000006A00F0F0B800002DE9F04104460F46BF
:10B9A0001546002148221E4600F0B6FE1D4BA3603E
:10B9B0001D4B2762C4E90B340DB9F5F7C3F9002E0E
:10B9C000FBD03246294604F13400F5F76BFF2A46D6
:10B9D000314604F13C00F5F765FFB5424FF0FF3307
:10B9E00019D294F83850616BC5F12000A1FB031304
:10B9F00003FA00F0A5F12002E94023FA02F2014324
:10BA000011434B1C61610AD0A36820461B68BDE846
:10BA1000F04149081847B5FBF6F563616564BDE878
:10BA2000F08100BFCCEE0000E5BB000003460068DB
:10BA300038B10A6822B9D868431A58425841704749
:10BA4000012070470346006848B1416831B9026877
:10BA50001A600AB9DA6070470160704700207047C9
:10BA6000416902688368B1F1FF3F07D01B6849084C
:10BA70001AB15268914228BF1146184712B11B688B
:10BA80005168FAE79B68184738B505460C46FFF73A
:10BA9000CDFF08B9F5F756F928460246006898B177
:10BAA000A042FAD1EB68A34204D1AA4214BF1346C4
:10BAB0000023EB60236813601BB15A6861680A4475
:10BAC0005A6000232360012038BD38B5436904461D
:10BAD0000BB9F5F737F9EFF3108572B683685B6839
:10BAE00098470246D4E90510E36982423ABF013122
:10BAF000891811461B1A5818C4E9062085F31088C6
:10BB000038BD4269013201D0FFF7DFBF83685B684F
:10BB1000184738B505464468FFF7F3FF2B6833B183
:10BB2000021B00245968914203D3891A5960686046
:10BB300038BD521A5C601B68002BF8D05968002988
:10BB4000F9D0EFE7F8B505460E46EFF3108772B669
:10BB5000FFF76CFF044650B12846FFF7DAFF314685
:10BB60002846FFF791FF04462846FFF779FF87F341
:10BB700010882046F8BD2DE9F04105460E461446D2
:10BB8000EFF3108872B6FFF7C4FF31460746284628
:10BB9000FFF74CFF10B12846FFF776FF2B8AA34230
:10BBA00034BFE21A002272602B4600211C461B683B
:10BBB00083B9501A3360706093B1891A5A680A4485
:10BBC0005A6026602846FFF74BFF88F310883846F6
:10BBD000BDE8F081586808448242EAD30146E5E7AF
:10BBE000EE60EEE74369013310B5044619D0FFF764
:10BBF00088FF236883B161685B681944081A0028CC
:10BC00000FDD6169A368490881421B6828BF0146AE
:10BC10002046BDE8104018476169A36849081B68C1
:10BC2000F6E723683BB92046FFF71AFFEFF30583D9
:10BC3000DBB2BBB110BD626859680A446260002281
:10BC40005A602046FFF7FEFE0028ECD0D0E9023013
:10BC500098472046FFF7F6FE0028F7D12046FFF769
:10BC600058FFEEE7034B4FF080525A60BFF36F8FDF
:10BC7000E0E700BF00ED00E010B50A4C0A4A0B48AF
:10BC80004FF0FF33002100F063F8204600F030F859
:10BC900021460748BDE810404FF400434FF47A7244
:10BCA000FFF77ABE6842002040420F0034040020B3
:10BCB00020420020FEF726BEFEF70ABE70B50446FD
:10BCC0000D46EFF3108672B6FEF702FE022D2CBF72
:10BCD000401902300449224620F07F40FEF7FEFD65
:10BCE00086F3108870BD00BFEDBC0000FFF77ABF7F
:10BCF0000A4B10B5044683606FF07F434361FEF743
:10BD0000D3FDFEF707FE61694B1C06D0A3682046F1
:10BD10001B68BDE810404908184710BDE0EE000060
:10BD2000FFF760BF006A0021FEF7C8BE006AFEF799
:10BD3000F1BE828C8A4210B538BF0A46EFF31084F8
:10BD400072B60021006AFEF7F5FE84F3108810BD7C
:10BD500010B50446084611460A4AA26063610A4AC1
:10BD600020622346FEF75CFE08B1F4F7EBFF616941
:10BD70004B1C06D0A36820461B68BDE8104049084C
:10BD8000184710BDECEE000021BD0000F4F780BDA7
:10BD9000B0F90010F4F7AEBC10B586B0EFF3058231
:10BDA00012F0FF0201D0F4F7CDFF4FF0FF33CDE9E1
:10BDB0000132094B0493438A03928B4238BFCA1A5B
:10BDC00001AC02A90594FFF7D6FE01212046F4F745
:10BDD00029FD06B010BD00BF8DBD000070B4044E3B
:10BDE000BDF90C50C1E902631D8070BCFFF7C3BEF2
:10BDF00091BD000081F0004102E000BF83F00043EC
:10BE000030B54FEA41044FEA430594EA050F08BFF5
:10BE100090EA020F1FBF54EA000C55EA020C7FEAB9
:10BE2000645C7FEA655C00F0E2804FEA5454D4EB36
:10BE30005555B8BF6D420CDD2C4480EA020281EA00
:10BE4000030382EA000083EA010180EA020281EA38
:10BE50000303362D88BF30BD11F0004F4FEA01318A
:10BE60004FF4801C4CEA113102D0404261EB410199
:10BE700013F0004F4FEA03334CEA133302D052421F
:10BE800063EB430394EA050F00F0A780A4F10104DB
:10BE9000D5F1200E0DDB02FA0EFC22FA05F2801815
:10BEA00041F1000103FA0EF2801843FA05F35941FB
:10BEB0000EE0A5F120050EF1200E012A03FA0EFC7A
:10BEC00028BF4CF0020C43FA05F3C01851EBE371A4
:10BED00001F0004507D54FF0000EDCF1000C7EEBC1
:10BEE00000006EEB0101B1F5801F1BD3B1F5001FFF
:10BEF0000CD349085FEA30004FEA3C0C04F101041E
:10BF00004FEA445212F5800F80F09A80BCF1004F46
:10BF100008BF5FEA500C50F1000041EB045141EAC8
:10BF2000050130BD5FEA4C0C404141EB0101013C91
:10BF300028BFB1F5801FE9D291F0000F04BF014680
:10BF40000020B1FA81F308BF2033A3F10B03B3F152
:10BF500020020CDA0C3208DD02F1140CC2F10C02E2
:10BF600001FA0CF021FA02F10CE002F11402D8BF40
:10BF7000C2F1200C01FA02F120FA0CFCDCBF41EA0C
:10BF80000C019040E41AA2BF01EB0451294330BDDB
:10BF90006FEA04041F3C1CDA0C340EDC04F11404B8
:10BFA000C4F1200220FA04F001FA02F340EA03008F
:10BFB00021FA04F345EA030130BDC4F10C04C4F1D5
:10BFC000200220FA02F001FA04F340EA03002946B5
:10BFD00030BD21FA04F0294630BD94F0000F83F4FF
:10BFE000801306BF81F480110134013D4EE77FEAE2
:10BFF000645C18BF7FEA655C29D094EA050F08BF2E
:10C0000090EA020F05D054EA000C04BF194610460E
:10C0100030BD91EA030F1EBF0021002030BD5FEA52
:10C02000545C05D14000494128BF41F0004130BD7A
:10C0300014F580043CBF01F5801130BD01F00045CE
:10C0400045F0FE4141F470014FF0000030BD7FEA41
:10C05000645C1ABF194610467FEA655C1CBF0B463C
:10C06000024650EA013406BF52EA033591EA030F53
:10C0700041F4002130BD00BF90F0000F04BF00214B
:10C08000704730B54FF4806404F132044FF000057E
:10C090004FF0000150E700BF90F0000F04BF0021F7
:10C0A000704730B54FF4806404F1320410F000455D
:10C0B00048BF40424FF000013EE700BF42004FEA58
:10C0C000E2014FEA31014FEA02701FBF12F07F43D5
:10C0D00093F07F4F81F06051704732F07F4208BF8C
:10C0E000704793F07F4F04BF41F40021704730B593
:10C0F0004FF4607401F0004521F000411CE700BFDF
:10C1000050EA010208BF704730B54FF000050AE061
:10C1100050EA010208BF704730B511F0004502D562
:10C12000404261EB41014FF4806404F132045FEA64
:10C13000915C3FF4D8AE4FF003025FEADC0C18BF0D
:10C1400003325FEADC0C18BF033202EBDC02C2F1FF
:10C15000200300FA03FC20FA02F001FA03FE40EA91
:10C160000E0021FA02F11444BDE600BF11F0FF01F8
:10C17000034600F0030239D08ABB026810B501EB18
:10C18000012E0EEB0E4E8EEA0204A2F1013323EAD9
:10C190000203A4F1013222EA0402134313F0803FA8
:10C1A0000FD150F8044F84EA0E0CA4F10133ACF126
:10C1B000013223EA040322EA0C02134313F0803F06
:10C1C000EFD0037823B936E010F8013F002B32D0CE
:10C1D0009942F9D110BD8A4228D09A0729D01A78FD
:10C1E00018460133002AF6D110467047CAB90268D2
:10C1F000A2F1013323EA020313F0803F08D150F883
:10C20000042FA2F1013323EA020313F0803FF6D09A
:10C2100003785BB110F8013F002BFBD17047990701
:10C2200005D0184613F8012B002AF8D1704718469C
:10C23000DDE71846A1E7184610BD00BF80EA0102FD
:10C24000844612F0030F4FD111F0030F32D14DF895
:10C25000044D11F0040F51F8043B0BD0A3F101324F
:10C260009A4312F0803F04BF4CF8043B51F8043B62
:10C2700016D100BF51F8044BA3F101329A4312F0DA
:10C28000803FA4F101320BD14CF8043BA24312F0E1
:10C29000803F04BF51F8043B4CF8044BEAD02346DE
:10C2A0000CF8013B13F0FF0F4FEA3323F8D15DF890
:10C2B000044B704711F0010F06D011F8012B0CF858
:10C2C000012B002A08BF704711F0020FBFD031F8D0
:10C2D000022B12F0FF0F16BF2CF8022B8CF8002057
:10C2E00012F47F4FB3D1704711F8012B0CF8012BDA
:10C2F000002AF9D1704700BF70B50F4B0F4DAB420C
:10C30000A3EB050607D0B610002455F8043B013412
:10C310009847A642F9D8FEF7D3F8094D094B5E1BA2
:10C32000AB424FEAA60606D0002455F8043B013480
:10C330009847A642F9D870BD58EF000058EF0000AA
:10C3400058EF000058EF0000036A2DE9F0418468BF
:10C3500080460E46002B3BD0A3891B0717D52369C7
:10C36000ABB1013EA36816F8015F013BA360EDB1DC
:10C37000002B07DAA7699F4222462946404610DC77
:10C380000A2D0ED023685A1C22601D70EAE7214650
:10C39000404600F0DDFC0028E3D04FF0FF30BDE860
:10C3A000F08101F0B3FA0130DCD1F6E7002B09DAB5
:10C3B00022460A21404601F0A9FA0130EDD00A20B8
:10C3C000BDE8F08123680A22591C21601A70F6E743
:10C3D00000F0F4F8C0E700BF024B01461868FFF711
:10C3E000B3BF00BF5C04002000207047024A03492D
:10C3F000034800F039BC00BFAC040020E1C80000D5
:10C40000600400200C4B4168994210B5044601D0ED
:10C4100000F066FAA168094B994202D0204600F06C
:10C420005FFAE168064B994204D02046BDE810400F
:10C4300000F056BA10BD00BF88420020F042002034
:10C4400058430020002070472DE9F8432A4C2B491F
:10C45000DFF8BC90DFF8BC80294FC4F83811002504
:10C4600004230822294604F15C00264EE360C4E957
:10C470000055C4E90455A5606566A56100F04CF956
:10C48000214B63670822294604F1C400C4E9084926
:10C49000C4E90A87C4E91A55C4E91E552567C4F8DA
:10C4A000CC50C4F88050266300F036F9174BC4F81E
:10C4B000DC30294604F16803082204F59670C4F8BC
:10C4C0008830C4E92398C4E92576C4E93455C4E921
:10C4D0003855C4F8D850C4F83451C4F8E85000F0C6
:10C4E0001BF904F1D003C4E93D98C4E93F76C4F8D0
:10C4F000F030BDE8F88300BF88420020EDC30000A3
:10C5000015DA000039DA000009000100120002000B
:10C51000ADD90000D5D90000F8B5254BD3F8383196
:10C520000646002B3CD0234FD7E90134013B04D50C
:10C530001DE05A1C04F1680419D0B4F90C50013BF9
:10C54000002DF6D11C4BE360C4E90155C4E9045544
:10C5500065662560A5610822294604F15C0000F0AB
:10C56000DBF8C4E90D55C4E912552046F8BD3D6815
:10C570000DB12F46D8E74FF4D671304600F016FAC9
:10C58000044680B10423C0E900530C302946A06062
:10C590004FF4D072254600F0BFF83C602F46C3E749
:10C5A000FFF752FFBFE70C2338603360DDE700BFC1
:10C5B00088420020AC0400200100FFFF036A03B1A1
:10C5C0007047044B044AD3F838310262002BF7D18C
:10C5D0003AE700BF8842002005C40000704700BF52
:10C5E000704700BF024A0349002000F03DBB00BF76
:10C5F000AC040020E9C30000024A0349002000F017
:10C6000033BB00BFAC04002045C4000000000000A4
:10C61000000000000000000000000000000000001A
:10C62000000000000000000000000000000000000A
:10C6300000000000000000000000000000000000FA
:10C6400030B490F800F020F007016FF0000C10F00B
:10C65000070491F820F040F048804FF000046FF09C
:10C660000700D1E9002391F840F000F1080082FAB8
:10C670004CF2A4FA8CF283FA4CF3A2FA8CF34BBB83
:10C68000D1E9022382FA4CF200F10800A4FA8CF2FC
:10C6900083FA4CF3A2FA8CF3E3B9D1E9042382FACA
:10C6A0004CF200F10800A4FA8CF283FA4CF3A2FADF
:10C6B0008CF37BB9D1E9062301F1200182FA4CF217
:10C6C00000F10800A4FA8CF283FA4CF3A2FA8CF37E
:10C6D000002BC6D0002A04BF04301A4612BAB2FAA0
:10C6E00082F200EBD20030BC7047D1E9002304F0A5
:10C6F0000305C4F100004FEAC50514F0040F91F8DA
:10C7000040F00CFA05F562EA05021CBF63EA050376
:10C7100062464FF00004AAE7830730B547D0541EA5
:10C72000002A3ED0CAB2034601E0013C39D303F8E7
:10C73000012B9D07F9D1032C2CD9CDB205EB052592
:10C740000F2C05EB054535D9A4F1100222F00F0C92
:10C7500003F1100EE6444FEA121C1A46C2E90055D6
:10C76000C2E9025510327245F8D10CF1010214F001
:10C770000C0F03EB021204F00F0C13D0ACF1040306
:10C7800023F003030433134442F8045B9342FBD1C8
:10C790000CF003042CB1C9B21C4403F8011BA342E2
:10C7A000FBD130BD64461346002CF4D1F9E70346B3
:10C7B0001446C0E71A46A446E0E700BFB1F90C30C2
:10C7C0002DE9F0411E070C4680463DD44A68002AF8
:10C7D00056DDE56A002D34D00022D8F80060C8F894
:10C7E000002013F48052216A57D101234046A84704
:10C7F000451C024666D0B4F90C30E56A216A580738
:10C8000005D56368D21A636B0BB1236CD21A00236F
:10C810004046A847431C42D000236360236923603D
:10C82000A389DF0400D56065616BC8F8006041B181
:10C8300004F14403994202D0404600F037F9002346
:10C8400063630020BDE8F0810E69002EF9D09B07DC
:10C850000D6808BF4B690E6018BF0023AD1B8B60CD
:10C860000BE02B463246216AA76A4046B847B0F132
:10C87000000CA5EB0C05664406DD002DF1DCE0E7BD
:10C880000A6C002AA5DCDCE7B4F90C3043F0400365
:10C89000A3814FF0FF30BDE8F081626DAFE7D8F8BB
:10C8A0000010B4F90C301D29F0D80C4ACA40D50745
:10C8B000ECD52269226000226260DA04B4D5002936
:10C8C000B1D0B1E7D8F80030002B94D01D2B01D0A7
:10C8D000162BD9D1C8F80060B3E700BF0100402093
:10C8E0000B69B3B110B5044682B008B1036A5BB1FD
:10C8F000B1F90C3013B9002002B010BD204602B0CF
:10C90000BDE81040FFF75ABF0191FFF757FE0199AC
:10C91000EEE70020704700BFB8B138B50D4A036993
:10C92000156804462BB10DB12B6A53B1B4F90C3024
:10C930000BB9002038BD21462846BDE83840FFF736
:10C940003DBF2846FFF73AFEF0E7034A0349044893
:10C9500000F08AB95C040020AC040020E1C80000AB
:10C960006004002070B5104E336805460C46B3B124
:10C9700021462846FDF7ACFD431C0CD0C41C24F016
:10C980000304A04205D0211A2846FDF7A1FD01307D
:10C9900001D0204670BD4FF0FF34204670BD1946CF
:10C9A000FDF796FD3060E3E7C44300202DE9F8432E
:10C9B000CD1C25F0030508350C2D38BF0C25002DA6
:10C9C000064618DBA94216D8DFF8DC8000F0EEFA44
:10C9D000D8F80420A2B1144603E0636822467BB174
:10C9E0001C4623685B1BF8D40B2B1FD8944263684A
:10C9F00054D053600CE00C2333600020BDE8F88372
:10CA000029463046FFF7AEFF431C044619D00560A7
:10CA1000304600F0CDFA04F10B00231D20F0070092
:10CA2000C21A1CBF1B1AA350BDE8F88361199442B7
:10CA3000256014BF5160C8F80410635163684B60EF
:10CA4000E6E7D8F804701FB33C467F68002FFBD19F
:10CA500023683946304604EB0309FDF739FD81456B
:10CA600016D12368ED1A29463046FFF77BFF0130C7
:10CA70000ED02368D8F804202B442360536883B178
:10CA8000A34203D01A465B689C42FBD10023B0E767
:10CA90000C233360304600F08BFAAEE7C8F8043060
:10CAA000B6E7C8F80470B3E7C4430020002950D0AB
:10CAB00038B551F8043C0C1F002BB8BFE4180546EC
:10CAC00000F074FA274A13682BB1A3420CD92168ED
:10CAD000601883422CD0636028461460BDE838405B
:10CAE00000F066BAA3420FD81A465B68002BF9D152
:10CAF00011685018844217D02CD3636054602846C4
:10CB0000BDE8384000F054BA11685018A04214D063
:10CB100020D8216860188342EFD118685B68084408
:10CB2000C4E900035460EAE723680B441360E6E7B6
:10CB300018685B6808442060CDE7206801445018FD
:10CB400083421160DBD1D3E900040144C2E900143F
:10CB5000D5E770470C232B602846BDE8384000F02D
:10CB600027BA00BFC843002088420ED98B188342E1
:10CB70000BD900EB020C002A6ED0624613F801CDEF
:10CB800002F801CD9942F9D170470F2A0FD8034618
:10CB900002F1FF3C002A5FD00CF1010C013B8C44F8
:10CBA00011F8012B03F8012F6145F9D1704740EAD4
:10CBB00001039B0751D1A2F1100370B501F1200CC4
:10CBC00023F00F0501F1100E00F11004AC441B0915
:10CBD0005EF8105C44F8105C5EF80C5C44F80C5C89
:10CBE0005EF8085C44F8085C5EF8045C44F8045C99
:10CBF0000EF1100EE64504F11004E9D1013312F0F4
:10CC00000C0F01EB031102F00F0400EB031328D00B
:10CC1000043C24F003064FEA940C1E441C1F8E466D
:10CC20005EF8045B44F8045FB442F9D10CF10104EE
:10CC300002F0030203EB840301EB840102F1FF3CE9
:10CC40004AB10CF1010C013B8C4411F8012B03F8A3
:10CC5000012F6145F9D170BD704702F1FF3C0346D9
:10CC60009AE72246EAE700BF2DE9F84307468846DF
:10CC700016464FF00009D6E90154013D10D4A389AE
:10CC8000012B08D9B4F90E3001332146384602D0C1
:10CC9000C04749EA0009013D6B1C04F16804EED16C
:10CCA0003668002EE7D14846BDE8F8830000000052
:10CCB00001F0FF01102A2BDB10F0070F08D010F84D
:10CCC000013B013A8B422DD010F0070F42B3F6D151
:10CCD000F0B441EA012141EA014122F007047FF06A
:10CCE00000070023F0E80256083C85EA010586EAC1
:10CCF000010685FA47F5A3FA87F586FA47F6A5FAFD
:10CD000087F68EB9EED1F0BC01F0FF0102F0070208
:10CD100032B110F8013B013A83EA010313B1F8D1B3
:10CD20000020704701387047002D06BF3546033894
:10CD3000073815F0010F07D1013015F4807F02BFCD
:10CD4000013015F4C03F0130F0BC0138704700BF1E
:10CD500038B52F4B1B6805460C4613B11A6A002ADA
:10CD60004BD0B4F90C3018071CD5226922B313F04C
:10CD7000010107D0616900204942A060A1613AB178
:10CD8000002038BD980758BF6169A160002AF7D11B
:10CD9000190658BF1046F4D543F04003A3814FF065
:10CDA000FF3038BDD9062CD55A0712D4226943F07A
:10CDB0000803A381002ADAD103F42071B1F5007FC2
:10CDC000D5D02146284600F03BF9B4F90C30226951
:10CDD000CDE7616B51B104F14402914204D0284681
:10CDE000FFF764FEB4F90C3000226263226900216F
:10CDF000C4E9002123F02403D9E71846FFF7DEFB3E
:10CE0000AFE7092243F040032A60A381C7E700BFD0
:10CE10005C040020844641EA000313F003036DD153
:10CE2000403A41D351F8043B40F8043B51F8043BED
:10CE300040F8043B51F8043B40F8043B51F8043BF4
:10CE400040F8043B51F8043B40F8043B51F8043BE4
:10CE500040F8043B51F8043B40F8043B51F8043BD4
:10CE600040F8043B51F8043B40F8043B51F8043BC4
:10CE700040F8043B51F8043B40F8043B51F8043BB4
:10CE800040F8043B51F8043B40F8043B51F8043BA4
:10CE900040F8043B51F8043B40F8043B51F8043B94
:10CEA00040F8043B403ABDD2303211D351F8043B34
:10CEB00040F8043B51F8043B40F8043B51F8043B74
:10CEC00040F8043B51F8043B40F8043B103AEDD2E3
:10CED0000C3205D351F8043B40F8043B043AF9D234
:10CEE000043208D0D2071CBF11F8013B00F8013B07
:10CEF00001D30B8803806046704700BF082A13D314
:10CF00008B078DD010F003038AD0C3F10403D21A2B
:10CF1000DB071CBF11F8013B00F8013B80D331F85F
:10CF2000023B20F8023B7BE7043AD9D3013A11F8DF
:10CF3000013B00F8013BF9D20B7803704B7843704A
:10CF40008B788370604670472DE9F041144641B3F9
:10CF50000AB306460D4600F073FF8442074602D826
:10CF6000B4EB500F13D821463046FFF71FFD804623
:10CF700050B1BC422246294628BF3A46FFF74AFF35
:10CF800029463046FFF792FD4046BDE8F081A846AD
:10CF90004046BDE8F081A046FFF788FD4046BDE869
:10CFA000F081BDE8F0411146FFF700BD704700BFBA
:10CFB000704700BF002A3ED030B58446044608437F
:10CFC00080070B462ED1032A07D82BE0043A25D040
:10CFD0001EF0803F22D1032A22D92068194653F837
:10CFE000045BA0F1013EA842A4462EEA000E04F123
:10CFF0000404EBD09CF800000C7884421DD1E64676
:10D0000068B11EF8010F11F8014FA2EB0E03A04208
:10D0100003F1FF3311D11CEB0303F1D1002030BD2C
:10D02000A44619469CF800000C78A04205D1012ABC
:10D03000F4D0E646E4E710467047001B30BD00BF61
:10D0400070B5B1F90C300C46990796B007D504F1CC
:10D0500047030122C4E90432236016B070BDB4F95D
:10D060000E100029054629DB6A46FDF761FA002803
:10D0700022DB4FF480612846019EFFF797FC88B3BE
:10D08000A389206043F0800306F47046A381B6F5BF
:10D09000005F4FF48063C4E90403DED1B4F90E10DD
:10D0A0002846FDF74AFA0028D7D0A38923F00303C6
:10D0B00043F00103A381D0E7B4F90C3013F0800FE3
:10D0C00014BF40264FF4806631462846FFF76EFCB9
:10D0D00040B1A389206043F08003C4E90406A38122
:10D0E00016B070BDB4F90C309A05B6D423F0030322
:10D0F00004F1470243F002030121C4E90421A381A2
:10D100002260AAE770B50C46B1F90E10002996B05E
:10D1100015461E460FDB6A46FDF70AFA00280ADBB1
:10D12000019B03F47043A3F50053B3FA83F34FF468
:10D1300080625B0908E0A28912F0800F4FF00003C3
:10D1400014BF40224FF48062002033602A6016B082
:10D1500070BD00BF000000000000000000000000E3
:10D1600002780B78012A28BF9A4240F0D8806DE9F6
:10D17000044540EA0104CDE902676FF0000C4FEA74
:10D1800044721AB380EA010414F0070F6BD100F067
:10D19000070420F0070004F0030521F007014FEA1F
:10D1A000C505F0E8042314F0040FF1E804670CFA55
:10D1B00005F462EA040266EA04060BD063EA04039B
:10D1C000624667EA0407664604E000BFF0E804230D
:10D1D000F1E8046782FA4CF582EA0604A4FA8CF4BA
:10D1E0006CBB83FA4CF583EA0705A5FA8CF595B973
:10D1F00050E9022351E9026782FA4CF582EA0604FB
:10D20000A4FA8CF483FA4CF583EA0705A5FA8CF5A9
:10D210002543DBD09CB92DBAB5FA85F424F0070478
:10D2200027FA04F1DDE9026723FA04F303F0FF00B3
:10D2300001F0FF01FDE80445A0EB0100704724BAAE
:10D24000B4FA84F424F0070426FA04F1DDE9026755
:10D2500022FA04F202F0FF0001F0FF01FDE80445AC
:10D26000A0EB0100704714F0030F3CD110F0030451
:10D2700028D150F8082B51F8083B82FA4CF582EA85
:10D280000305A5FA8CF55DB950F8042C51F8043C5F
:10D2900082FA4CF582EA0305A5FA8CF5002DE8D058
:10D2A0002DBAB5FA85F424F0070423FA04F122FA22
:10D2B00004F202F0FF0001F0FF01FDE80445A0EBDD
:10D2C000010070474FEAC40420F0030050F8082B17
:10D2D00021F0030151F8083B0CFA04F462EA04025D
:10D2E00063EA0403C9E710F003041DD0A1EB0401B5
:10D2F00020F00300E40750F8042B06D012D28B78FC
:10D300005FFAA2F4E41A06D12BB1CB785FFAB2F43B
:10D31000E41A00D133B920465DF8104B7047A2EBF8
:10D320000300704701F1040150F8042BCC0721F0F1
:10D33000030151F8043B48D824D222F07F4482FAFA
:10D340004CF594EA1325A5FA8CF50AD165B951F884
:10D35000043B84EA0204B4EB036F0ED150F8042BB3
:10D36000EBE74FEA132355E035F07F454DD10878C0
:10D37000FDE80445C0F1000070474FEA126203F077
:10D38000FF0347E002EA1C4482FA4CF594EA134595
:10D39000A5FA8CF50AD165B951F8043B84EA020478
:10D3A000B4EB034F0CD150F8042BEBE74FEA1343D7
:10D3B00030E015EA1C4528D10B884FEA124229E0DB
:10D3C0004FEA124203EA1C4324E002F0FF0482FA0F
:10D3D0004CF594EA1365A5FA8CF50AD165B951F8B4
:10D3E000043B84EA0204B4EB032F09D150F8042B68
:10D3F000EBE74FEA13630DE015F0FF0F05D10B6863
:10D400004FEA122223F07F4304E04FF00000FDE8D2
:10D410000445704712BA1BBA82FA4CF482EA03043C
:10D42000A4FA8CF5B5FA85F402FA04F203FA04F3CF
:10D430004FEA1260FDE80445A0EB1360704700BF9F
:10D4400008B410B5002A9DB0044636DB4FF40273D1
:10D45000ADF814304FF000031B930291069120ABFE
:10D4600017D0013A4FF6FF7104920792ADF81610EB
:10D470001F9A019302A900F0C7FB421C01DA8B231B
:10D480002360029B00221A701DB0BDE8104001B05D
:10D4900070474FF6FF7104920792ADF816101F9A6D
:10D4A000019302A900F0B0FB431C01DA8B23236037
:10D4B0001DB0BDE8104001B070478B2303604FF0F2
:10D4C000FF30F5E70CB410B5214B00291C689CB067
:10D4D00038DB4FF000034FF402721B93ADF81420B9
:10D4E000029006901FAB18D001394FF6FF720491DD
:10D4F0000791ADF8162002A91E9A0193204600F06C
:10D5000083FB421C01DA8B232360029B00221A70EA
:10D510001CB0BDE8104002B070474FF6FF72049196
:10D520000791ADF8162002A91E9A0193204600F03B
:10D530006BFB431C01DA8B2323601CB0BDE8104059
:10D5400002B070478B2323604FF0FF30F5E700BF38
:10D550005C040020032A30B415D941EA0004A40772
:10D5600084460B4604D0541E0FE0043A032A08D91F
:10D570001946604653F8044B5CF8045BA542F4D0AE
:10D58000F1E760461946541E7AB1431E013902196B
:10D5900001E09A4209D013F8010F11F801CF60455C
:10D5A000F7D0A0EB0C0030BC7047002030BC7047B7
:10D5B0000EB400B582B003AB816853F8042B01931D
:10D5C00000F060F802B05DF804EB03B0704700BFF4
:10D5D0000FB400B5074983B004AB086853F8042BB7
:10D5E0008168019300F04EF803B05DF804EB04B0DD
:10D5F000704700BF5C0400209368013B002B9360E0
:10D6000011DA10B49469A34209DB0A2907D0136820
:10D61000581C1060197008465DF8044B70475DF89F
:10D62000044B00F073B91368581C10601970084659
:10D63000704700BF9BB1F8B5134406460F46541E11
:10D640005D1E01E0AC4208D014F8011F3A46304696
:10D65000FFF7D2FF431CF5D1F8BD0020F8BD002034
:10D66000704700BF936810B514461BB918460023D5
:10D67000636010BD00F0ECFB0023A3600023636037
:10D6800010BD00BF2DE9F04FA1B08B4691461C465E
:10D69000049018B1036A002B00F01C81BBF80C3019
:10D6A000180740F19580DBF81030002B00F09080D7
:10D6B0000023CA460D9343F22003ADF839309AF89F
:10D6C0000030864E07940127002B79D0D14604E024
:10D6D00019F8013F002B00F08580252BF8D1B9EB1C
:10D6E0000A0840F0828099F80030002B68D00023AF
:10D6F0004FF0FF32CDE9092309F1010908930B939B
:10D700008DF863301E9305E0089A07FA03F31A4375
:10D710000892A1464C46052214F8011B3046FFF73B
:10D72000C7FAA246831B0028EED1089BD90644BF46
:10D7300020228DF8632099F800101A0744BF2B228D
:10D740008DF863202A2966D1079A116804320029CE
:10D750000792C0F29A800B9199F801102E2970D08F
:10D760005F4C03222046FFF7A3FA38B1089B001B49
:10D770004022824013430AF1010A08931AF8011B60
:10D7800058488DF838100622FFF792FA002800F06A
:10D790008280554B002B69D007AA0092534B049806
:10D7A0005A4608A9AFF300800390039B013307D0CA
:10D7B0000D9B039A13440D939AF80030002B85D1EA
:10D7C000BBF80C305B060AD40D9821B0BDE8F08F91
:10D7D00004985946FFF7BCFA00283FF469AF4FF0B0
:10D7E000FF30F2E7B9EB0A08EAD00AF1FF35CDF8CD
:10D7F0001490A946049D01E0A0453ED94C465A46E6
:10D8000019F8011F2846FFF7F7FE02340130A4EB98
:10D810000A04F1D1D4E7A1F13002092A88BFCA462F
:10D820009CD80B9B00E00134217803EB830302EBCF
:10D830004303A1F13002092AF5D92E290B93A24600
:10D840008ED19AF801102A292FD1079B9AF802103D
:10D850001A6809920433002A0AF102000793B8BF3C
:10D860004FF0FF338246B8BF099379E7079B073330
:10D8700023F00703083307939AE70D99DDF8149016
:10D88000414499F800300D912FE7494243F00203DB
:10D890000B91089360E707AA0092144B04985A462C
:10D8A00008A900F0E7FC03907FE7A1F13002002314
:10D8B000092A09930AF1010A3FF652AF1AF8011F2B
:10D8C00003EB830302EB4303A1F13002092AF5D9EC
:10D8D000099345E7FEF772FEE0E600BFF8EE0000B0
:10D8E00000EF000004EF00000000000035D600004B
:10D8F00010B4054C8446134620685DF8044B0A4674
:10D900006146FFF7BFBE00BF5C040020F8B50D46BE
:10D910001446064610B1036A002B37D0A389A269CA
:10D92000A2601A0719D52369BBB122686169D31AAD
:10D93000EDB299422F4620DD0133A1680139A16083
:10D94000511C2160157062699A420DD0A389DB07D2
:10D9500001D50A2D08D03846F8BD21463046FFF7DC
:10D96000F7F938B92369E0E721463046FEF7B8FFFA
:10D970000028F0D04FF0FF37EDE721463046FEF7A4
:10D98000AFFF0028F6D122680123D6E7FEF716FE86
:10D99000C4E700BF10B4044C03460A4620685DF893
:10D9A000044B1946FFF7B2BF5C04002010B50C46CB
:10D9B000B1F90E10FCF7AAFD002803DB636D0344E8
:10D9C000636510BDA38923F48053A38110BD00BFFC
:10D9D000002070472DE9F0410C46B1F90C101F46AC
:10D9E000CB05054616460BD421F48051A1813B4658
:10D9F000B4F90E1032462846BDE8F041FCF78ABD66
:10DA0000B4F90E1002230022FCF78DFDB4F90C10BE
:10DA1000EAE700BF10B50C46B1F90E10FCF783FD24
:10DA2000B4F90C30421C0EBF23F4805343F48053EE
:10DA30006065A38110BD00BFB1F90E10FCF76EBD8B
:10DA40002DE9F0478F681D46AF420B680C4616461D
:10DA500036D8B1F90CC01CF4906F0ED13D46184673
:10DA600031462A46FFF780F8A368DF1B2368A760CA
:10DA70002B4400202360BDE8F0874A69096902EB66
:10DA800042025F1A02EBD2726B1C52103B4493426B
:10DA900092BF914699461A461CF4806F804611D079
:10DAA0001146FEF783FF824600B321693A46FFF72D
:10DAB000B1F9A38923F4906343F08003A38105E0C7
:10DAC0002F46CCE7FFF740FA824658B10AEB07032E
:10DAD000A9EB0707A760C4F810A0C4F8149023604E
:10DAE0002F46BCE721694046FEF7E0FFA3890C22E0
:10DAF00043F04003C8F800204FF0FF30A381BAE79D
:10DB00002DE9F04F9368176883B09246002B74D0CC
:10DB10004FF0000B8B680A6881460C465D4645E075
:10DB2000B4F90C3013F4906F2CD0D4E90401161A18
:10DB300001EB410202EBD272711C52102944914256
:10DB400092BF904688460A465B0539D5114648463D
:10DB5000FEF72CFF019000283DD032462169FFF7E7
:10DB600059F9A289019B22F4906242F08002A281BD
:10DB70009819A8EB0606A660C4F8148023612060FB
:10DB8000A8462E4632465946FEF7EEFFDAF8081050
:10DB9000A3682268A3EB08033244491BA3602260F8
:10DBA000CAF8081049B3D7E900B5083798461046B7
:10DBB000002DF8D09D421E46B2D2A8462E46E1E77F
:10DBC00001464846FFF7C0F903460028D0D1216935
:10DBD0004846FEF76BFFA3890C2243F04003C9F8C7
:10DBE00000204FF0FF30A38100220023CAF8082054
:10DBF000CAF8043003B0BDE8F08F00200023CAF853
:10DC0000043003B0BDE8F08F2DE9F04F1C468B893E
:10DC10001D069DB088468146934603D50B69002BAF
:10DC200000F0F1800023099343F22003ADF829307E
:10DC30009BF800307D4D03940126002B73D0DA460B
:10DC400003E01AF8013F002B75D0252BF9D1BAEB70
:10DC50000B0473D19AF80020002A64D000234FF0FF
:10DC6000FF32CDE905230AF1010A049307938DF8E9
:10DC700053301A9305E0049A06FA03F31A43049208
:10DC8000A2465446052214F8011B2846FFF710F857
:10DC9000A346431B0028EED1049BD80644BF202294
:10DCA0008DF8532019079AF8001044BF2B228DF8E5
:10DCB00053202A2950D1039A116804320029039273
:10DCC0007CDB07919AF801102E295BD0584C032277
:10DCD0002046FEF7EDFF38B1049B001B4022824036
:10DCE00013430BF1010B04931BF8011B51488DF8F2
:10DCF00028100622FEF7DCFF002865D04E4B002BD3
:10DD000055D003AA00924D4B424604A94846AFF3B2
:10DD1000008007467A1C06D0099B3B4409939BF878
:10DD20000030002B8BD1B8F80C305B067AD4099800
:10DD30001DB0BDE8F08FBAEB0B04F4D023465A4671
:10DD400041464846FFF77CFE0130ECD0099B9AF82B
:10DD50000020234409937FE7A1F13002092A88BFFC
:10DD6000D346B1D8079B00E00134217803EB83034D
:10DD700002EB4303A1F13002092AF5D92E290793BA
:10DD8000A346A3D19BF801102A2927D1039B9BF816
:10DD900002101A6805920433002A0BF10200039363
:10DDA000B8BF4FF0FF338346B8BF05938EE7039BA0
:10DDB000073323F0070308330393ADE7494243F0E9
:10DDC0000203079104937DE703AA00921B4B42468E
:10DDD00004A9484600F04EFA07469BE7A1F130023D
:10DDE0000023092A05930BF1010B3FF66FAF1BF8D7
:10DDF000011F03EB830302EB4303A1F13002092A65
:10DE0000F5D9059362E74021FEF7D0FDC8F8000080
:10DE1000C8F8100018B14023C8F8143002E70C23EA
:10DE2000C9F800304FF0FF3082E700BFF8EE000085
:10DE300000EF000004EF00000000000041DA0000E5
:10DE400051F8043C181F002BBCBF0B58C01870477A
:10DE50009368002B00F0F8802DE9F04FB1F90CC069
:10DE60001CF0080F83B0904681460C4631D00B69F8
:10DE70007BB31CF00207D8F8006038D00027D4F834
:10DE800028B0216ADFF8C4A23D4655452B463A46E4
:10DE900028BF53464846C5B1D847002840F3CA803A
:10DEA000D8F808301B1A07442D1AC8F80830002B80
:10DEB00000F0B68055452B46D4F828B0216A28BF1B
:10DEC00053463A464846002DE6D1D6E90075083655
:10DED000DBE721464846FEF73BFF002840F0AF80D5
:10DEE000B4F90CC0D8F800601CF00207C6D11CF0D1
:10DEF000010A63D12368A168574618468B46002F54
:10DF000058D01CF4007F00F0B580B9420A4600F2F8
:10DF1000E1801CF4906F2FD0216962695D1A02EBD9
:10DF2000420202EBD2726B1C52103B44934292BFEE
:10DF300093469B461A461CF4806F00F0EA80114617
:10DF40004846FEF733FD002800F0F9802A46216993
:10DF50000090FEF75FFFA289009B22F4906242F0DE
:10DF60008002A2815819ABEB0505C4F814B02361F7
:10DF7000A5602060BB463A4651460092FEF7F4FD8C
:10DF8000A1682368009AA1EB0B011A443D46A160E9
:10DF900022600027D8F808305B1BAA44C8F8083074
:10DFA000002B3DD02368A168B4F90CC018468B46FD
:10DFB000002FA6D1D6E900A708369EE73846BB4613
:10DFC0003D460097002D41D0002846D0009A206899
:10DFD000A168D4E90473AA4228BF2A46B84204D9EA
:10DFE00001EB030A524500F38580934275DC216AF8
:10DFF000A76A5A464846B847B0F1000A1ADD009BA6
:10E00000B3EB0A0300930FD00120D8F80830A3EB3C
:10E010000A03D344A5EB0A05C8F80830002BD1D178
:10E02000002003B0BDE8F08F21464846FEF758FCBB
:10E030000028EAD0B4F90C3043F04003A3814FF03C
:10E04000FF3003B0BDE8F08F00207047756833469D
:10E050000836002DFAD0D3F800B02A460A215846D7
:10E06000FEF726FE002867D00130A0EB0B030093DB
:10E070001A46ACE722699A4214D36269BA4211D8AF
:10E080006FF00043BB4228BF3B46A56A93FBF2F307
:10E09000216A02FB03F348465246A847051EC9DD24
:10E0A0007F1B77E7B94228BF39460D4618460A4616
:10E0B0005146FEF759FDA1682368491B2B44A16016
:10E0C00023600029ECD121464846FEF709FC0028D0
:10E0D000E6D0AFE7BB463A464EE759460192FEF717
:10E0E00043FD019AA3689B1AA3602368134423602D
:10E0F000924684E759465246FEF736FD236853445C
:10E10000236021464846FEF7EBFB00283FF477AF3B
:10E1100090E74846FEF718FF034600287FF422AF39
:10E1200021694846FEF7C2FCB4F90C300C22C9F84C
:10E13000002023F080037FE76A1C009247E70C224F
:10E14000B4F90C30C9F8002076E700BF00FCFF7F6F
:10E150002DE9F84F92461F460A698B68DDF8289032
:10E160009A42B8BF1A46CAF8002091F843300C46CC
:10E17000064613B10132CAF80020226891065FD525
:10E18000DAF800300233CAF80030226812F0060FC5
:10E1900011461DD1E1689942D8BF114618DD4FF0F4
:10E1A000000804F1190B05E0E568DAF80030ED1A13
:10E1B00045450CDD01235A4639463046C8470130F3
:10E1C00008F10108F0D14FF0FF30BDE8F88F216869
:10E1D00094F84330003B18BF01238A060AD5E118A2
:10E1E0005A1C302081F84300224494F8451082F8EC
:10E1F0004310023304F1430239463046C847013028
:10E20000E1D02368DAF80050216903F00603042BFB
:10E21000D4E902201BD08A4220DD4FF00008521AB8
:10E2200090441A34002501E0454517DA01232246BF
:10E2300039463046C847013005F10105F4D1C2E73F
:10E2400012F0060F0DD0003B18BF0123D2E7401B90
:10E250008A4220EAE078E2DC0028E2DC0020BDE827
:10E26000F88FE168DAF800309942D8BF114696DCA1
:10E27000AEE700BF2DE9F047174684B00A7E0C9D3B
:10E280000C460646984601F1430C002A35D0A2F10F
:10E290005803D9B2202969D8202B67D8DFE813F0BA
:10E2A000E6006600660066006600660066006600BE
:10E2B000660066006600AC007000660066006600DE
:10E2C000660070006600660066006600210083003C
:10E2D000C60066006600B600660083006600660041
:10E2E000EC002B6822686169181D286010061B6805
:10E2F00002D4520600F1E08019600023E146236158
:10E30000CDF800803B4603AA21463046FFF720FFA8
:10E31000013020D023694A4639463046C047013093
:10E3200019D02368E068DDF80C909B0718D54845A4
:10E3300016DD002504F1190A04E0E068A0EB0903EA
:10E34000AB420DDD0123524639463046C04701300D
:10E3500005F10105F1D14FF0FF3004B0BDE8F087C1
:10E360004845B8BF484604B0BDE8F08784F842206D
:10E37000012004F142090023206184F84330BFE703
:10E380002A682368111D1806296002D4590600F175
:10E3900095801068014600286268C0F29380544856
:10E3A0004FF00A0E15E020682B6810F0800F53F82C
:10E3B000041B02D1400648BF89B26F2A4C482B602B
:10E3C00014BF4FF00A0E4FF0080E0023626884F865
:10E3D0004330002AA26051DB236823F0040323604A
:10E3E00000294BD1002A7BD1E146BEF1080F56D05F
:10E3F000ACEB0903236183E72B681A6804332B60B5
:10E4000004F1420984F842200120B4E72B686268D5
:10E41000191D2960D3F8009000214846FEF748FCFA
:10E42000002863D0A0EB09006060A4E7236843F0F4
:10E430002003236078222F4884F845202A6813F0AF
:10E44000800F52F8041B03D113F0400F18BF89B29C
:10E450002A60DA0744BF43F02003236019B9236818
:10E4600023F0200323604FF0100EAEE7582384F80A
:10E4700045301F482368E1E72368DBE77546E1463E
:10E48000B1FBF5F305FB131A0A46AA4210F80A106D
:10E4900009F8011D1946F3D2BEF1080FA8D123686F
:10E4A000DD07A5D5626823699A42A1DC302309F80B
:10E4B000013C09F1FF399BE719801EE7B2F9001012
:10E4C000084668E72D20002AA26084F8430002DB9A
:10E4D00023F0040323600A2505484942AE46CEE7EF
:10E4E000037884F8423004F142097EE7606842E72D
:10E4F0000CEF000020EF0000636F6F6B6965207305
:10E50000656E736F725F6E6F6465202852494F5459
:10E51000293A2072696F7420726F6C653D534544CF
:10E5200000534854433320696E6974206661696CF6
:10E53000656420E28094206672616D65732077695E
:10E540006C6C206F6D69742074656D702F68756DCB
:10E550006964007B227473223A25752C22737263DE
:10E56000223A222573222C22726F6C65223A2225D0
:10E5700073222C2272737369223A302C22686F70D6
:10E5800073223A30002C2274656D705F63223A2545
:10E590002E32662C2268756D69645F706374223A4E
:10E5A000252E3266002C22745F6163746976655F84
:10E5B0006D73223A25752C226F73223A222573221D
:10E5C0007D0072696F740073656E736F72732F6470
:10E5D00061746100666630323A3A3100736368658F
:10E5E00064756C657228293A20737461636B206FBF
:10E5F000766572666C6F77206465746563746564B4
:10E600002C207069643D2568690A00535441434BCE
:10E61000204F564552464C4F57004641494C4544C1
:10E6200020415353455254494F4E2E00307825789F
:10E63000203D3E20006D61696E28293A20546869AA
:10E64000732069732052494F5421202856657273F4
:10E65000696F6E3A20323032342E313029006D61CC
:10E66000696E002A2A2A2052494F54206B65726E27
:10E67000656C2070616E69633A0A25730A0A002A84
:10E680002A2A2068616C7465642E0A00496E7369D9
:10E690006465206973722025640A004E4D49204844
:10E6A000414E444C4552004D454D204D414E414751
:10E6B000452048414E444C45520042555320464166
:10E6C000554C542048414E444C4552005553414707
:10E6D00045204641554C542048414E444C4552003B
:10E6E0004445425547204D4F4E2048414E444C45ED
:10E6F000520044554D4D592048414E444C4552001E
:10E700000A49535220737461636B206F7665726699
:10E710006C6F77656400537461636B20706F696E12
:10E7200074657220636F727275707465642C2072E8
:10E730006573657420746F20746F70206F6620732A
:10E740007461636B006163746976652074687265D7
:10E7500061643A202568690A000A436F6E7465781F
:10E7600074206265666F72652068617264666175A7
:10E770006C743A0020202072303A203078253038EE
:10E780006C780A20202072313A2030782530386C9D
:10E79000780A20202072323A2030782530386C7880
:10E7A0000A20202072333A2030782530386C780ADD
:10E7B0000020207231323A2030782530386C780AC7
:10E7C0002020206C723A2030782530386C780A206E
:10E7D000202070633A2030782530386C780A202069
:10E7E0007073723A2030782530386C780A0A004607
:10E7F00053522F4641523A0020434653523A20305A
:10E80000782530386C780A0020484653523A203038
:10E81000782530386C780A0020444653523A20302C
:10E82000782530386C780A0020414653523A20301F
:10E83000782530386C780A0020424641523A203020
:10E84000782530386C780A004D4D4641523A2030D8
:10E85000782530386C780A004D6973630045584359
:10E860005F5245543A2030782530386C780A0041A0
:10E870006374697665207468726561643A202568FE
:10E880006920222573220A0048617264206661753E
:10E890006C74206F6363757272656420696E2049C1
:10E8A0005352206E756D6265722025640A004174B2
:10E8B00074656D7074696E6720746F207265636F24
:10E8C0006E73747275637420737461746520666FFF
:10E8D0007220646562756767696E672E2E2E004927
:10E8E0006E204744423A0A202073657420247063E6
:10E8F0003D3078256C780A20206672616D65203085
:10E900000A202062740A000A49535220737461631A
:10E910006B206F766572666C6F7765642062792014
:10E920006174206C6561737420256420627974655C
:10E93000732E0A0048415244204641554C54204809
:10E94000414E444C45520067636F6170002F2E7733
:10E95000656C6C2D6B6E6F776E2F636F72650069DF
:10E9600070763600534C414143206E6F74206163D2
:10E97000746976617465643B2077696C6C206E6F96
:10E9800074206175746F2D636F6E6669677572654B
:10E990002049507636206164647265737320666F17
:10E9A0007220696E746572666163652025752E0A32
:10E9B0002020202055736520434F4E4649475F472E
:10E9C0004E52435F495056365F4E49425F534C4169
:10E9D00041433D3120746F206163746976617465D1
:10E9E0002E0A00676E72635F6E657469663A206313
:10E9F000616E2774207175657565207061636B6544
:10EA00007420666F722073656E64696E672C207463
:10EA100072792073656E64696E6700676E72635FFA
:10EA20006E657469663A2063616E2774207175653E
:10EA30007565207061636B657420666F7220736505
:10EA40006E64696E672C2064726F70206974006751
:10EA50006E72635F6E657469663A20696E697420D0
:10EA60002575206661696C65643A2025640A004159
:10EA70006464726573732D7265736F6C7574696FFE
:10EA80006E2073746174652D6D616368696E6520B5
:10EA90006E6F74206163746976617465642E204EB4
:10EAA00065696768626F72732066726F6D20696E48
:10EAB000746572666163652025750A77696C6C20E0
:10EAC0006E6F742062652061626C6520746F2072C5
:10EAD00065736F6C7665206164647265737320255D
:10EAE000730A2020202055736520434F4E46494726
:10EAF0005F474E52435F495056365F4E49425F4131
:10EB000052534D3D3120746F206163746976617496
:10EB1000652E0A004E45544F50545F54585F454E81
:10EB2000445F495251206E6F7420696D706C656D41
:10EB3000656E74656420627920647269766572001E
:10EB40006E7266383032313534000A21212121209D
:10EB5000676E72635F6E65747265673A20696E698D
:10EB60007469616C697A65206D657373616765208E
:10EB70007175657565206F662074687265616420C3
:10EB80002575207573696E67206D73675F696E699F
:10EB9000745F7175657565282920212121210A0A74
:10EBA00000366C6F00FF7F3F1F0F07030100676E89
:10EBB00072635F736F636B3A2064726F7070656429
:10EBC000206D65737361676520746F202570202840
:10EBD0007761732066756C6C290A00676E72635FDB
:10EBE000736F636B3A2074696D656F757420213D96
:10EBF00020302077697468696E20746865206173BD
:10EC0000796E6368726F6E6F75732063616C6C628E
:10EC100061636B206C65616420746F20756E65782C
:10EC20007065637465642064656C617973207769CD
:10EC30007468696E20746865206173796E636872A8
:10EC40006F6E6F75732068616E646C65722E0075EF
:10EC5000647000303132333435363738394142430D
:10EC60004445460030313233343536373839616205
:10EC700063646566006C327574696C3A2063616E1A
:10EC8000277420636F6E7665727420686172647792
:10EC9000617265206164647265737320746F2045CE
:10ECA00055492D363420666F722064657669636538
:10ECB00020747970652025640A006C327574696C63
:10ECC0003A2063616E277420636F6E7665727420DC
:10ECD00049494420746F20686172647761726520CD
:10ECE0006164647265737320666F7220646576690F
:10ECF000636520747970652025640A006C32757430
:10ED0000696C3A2063616E277420676574206164C2
:10ED10006472657373206C656E6774682066726FC9
:10ED20006D204E4450206C696E6B2D6C617965725C
:10ED30002061646472657373206F7074696F6E20F4
:10ED4000666F7220646576696365207479706520EA
:10ED500025640A0000000000700000000304232F57
:10ED60003031323334353637383941424344454601
:10ED70004DE9000001000000312600000000000005
:10ED8000293A110011590000B15C00006D5D0000CE
:10ED9000F1500000E1570000000000000000748402
:10EDA000630B8AF3FFFFFF02000000000000000079
:10EDB000000000000002FF02000000000000000050
:10EDC000000000000001FF02000000000000000041
:10EDD0000001FF000000FE800000000000000000B5
:10EDE0000000000000000000000000000000000023
:10EDF0000000000000010000000000000000000012
:10EE00000000000000000100C3A20000000000009C
:10EE10003BA10000D9A200001DA20000D9A1000062
:10EE200045A300009BA100006BA100000040004032
:10EE30001B1A000000009801003000401C1D00005B
:10EE400000009801FFFF0000FF000000FFFFFF002F
:10EE5000FFFFFFFF009000400303090000A00040F7
:10EE600003030A0000A0014005031A0000B001409E
:10EE700005031B000020004008060200008002403D
:10EE80002122280000000100E8430000C5B2000074
:10EE900001AF000089B1000069B10000F9B20000C3
:10EEA000FDAE000009B200006DB00000C9AE000068
:10EEB0000DAF0000F1AF000000000000CDAF00007A
:10EEC00095AF00003DAF000079AF000065B90000CC
:10EED00029B900001FB9000020420020340400209E
:10EEE000BDBC0000B9BC0000B5BC000033BD0000D3
:10EEF0002DBD000025BD0000232D302B200000007B
:10EF0000686C4C0065666745464700003031323317
:10EF10003435363738394142434445460000000015
:10EF2000303132333435363738396162636465667F
:10EF30000000000079BC0000B5B600005563000079
:10EF4000916600006D2E0000F58B0000811D000011
:08EF5000793D0000555F00004F
:08EF5800E8D6FF7F0100000074
:10EF60001000000000000000017A5200027C0E0137
:10EF70001B0C0D001C00000018000000C4D6FFFF91
:10EF8000D800000000410E088501840202490A4AA7
:10EF9000C5C4410B380000003800000014DDFFFF3D
:10EFA0009E00000000510E10840485038602870134
:10EFB0005BC7C6C5C40E004C0A420B0A420B0E10BA
:10EFC000840485038602870151C7C6C5C40E0000AC
:10EFD00014000000740000003CDEFFFF340100005C
:08EFE0000002710A430B00005E
:10EFE8003030303000000000000000000C04002029
:10EFF8000000000000000000000000000000000009
:10F0080000000000000000000000000000000000F8
:10F0180000000000000000000000000000000000E8
:10F0280000000000000000000000000000000000D8
:10F0380000000000000000000000000000000000C8
:10F0480000000000000000000000000000000000B8
:10F0580000000000000000000000000000000000A8
:10F068000000000000000000000000000000000098
:10F078000000000000000000000000000000000088
:10F088000000000000000000000000000000000078
:10F098000000000000000000000000000000000068
:10F0A8000000000000000000000000000000000058
:10F0B8000000000000000000000000000000000048
:10F0C8000000000000000000000000000000000038
:10F0D8000000000000000000000000000000000028
:10F0E8000000000000000000000000000000000018
:10F0F8000000000000000000000000000000000008
:10F1080000000000000000000000000000000000F7
:10F1180000000000000000000000000000000000E7
:10F1280000000000000000000000000000000000D7
:10F1380000000000000000000000000000000000C7
:10F1480000000000000000000000000000000000B7
:10F1580000000000000000000000000000000000A7
:10F168000000000000000000000000000000000097
:10F178000000000000000000000000000000000087
:10F188000000000000000000000000000000000077
:10F198000000000000000000000000000000000067
:10F1A8000000000000000000000000000000000057
:10F1B8000000000000000000000000000000000047
:10F1C8000000000000000000000000000000000037
:10F1D8000000000000000000000000000000000027
:10F1E80000000000000000000000000070ED0000BA
:10F1F8000100000000000000000000000000000006
:10F20800C51900000000260200000000CC430020C1
:10F2180006000000000000000000000000000000E0
:10F2280000000000000000000000000000000000D6
:10F2380000000000000000000A0000006004002038
:10F248000000000088420020F042002058430020BF
:10F2580000000000000000000000000000000000A6
:10F268000000000000000000000000000000000096
:10F278000000000000000000000000000000000086
:10F288000000000000000000000000000000000076
:0CF2980003000000884200202C21000030
:04000003000010D514
:00000001FF
